Loja,Ref. Basica,Descriçao,Saldo em Estoque,Estoque $ Custo,Estoque $ Venda,Tab Preco Custo,PV Tab Venda,PV Tab Promo,PV Tab P Original,Razão Social Fornecedor,Nome Fantasia Fornecedor,Marca,Coleção,Categoria,SubCategoria,Origem,Material,Grupo,Artigo,Modelo,Dt. Saldo,Cod. Saldo
242 - UK - RECIFE 4 - 242,2 02 17 007811,MOCASSIM COURO LOCAL I23,1,"146,9",249,"146,9",499,249,499,ART - MILLE ARTEFATOS DE COURO,ART-MILLE,UNCLE K,INVERNO 2023,CALCADOS,SAPATO,NACIONAL,COURO,MASCULINO,MOCASSIM,LOCAL COURO I23,8/10/2024,1
226 - UK - RECIFE - 226,2 02 17 007811,MOCASSIM COURO LOCAL I23,1,"146,9",249,"146,9",499,249,499,ART - MILLE ARTEFATOS DE COURO,ART-MILLE,UNCLE K,INVERNO 2023,CALCADOS,SAPATO,NACIONAL,COURO,MASCULINO,MOCASSIM,LOCAL COURO I23,11/28/2025,1
226 - UK - RECIFE - 226,2 02 06 007304,TENIS COURO SLIM,1,122,199,122,410,199,410,ART - MILLE ARTEFATOS DE COURO,ART-MILLE,UNCLE K,INVERNO 2022,CALCADOS,BOTA,NACIONAL,COURO,MASCULINO,BOTA,SLIMI22,9/10/2023,1
226 - UK - RECIFE - 226,2 02 06 007304,TENIS COURO SLIM,1,122,199,122,410,199,410,ART - MILLE ARTEFATOS DE COURO,ART-MILLE,UNCLE K,INVERNO 2022,CALCADOS,BOTA,NACIONAL,COURO,MASCULINO,BOTA,SLIMI22,3/1/2022,1
226 - UK - RECIFE - 226,2 02 17 007083,MOCASSIM CAMURCA LOCAL V22,1,112,199,112,360,199,360,ART - MILLE ARTEFATOS DE COURO,ART-MILLE,UNCLE K,VERAO 2022,CALCADOS,MOCASSIM,NACIONAL,CAMURCA,MASCULINO,MOCASSIM,LOCAL V22,10/17/2023,1
242 - UK - RECIFE 4 - 242,2 04 02 008661,COLAR METAL CV26H,3,105,327,35,109,109,109,VIRAGINI BIJOUTERIA LTDA,VIRAGINI,UNCLE K,VERAO 2026,ACESSORIOS,BIJUTERIA,NACIONAL,METAL,BIJUTERIA,COLAR,CV26HV26,12/26/2025,1
238 - UK - RECIFE 2 - 238,2 01 03 008411,BOLSA COURO 61258 V25,1,170,441,170,589,441,589,BMCG INDUSTRIA E COMERCIO DE COURO LTDA EPP,BMCG,UNCLE K,VERAO 2025,BOLSAS,BOLSA COURO,NACIONAL,COURO,BOLSAS COURO,BOLSA TRANSPASSE,61258V25,11/21/2024,1
242 - UK - RECIFE 4 - 242,2 04 13 008985,NECESSAIRE SINTETICO 70615 I26,4,184,556,46,139,139,139,BMCG INDUSTRIA E COMERCIO DE COURO LTDA EPP,BMCG,UNCLE K,INVERNO 2026,ACESSORIOS,NECESSAIRES,NACIONAL,SINTETICO,NECESSAIRES,NECESSAIRE,70615I26,3/16/2026,1
226 - UK - RECIFE - 226,2 04 07 008977,CARTEIRA COURO 70426 I26,6,540,1614,90,269,269,269,BMCG INDUSTRIA E COMERCIO DE COURO LTDA EPP,BMCG,UNCLE K,INVERNO 2026,ACESSORIOS,CARTEIRA COURO,NACIONAL,COURO,CARTEIRAS,CARTEIRA COURO,70426I26,3/4/2026,1
240 - UK - RECIFE 3 - 240,2 04 07 008977,CARTEIRA COURO 70426 I26,6,540,1614,90,269,269,269,BMCG INDUSTRIA E COMERCIO DE COURO LTDA EPP,BMCG,UNCLE K,INVERNO 2026,ACESSORIOS,CARTEIRA COURO,NACIONAL,COURO,CARTEIRAS,CARTEIRA COURO,70426I26,3/4/2026,1
240 - UK - RECIFE 3 - 240,2 03 10 008975,MOCHILA COURO 61100 I26,5,1365,4095,273,819,819,819,BMCG INDUSTRIA E COMERCIO DE COURO LTDA EPP,BMCG,UNCLE K,INVERNO 2026,MOCHILAS,MOCHILA COURO,NACIONAL,COURO,MOCHILAS/MALAS,MOCHILA,61100I26,3/13/2026,1
226 - UK - RECIFE - 226,2 03 10 008975,MOCHILA COURO 61100 I26,10,2730,8190,273,819,819,819,BMCG INDUSTRIA E COMERCIO DE COURO LTDA EPP,BMCG,UNCLE K,INVERNO 2026,MOCHILAS,MOCHILA COURO,NACIONAL,COURO,MOCHILAS/MALAS,MOCHILA,61100I26,3/16/2026,1
226 - UK - RECIFE - 226,2 01 04 008992,BOLSA NYLON 61455 V26,8,600,1752,75,219,219,219,BMCG INDUSTRIA E COMERCIO DE COURO LTDA EPP,BMCG,UNCLE K,UPCYCLING,BOLSAS,BOLSA NYLON,NACIONAL,NYLON,BOLSAS NYLON BASICO,BOLSA TRANSPASSE,61455V26,3/15/2026,1
240 - UK - RECIFE 3 - 240,2 01 04 008991,BOLSA NYLON 61454 V26,2,130,398,65,199,199,199,BMCG INDUSTRIA E COMERCIO DE COURO LTDA EPP,BMCG,UNCLE K,UPCYCLING,BOLSAS,BOLSA NYLON,NACIONAL,NYLON,BOLSAS NYLON BASICO,BOLSA TRANSPASSE,61454V26,3/20/2026,1
242 - UK - RECIFE 4 - 242,2 01 04 008990,BOLSA NYLON 61453 V26,3,210,597,70,199,199,199,BMCG INDUSTRIA E COMERCIO DE COURO LTDA EPP,BMCG,UNCLE K,UPCYCLING,BOLSAS,BOLSA NYLON,NACIONAL,NYLON,BOLSAS NYLON BASICO,BOLSA MULTIUSO,61453V26,2/13/2026,1
238 - UK - RECIFE 2 - 238,2 01 03 008988,BOLSA COURO 61459 V26,5,"438,1",1345,"87,62",269,269,269,BMCG INDUSTRIA E COMERCIO DE COURO LTDA EPP,BMCG,UNCLE K,UPCYCLING,BOLSAS,BOLSA COURO,NACIONAL,COURO,BOLSAS COURO,BOLSA TRANSPASSE,61459V26,2/18/2026,1
240 - UK - RECIFE 3 - 240,2 01 03 008988,BOLSA COURO 61459 V26,2,"175,24",538,"87,62",269,269,269,BMCG INDUSTRIA E COMERCIO DE COURO LTDA EPP,BMCG,UNCLE K,UPCYCLING,BOLSAS,BOLSA COURO,NACIONAL,COURO,BOLSAS COURO,BOLSA TRANSPASSE,61459V26,3/7/2026,1
238 - UK - RECIFE 2 - 238,2 01 03 008987,BOLSA COURO 61458 V26,2,"175,3",538,"87,65",269,269,269,BMCG INDUSTRIA E COMERCIO DE COURO LTDA EPP,BMCG,UNCLE K,UPCYCLING,BOLSAS,BOLSA COURO,NACIONAL,COURO,BOLSAS COURO,BOLSA OMBRO,61458V26,3/12/2026,1
226 - UK - RECIFE - 226,2 01 03 008987,BOLSA COURO 61458 V26,1,"87,65",269,"87,65",269,269,269,BMCG INDUSTRIA E COMERCIO DE COURO LTDA EPP,BMCG,UNCLE K,UPCYCLING,BOLSAS,BOLSA COURO,NACIONAL,COURO,BOLSAS COURO,BOLSA OMBRO,61458V26,2/22/2026,1
240 - UK - RECIFE 3 - 240,2 04 01 008907,PORTA PASSAPORTE SINTETICO 70621 I26,3,"138,6",417,"46,2",139,139,139,BMCG INDUSTRIA E COMERCIO DE COURO LTDA EPP,BMCG,UNCLE K,INVERNO 2026,ACESSORIOS,ACESSORIOS,NACIONAL,SINTETICO,ACESSORIOS,PORTA PASSAPORTE,70621I26,3/4/2026,1
240 - UK - RECIFE 3 - 240,2 01 04 008932,BOLSA NYLON 61283 I26,4,"671,84",1956,"167,96",489,489,489,BMCG INDUSTRIA E COMERCIO DE COURO LTDA EPP,BMCG,UNCLE K,INVERNO 2026,BOLSAS,BOLSA NYLON,NACIONAL,NYLON,BOLSAS NYLON BASICO,BOLSA MULTIUSO,61283I26,3/19/2026,1
242 - UK - RECIFE 4 - 242,2 01 03 008668,BOLSA COURO 61381 V26,3,"621,36",1947,"207,12",649,649,649,BMCG INDUSTRIA E COMERCIO DE COURO LTDA EPP,BMCG,UNCLE K,VERAO 2026,BOLSAS,BOLSA COURO,NACIONAL,COURO,BOLSAS COURO,BOLSA MULTIUSO,61381V26,12/17/2025,1
238 - UK - RECIFE 2 - 238,2 01 04 008665,BOLSA NYLON 61335 V26,1,"157,57",449,"157,57",449,449,449,BMCG INDUSTRIA E COMERCIO DE COURO LTDA EPP,BMCG,UNCLE K,VERAO 2026,BOLSAS,BOLSA NYLON,NACIONAL,NYLON,BOLSAS NYLON BASICO,BOLSA TRANSPASSE,61335V26,2/25/2026,1
238 - UK - RECIFE 2 - 238,2 01 04 008663,BOLSA NYLON 61282 V26,3,"435,18",1377,"145,06",459,459,459,BMCG INDUSTRIA E COMERCIO DE COURO LTDA EPP,BMCG,UNCLE K,VERAO 2026,BOLSAS,BOLSA NYLON,NACIONAL,NYLON,BOLSAS NYLON BASICO,BOLSA MULTIUSO,61282V26,12/5/2025,1
238 - UK - RECIFE 2 - 238,2 04 01 008684,BOLSA DE MAO NYLON 70416 V26,3,"123,66",297,"41,22",139,99,139,BMCG INDUSTRIA E COMERCIO DE COURO LTDA EPP,BMCG,UNCLE K,VERAO 2026,ACESSORIOS,ACESSORIOS,NACIONAL,NYLON,ACESSORIOS,BOLSA DE MAO,70416V26,3/11/2026,1
226 - UK - RECIFE - 226,2 04 01 008684,BOLSA DE MAO NYLON 70416 V26,1,"41,22",99,"41,22",139,99,139,BMCG INDUSTRIA E COMERCIO DE COURO LTDA EPP,BMCG,UNCLE K,VERAO 2026,ACESSORIOS,ACESSORIOS,NACIONAL,NYLON,ACESSORIOS,BOLSA DE MAO,70416V26,2/28/2026,1
240 - UK - RECIFE 3 - 240,2 04 01 008905,DOLEIRA NY SATIN 70578 I26,12,444,1428,37,119,119,119,BMCG INDUSTRIA E COMERCIO DE COURO LTDA EPP,BMCG,UNCLE K,INVERNO 2026,ACESSORIOS,ACESSORIOS,NACIONAL,SATIN,ACESSORIOS,DOLEIRA,70578I26,3/13/2026,1
238 - UK - RECIFE 2 - 238,2 04 01 008905,DOLEIRA NY SATIN 70578 I26,9,333,1071,37,119,119,119,BMCG INDUSTRIA E COMERCIO DE COURO LTDA EPP,BMCG,UNCLE K,INVERNO 2026,ACESSORIOS,ACESSORIOS,NACIONAL,SATIN,ACESSORIOS,DOLEIRA,70578I26,3/11/2026,1
226 - UK - RECIFE - 226,2 04 01 008904,BOLSINHA DE MAO NY SATIN 70416 I26,1,43,139,43,139,139,139,BMCG INDUSTRIA E COMERCIO DE COURO LTDA EPP,BMCG,UNCLE K,INVERNO 2026,ACESSORIOS,ACESSORIOS,NACIONAL,SATIN,ACESSORIOS,BOLSA DE MAO,70416I26,3/19/2026,1
240 - UK - RECIFE 3 - 240,2 04 01 008904,BOLSINHA DE MAO NY SATIN 70416 I26,1,43,139,43,139,139,139,BMCG INDUSTRIA E COMERCIO DE COURO LTDA EPP,BMCG,UNCLE K,INVERNO 2026,ACESSORIOS,ACESSORIOS,NACIONAL,SATIN,ACESSORIOS,BOLSA DE MAO,70416I26,3/19/2026,1
240 - UK - RECIFE 3 - 240,2 01 03 008667,BOLSA COURO 61379 V26,2,"352,28",1138,"176,14",569,569,569,BMCG INDUSTRIA E COMERCIO DE COURO LTDA EPP,BMCG,UNCLE K,VERAO 2026,BOLSAS,BOLSA COURO,NACIONAL,COURO,BOLSAS COURO,BOLSA MULTIUSO,61379V26,12/17/2025,1
226 - UK - RECIFE - 226,2 01 03 008667,BOLSA COURO 61379 V26,1,"176,14",569,"176,14",569,569,569,BMCG INDUSTRIA E COMERCIO DE COURO LTDA EPP,BMCG,UNCLE K,VERAO 2026,BOLSAS,BOLSA COURO,NACIONAL,COURO,BOLSAS COURO,BOLSA MULTIUSO,61379V26,9/10/2025,1
238 - UK - RECIFE 2 - 238,2 04 13 008680,NECESSAIRE NYLON 70266 V26,2,"69,86",138,"34,93",99,69,99,BMCG INDUSTRIA E COMERCIO DE COURO LTDA EPP,BMCG,UNCLE K,VERAO 2026,ACESSORIOS,NECESSAIRES,NACIONAL,NYLON,NECESSAIRES,NECESSAIRE,70266V26,9/2/2025,1
240 - UK - RECIFE 3 - 240,2 03 10 008710,MOCHILA COURO 61064 V26,1,"266,77",799,"266,77",799,799,799,BMCG INDUSTRIA E COMERCIO DE COURO LTDA EPP,BMCG,UNCLE K,VERAO 2026,MOCHILAS,MOCHILA COURO,NACIONAL,COURO,MOCHILAS BASICAS,MOCHILA,61064V26,10/3/2025,1
226 - UK - RECIFE - 226,2 01 03 008721,BOLSA COURO 61398 V26,1,167,559,167,559,559,559,BMCG INDUSTRIA E COMERCIO DE COURO LTDA EPP,BMCG,UNCLE K,VERAO 2026,BOLSAS,BOLSA COURO,NACIONAL,COURO,BOLSAS COURO,BOLSA MULTIUSO,61398V26,1/16/2026,1
238 - UK - RECIFE 2 - 238,2 01 03 008669,BOLSA COURO 61380 V26,1,"176,81",599,"176,81",599,599,599,BMCG INDUSTRIA E COMERCIO DE COURO LTDA EPP,BMCG,UNCLE K,VERAO 2026,BOLSAS,BOLSA COURO,NACIONAL,COURO,BOLSAS COURO,BOLSA TRANSPASSE,61380V26,9/2/2025,1
226 - UK - RECIFE - 226,2 01 03 008720,BOLSA COURO 61384 V26,1,"178,67",549,"178,67",549,549,549,BMCG INDUSTRIA E COMERCIO DE COURO LTDA EPP,BMCG,UNCLE K,VERAO 2026,BOLSAS,BOLSA COURO,NACIONAL,COURO,BOLSAS COURO,BOLSA MULTIUSO,61384V26,12/9/2025,1
240 - UK - RECIFE 3 - 240,2 01 03 008720,BOLSA COURO 61384 V26,1,"178,67",549,"178,67",549,549,549,BMCG INDUSTRIA E COMERCIO DE COURO LTDA EPP,BMCG,UNCLE K,VERAO 2026,BOLSAS,BOLSA COURO,NACIONAL,COURO,BOLSAS COURO,BOLSA MULTIUSO,61384V26,12/10/2025,1
238 - UK - RECIFE 2 - 238,2 01 03 008720,BOLSA COURO 61384 V26,1,"178,67",549,"178,67",549,549,549,BMCG INDUSTRIA E COMERCIO DE COURO LTDA EPP,BMCG,UNCLE K,VERAO 2026,BOLSAS,BOLSA COURO,NACIONAL,COURO,BOLSAS COURO,BOLSA MULTIUSO,61384V26,2/25/2026,1
242 - UK - RECIFE 4 - 242,2 03 10 008381,MOCHILA COURO 61064 V25,1,"248,05",799,"248,05",799,799,799,BMCG INDUSTRIA E COMERCIO DE COURO LTDA EPP,BMCG,UNCLE K,VERAO 2025,MOCHILAS,MOCHILA COURO,NACIONAL,COURO,MOCHILAS BASICAS,MOCHILA,61064V25,10/16/2024,1
238 - UK - RECIFE 2 - 238,2 04 13 008134,NECESSAIRE NYLON 70266 I24,2,"55,6",89,"27,8",89,"44,5",89,BMCG INDUSTRIA E COMERCIO DE COURO LTDA EPP,BMCG,UNCLE K,INVERNO 2024,ACESSORIOS,NECESSAIRES,NACIONAL,NYLON,NECESSAIRES,NECESSAIRE,70266I24,3/2/2026,1
238 - UK - RECIFE 2 - 238,2 02 18 008624,TENIS COURO RELAX I25,7,917,2933,131,419,419,419,BNM INDUSTRIA DE CALCADOS LTDA - ME,BNM,UNCLE K,INVERNO 2025,CALCADOS,TENIS,NACIONAL,COURO,CALCADOS,TENIS,RELAXI25,6/16/2025,1
240 - UK - RECIFE 3 - 240,2 02 18 008624,TENIS COURO RELAX I25,4,524,1676,131,419,419,419,BNM INDUSTRIA DE CALCADOS LTDA - ME,BNM,UNCLE K,INVERNO 2025,CALCADOS,TENIS,NACIONAL,COURO,CALCADOS,TENIS,RELAXI25,8/12/2025,1
240 - UK - RECIFE 3 - 240,2 02 18 008624,TENIS COURO RELAX I25,1,131,419,131,419,419,419,BNM INDUSTRIA DE CALCADOS LTDA - ME,BNM,UNCLE K,INVERNO 2025,CALCADOS,TENIS,NACIONAL,COURO,CALCADOS,TENIS,RELAXI25,3/16/2026,1
242 - UK - RECIFE 4 - 242,2 02 18 008624,TENIS COURO RELAX I25,1,131,419,131,419,419,419,BNM INDUSTRIA DE CALCADOS LTDA - ME,BNM,UNCLE K,INVERNO 2025,CALCADOS,TENIS,NACIONAL,COURO,CALCADOS,TENIS,RELAXI25,6/26/2025,1
242 - UK - RECIFE 4 - 242,2 02 15 008761,SANDALIA COURO BINGO V26,5,575,1895,115,379,379,379,BNM INDUSTRIA DE CALCADOS LTDA - ME,BNM,UNCLE K,VERAO 2026,CALCADOS,SANDALIA,NACIONAL,COURO,CALCADOS,SANDALIA SALTO,BINGOV26,10/24/2025,1
238 - UK - RECIFE 2 - 238,2 02 15 008761,SANDALIA COURO BINGO V26,1,115,379,115,379,379,379,BNM INDUSTRIA DE CALCADOS LTDA - ME,BNM,UNCLE K,VERAO 2026,CALCADOS,SANDALIA,NACIONAL,COURO,CALCADOS,SANDALIA SALTO,BINGOV26,3/2/2026,1
226 - UK - RECIFE - 226,2 02 15 008761,SANDALIA COURO BINGO V26,3,345,1137,115,379,379,379,BNM INDUSTRIA DE CALCADOS LTDA - ME,BNM,UNCLE K,VERAO 2026,CALCADOS,SANDALIA,NACIONAL,COURO,CALCADOS,SANDALIA SALTO,BINGOV26,10/22/2025,1
240 - UK - RECIFE 3 - 240,2 02 15 008761,SANDALIA COURO BINGO V26,2,230,758,115,379,379,379,BNM INDUSTRIA DE CALCADOS LTDA - ME,BNM,UNCLE K,VERAO 2026,CALCADOS,SANDALIA,NACIONAL,COURO,CALCADOS,SANDALIA SALTO,BINGOV26,1/7/2026,1
226 - UK - RECIFE - 226,2 02 15 008877,SANDALIA COURO RIFT I26,4,464,1516,116,379,379,379,BNM INDUSTRIA DE CALCADOS LTDA - ME,BNM,UNCLE K,INVERNO 2026,CALCADOS,SANDALIA,NACIONAL,COURO,CALCADOS,SANDALIA SALTO,RIFTI26,3/10/2026,1
226 - UK - RECIFE - 226,2 02 15 008877,SANDALIA COURO RIFT I26,1,116,379,116,379,379,379,BNM INDUSTRIA DE CALCADOS LTDA - ME,BNM,UNCLE K,INVERNO 2026,CALCADOS,SANDALIA,NACIONAL,COURO,CALCADOS,SANDALIA SALTO,RIFTI26,3/13/2026,1
226 - UK - RECIFE - 226,2 02 15 008877,SANDALIA COURO RIFT I26,20,2320,7580,116,379,379,379,BNM INDUSTRIA DE CALCADOS LTDA - ME,BNM,UNCLE K,INVERNO 2026,CALCADOS,SANDALIA,NACIONAL,COURO,CALCADOS,SANDALIA SALTO,RIFTI26,2/24/2026,1
226 - UK - RECIFE - 226,2 02 06 008876,BOTA COURO CLOUD I26,11,1518,5269,138,479,479,479,BNM INDUSTRIA DE CALCADOS LTDA - ME,BNM,UNCLE K,INVERNO 2026,CALCADOS,BOTA,NACIONAL,COURO,CALCADOS,BOTA,CLOUDI26,2/24/2026,1
226 - UK - RECIFE - 226,2 02 06 008876,BOTA COURO CLOUD I26,2,276,958,138,479,479,479,BNM INDUSTRIA DE CALCADOS LTDA - ME,BNM,UNCLE K,INVERNO 2026,CALCADOS,BOTA,NACIONAL,COURO,CALCADOS,BOTA,CLOUDI26,3/10/2026,1
238 - UK - RECIFE 2 - 238,2 02 06 008876,BOTA COURO CLOUD I26,2,276,958,138,479,479,479,BNM INDUSTRIA DE CALCADOS LTDA - ME,BNM,UNCLE K,INVERNO 2026,CALCADOS,BOTA,NACIONAL,COURO,CALCADOS,BOTA,CLOUDI26,3/18/2026,1
242 - UK - RECIFE 4 - 242,2 02 17 008324,MOCASSIM COURO UNO V25,1,"121,8",399,"121,8",399,399,399,GRULLER & CASTRO LTDA - ME,GRULLER,UNCLE K,VERAO 2025,CALCADOS,SAPATO,NACIONAL,COURO,CALCADOS,MOCASSIM,UNOV25,2/10/2025,1
226 - UK - RECIFE - 226,2 02 17 008153,MOCASSIM COURO NEON I24,2,220,738,110,369,369,369,GRULLER & CASTRO LTDA - ME,GRULLER,UNCLE K,INVERNO 2024,CALCADOS,SAPATO,NACIONAL,COURO,CALCADOS,MOCASSIM,NEONI24,8/13/2025,1
226 - UK - RECIFE - 226,2 02 17 008153,MOCASSIM COURO NEON I24,1,110,369,110,369,369,369,GRULLER & CASTRO LTDA - ME,GRULLER,UNCLE K,INVERNO 2024,CALCADOS,SAPATO,NACIONAL,COURO,CALCADOS,MOCASSIM,NEONI24,2/19/2026,1
238 - UK - RECIFE 2 - 238,2 02 17 008612,SAPATO COURO YORK I25,1,132,429,132,429,429,429,GRULLER & CASTRO LTDA - ME,GRULLER,UNCLE K,INVERNO 2025,CALCADOS,SAPATO SALTO,NACIONAL,COURO,CALCADOS,SAPATO SALTO,YORKI25,4/1/2025,1
226 - UK - RECIFE - 226,2 02 15 008148,PLATAFORMA NAPA VEG PLATZ I24,1,121,"194,5",121,389,"194,5",389,CAMILA FERRAZ IND. E COM. DE CALCADOS LTDA - EPP,CAMILA FERRAZ - CALCADOS BERVAL,UNCLE K,INVERNO 2024,CALCADOS,SANDALIA,NACIONAL,NAPA VEGGIE,CALCADOS,PLATAFORMA,PLATZI24,2/12/2025,1
242 - UK - RECIFE 4 - 242,2 02 15 007122,SANDALIA SINTETICO SULA V22,1,"71,5",59,"71,5",229,59,229,CAMILA FERRAZ IND. E COM. DE CALCADOS LTDA - EPP,CAMILA FERRAZ - CALCADOS BERVAL,UNCLE K,ANTIGA,CALCADOS,SANDALIA,NACIONAL,SINTETICO,CALCADOS,SANDALIA PLATAFORMA ,SULA V22,9/19/2023,1
240 - UK - RECIFE 3 - 240,02 000004,MATERIAL CONSUMO SACO EM TNT,950,,,,,0,,MAD AND MAIDEN CONFECCOES LTDA - ME,MAD AND MAIDEN,,,,,,,,,,3/11/2026,1
238 - UK - RECIFE 2 - 238,02 000004,MATERIAL CONSUMO SACO EM TNT,539,,,,,0,,MAD AND MAIDEN CONFECCOES LTDA - ME,MAD AND MAIDEN,,,,,,,,,,3/16/2026,1
242 - UK - RECIFE 4 - 242,02 000004,MATERIAL CONSUMO SACO EM TNT,600,,,,,0,,MAD AND MAIDEN CONFECCOES LTDA - ME,MAD AND MAIDEN,,,,,,,,,,2/4/2026,1
226 - UK - RECIFE - 226,02 000005,MATERIAL CONSUMO SACO EM TNT GUARDA CHUVA,18,,,,,0,,MAD AND MAIDEN CONFECCOES LTDA - ME,MAD AND MAIDEN,,,,,,,,,,3/10/2026,1
226 - UK - RECIFE - 226,02 000002,MATERIAL CONSUMO SACOLA UNCLE K OFF SET,1666,,,,,0,,GREENPACK ACABAMENTOS GRAFICOS LTDA. - ME,BLUE PACK,,,,,,,,,,3/10/2026,1
226 - UK - RECIFE - 226,02 000002,MATERIAL CONSUMO SACOLA UNCLE K OFF SET,237,"836,61",,"3,53",,0,,GREENPACK ACABAMENTOS GRAFICOS LTDA. - ME,BLUE PACK,,,,,,,,,,3/10/2026,1
240 - UK - RECIFE 3 - 240,2 02 15 008010,SANDALIA NAPA VEGGIE DECK V24,1,125,159,125,379,159,379,BELLE MODAS IND. E  COM. CALCADOS LTDA,ANA AGUIAR,UNCLE K,VERAO 2024,CALCADOS,SANDALIA,NACIONAL,NAPA VEGGIE,CALCADOS,PAPETE,DECKV24,8/23/2025,1
242 - UK - RECIFE 4 - 242,2 04 13 008984,ORGANIZADOR NY SATIN 70559 I26,7,"429,8",1323,"61,4",189,189,189,"CAJU BOLSAS, SAPATOS E ACESSORIOS LTDA.",OPERA - TARSILA,UNCLE K,INVERNO 2026,ACESSORIOS,NECESSAIRES,NACIONAL,SATIN,NECESSAIRES,NECESSAIRE,70559I26,3/16/2026,1
238 - UK - RECIFE 2 - 238,2 04 13 008984,ORGANIZADOR NY SATIN 70559 I26,5,307,945,"61,4",189,189,189,"CAJU BOLSAS, SAPATOS E ACESSORIOS LTDA.",OPERA - TARSILA,UNCLE K,INVERNO 2026,ACESSORIOS,NECESSAIRES,NACIONAL,SATIN,NECESSAIRES,NECESSAIRE,70559I26,3/18/2026,1
242 - UK - RECIFE 4 - 242,2 01 05 008699,BOLSA NY SATIN 61372 V26,1,105,349,105,349,349,349,"CAJU BOLSAS, SAPATOS E ACESSORIOS LTDA.",OPERA - TARSILA,UNCLE K,VERAO 2026,BOLSAS,BOLSA OUTROS,NACIONAL,SATIN,BOLSAS ESPECIAIS,BOLSA OMBRO,61372V26,8/27/2025,1
226 - UK - RECIFE - 226,2 01 05 008698,BOLSA NY SATIN 61371 V26,2,258,738,129,369,369,369,"CAJU BOLSAS, SAPATOS E ACESSORIOS LTDA.",OPERA - TARSILA,UNCLE K,VERAO 2026,BOLSAS,BOLSA OUTROS,NACIONAL,SATIN,BOLSAS ESPECIAIS,BOLSA TRANSPASSE,61371V26,1/30/2026,1
240 - UK - RECIFE 3 - 240,2 01 03 008696,BOLSA COURO 61401 V26,1,122,429,122,429,429,429,"CAJU BOLSAS, SAPATOS E ACESSORIOS LTDA.",OPERA - TARSILA,UNCLE K,VERAO 2026,BOLSAS,BOLSA COURO,NACIONAL,COURO,BOLSAS COURO,BOLSA TRANSPASSE,61401V26,1/8/2026,1
240 - UK - RECIFE 3 - 240,2 01 03 008694,BOLSA COURO 61107 V26,1,167,599,167,599,599,599,"CAJU BOLSAS, SAPATOS E ACESSORIOS LTDA.",OPERA - TARSILA,UNCLE K,VERAO 2026,BOLSAS,BOLSA COURO,NACIONAL,COURO,BOLSAS COURO,BOLSA MULTIUSO,61107V26,3/5/2026,1
240 - UK - RECIFE 3 - 240,2 01 03 008694,BOLSA COURO 61107 V26,1,167,599,167,599,599,599,"CAJU BOLSAS, SAPATOS E ACESSORIOS LTDA.",OPERA - TARSILA,UNCLE K,VERAO 2026,BOLSAS,BOLSA COURO,NACIONAL,COURO,BOLSAS COURO,BOLSA MULTIUSO,61107V26,2/11/2026,1
242 - UK - RECIFE 4 - 242,2 01 05 008964,BOLSA PU NOBUCK 61329 I26,2,160,558,80,279,279,279,"CAJU BOLSAS, SAPATOS E ACESSORIOS LTDA.",OPERA - TARSILA,UNCLE K,INVERNO 2026,BOLSAS,BOLSA OUTROS,NACIONAL,PU NOBUCK,BOLSAS PU,BOLSA MULTIUSO,61329I26,2/24/2026,1
242 - UK - RECIFE 4 - 242,2 01 05 008954,BOLSA NY SATIN 61441 I26,5,484,1595,"96,8",319,319,319,"CAJU BOLSAS, SAPATOS E ACESSORIOS LTDA.",OPERA - TARSILA,UNCLE K,INVERNO 2026,BOLSAS,BOLSA OUTROS,NACIONAL,SATIN,BOLSAS ESPECIAIS,BOLSA MULTIUSO,61441I26,3/16/2026,1
238 - UK - RECIFE 2 - 238,2 01 05 008953,BOLSA NY SATIN 61426 I26,5,465,1495,93,299,299,299,"CAJU BOLSAS, SAPATOS E ACESSORIOS LTDA.",OPERA - TARSILA,UNCLE K,INVERNO 2026,BOLSAS,BOLSA OUTROS,NACIONAL,SATIN,BOLSAS ESPECIAIS,BOLSA MULTIUSO,61426I26,3/18/2026,1
242 - UK - RECIFE 4 - 242,2 01 03 008936,BOLSA COURO 61430 I26,6,963,2814,"160,5",469,469,469,"CAJU BOLSAS, SAPATOS E ACESSORIOS LTDA.",OPERA - TARSILA,UNCLE K,INVERNO 2026,BOLSAS,BOLSA COURO,NACIONAL,COURO,BOLSAS COURO,BOLSA TRANSPASSE,61430I26,3/16/2026,1
240 - UK - RECIFE 3 - 240,2 01 03 008935,BOLSA COURO 61300 I26,12,2388,7188,199,599,599,599,"CAJU BOLSAS, SAPATOS E ACESSORIOS LTDA.",OPERA - TARSILA,UNCLE K,INVERNO 2026,BOLSAS,BOLSA COURO,NACIONAL,COURO,BOLSAS COURO,BOLSA TRANSPASSE,61300I26,3/16/2026,1
242 - UK - RECIFE 4 - 242,2 01 03 008650,BOLSA COURO 61386 V26,1,148,499,148,499,499,499,"CAJU BOLSAS, SAPATOS E ACESSORIOS LTDA.",OPERA - TARSILA,UNCLE K,VERAO 2026,BOLSAS,BOLSA COURO,NACIONAL,COURO,BOLSAS COURO,BOLSA OMBRO,61386V26,1/23/2026,1
242 - UK - RECIFE 4 - 242,2 04 01 008686,POCHETE NY SATIN 70602 V26,1,84,269,84,269,269,269,"CAJU BOLSAS, SAPATOS E ACESSORIOS LTDA.",OPERA - TARSILA,UNCLE K,VERAO 2026,ACESSORIOS,ACESSORIOS,NACIONAL,SATIN,ACESSORIOS,POCHETE,70602V26,10/24/2025,1
240 - UK - RECIFE 3 - 240,2 01 05 008522,BOLSA NY SATIN 61285 I25,1,110,389,110,389,389,389,"CAJU BOLSAS, SAPATOS E ACESSORIOS LTDA.",OPERA - TARSILA,UNCLE K,INVERNO 2025,BOLSAS,BOLSA OUTROS,NACIONAL,SATIN,BOLSAS ESPECIAIS,BOLSA OMBRO,61285I25,3/14/2026,1
226 - UK - RECIFE - 226,2 01 05 008673,BOLSA PU 61264 V26,1,53,189,53,189,189,189,"CAJU BOLSAS, SAPATOS E ACESSORIOS LTDA.",OPERA - TARSILA,UNCLE K,VERAO 2026,BOLSAS,BOLSA OUTROS,NACIONAL,PU,BOLSAS PU,BOLSA TRANSPASSE,61264V26,3/6/2026,1
226 - UK - RECIFE - 226,2 01 05 008671,BOLSA PU 61397 V26,1,97,329,97,329,329,329,"CAJU BOLSAS, SAPATOS E ACESSORIOS LTDA.",OPERA - TARSILA,UNCLE K,VERAO 2026,BOLSAS,BOLSA OUTROS,NACIONAL,PU,BOLSAS PU,BOLSA OMBRO,61397V26,10/6/2025,1
240 - UK - RECIFE 3 - 240,2 01 03 008509,BOLSA COURO 61107 I25,1,165,569,165,569,569,569,"CAJU BOLSAS, SAPATOS E ACESSORIOS LTDA.",OPERA - TARSILA,UNCLE K,INVERNO 2025,BOLSAS,BOLSA COURO,NACIONAL,COURO,BOLSAS COURO,BOLSA MULTIUSO,61107I25,7/14/2025,1
240 - UK - RECIFE 3 - 240,2 01 03 008635,BOLSA COURO 61261 I25,1,160,559,160,559,559,559,"CAJU BOLSAS, SAPATOS E ACESSORIOS LTDA.",OPERA - TARSILA,UNCLE K,INVERNO 2025,BOLSAS,BOLSA COURO,NACIONAL,COURO,BOLSAS COURO,BOLSA OMBRO,61261I25,3/5/2026,1
226 - UK - RECIFE - 226,2 04 13 008653,NECESSAIRE NY SATIN 70546 V26,2,90,278,45,139,139,139,"CAJU BOLSAS, SAPATOS E ACESSORIOS LTDA.",OPERA - TARSILA,UNCLE K,VERAO 2026,ACESSORIOS,NECESSAIRES,NACIONAL,SATIN,NECESSAIRES,NECESSAIRE,70546V26,3/6/2026,1
242 - UK - RECIFE 4 - 242,2 04 13 008653,NECESSAIRE NY SATIN 70546 V26,2,90,278,45,139,139,139,"CAJU BOLSAS, SAPATOS E ACESSORIOS LTDA.",OPERA - TARSILA,UNCLE K,VERAO 2026,ACESSORIOS,NECESSAIRES,NACIONAL,SATIN,NECESSAIRES,NECESSAIRE,70546V26,3/19/2026,1
242 - UK - RECIFE 4 - 242,2 04 13 008729,NECESSAIRE CRISTAL/ESTAMPA 70600 V26,1,"36,5",129,"36,5",129,129,129,"CAJU BOLSAS, SAPATOS E ACESSORIOS LTDA.",OPERA - TARSILA,UNCLE K,VERAO 2026,ACESSORIOS,NECESSAIRES,NACIONAL,CRISTAL/NY ESTAMPADO,NECESSAIRES,NECESSAIRE,70600V26,3/13/2026,1
238 - UK - RECIFE 2 - 238,2 01 05 008722,BOLSA LONA 61202 V26,1,81,259,81,259,259,259,"CAJU BOLSAS, SAPATOS E ACESSORIOS LTDA.",OPERA - TARSILA,UNCLE K,VERAO 2026,BOLSAS,BOLSA OUTROS,NACIONAL,LONA,BOLSAS ESPECIAIS,BOLSA OMBRO,61202V26,2/27/2026,1
238 - UK - RECIFE 2 - 238,2 03 12 008184,MOCHILA VELA 61194 UK REVELA,1,114,399,114,399,399,399,"CAJU BOLSAS, SAPATOS E ACESSORIOS LTDA.",OPERA - TARSILA,UNCLE K,UK REVELA,MOCHILAS,MOCHILA OUTROS,NACIONAL,VELA,MOCHILAS/MALAS,MOCHILA,61194UKREVELA,3/13/2026,1
226 - UK - RECIFE - 226,2 04 01 007447,POCHETE BIKE NYLON 70447 V23,3,150,237,50,179,79,179,"CAJU BOLSAS, SAPATOS E ACESSORIOS LTDA.",OPERA - TARSILA,UNCLE K,VERAO 2023,ACESSORIOS,ACESSORIOS,NACIONAL,NYLON,ACESSORIOS,POCHETE,70447V23,9/1/2023,1
238 - UK - RECIFE 2 - 238,2 01 04 007402,BOLSA NY. MATELASSE 60911 I22,1,97,219,97,319,219,319,"CAJU BOLSAS, SAPATOS E ACESSORIOS LTDA.",OPERA - TARSILA,UNCLE K,INVERNO 2022,BOLSAS,BOLSA NYLON,NACIONAL,NYLON MATELASSE,BOLSAS ESPECIAIS,BOLSA OMBRO,60911I22,1/2/2024,1
242 - UK - RECIFE 4 - 242,2 04 02 008500,COLAR METAL CI25L,5,150,545,30,109,109,109,SRR COUTINHO COMERCIO DE BIJUTERIAS EM GERAL ME,SANDRA BIJOUX,UNCLE K,INVERNO 2025,ACESSORIOS,BIJUTERIA,NACIONAL,METAL,BIJUTERIA,COLAR,CI25L,3/17/2026,1
238 - UK - RECIFE 2 - 238,2 04 02 008497,COLAR METAL CI25I,2,56,138,28,99,69,99,SRR COUTINHO COMERCIO DE BIJUTERIAS EM GERAL ME,SANDRA BIJOUX,UNCLE K,INVERNO 2025,ACESSORIOS,BIJUTERIA,NACIONAL,METAL,BIJUTERIA,COLAR,CI25I,11/21/2025,1
226 - UK - RECIFE - 226,2 04 02 007484,CORDINHA PARA OCULOS FITA CV23D,5,"83,5",195,"16,7",59,39,59,SRR COUTINHO COMERCIO DE BIJUTERIAS EM GERAL ME,SANDRA BIJOUX,UNCLE K,VERAO 2023,ACESSORIOS,BIJUTERIA,NACIONAL,FITA,BIJUTERIA,CORDINHA PARA OCULOS,CV23D,12/14/2024,1
226 - UK - RECIFE - 226,2 04 02 007488,CORDINHA P/ OCULOS CORDA CV23H,4,"66,8",116,"16,7",59,29,59,SRR COUTINHO COMERCIO DE BIJUTERIAS EM GERAL ME,SANDRA BIJOUX,UNCLE K,VERAO 2023,ACESSORIOS,BIJUTERIA,NACIONAL,RESINA/CORDA,BIJUTERIA,COLAR,CV23H,3/6/2026,1
226 - UK - RECIFE - 226,2 02 14 008757,RASTEIRA NOBUCK VEG OASIS V26,1,"59,9",199,"59,9",199,199,199,CALCADOS PERTHO LTDA-ME,NICOLLI ROSSETTI,UNCLE K,VERAO 2026,CALCADOS,SANDALIA  RASTEIRA,NACIONAL,NOBUCK VEGGIE,CALCADOS,RASTEIRA,OASISV26,1/24/2026,1
226 - UK - RECIFE - 226,2 02 14 008757,RASTEIRA NOBUCK VEG OASIS V26,1,"59,9",199,"59,9",199,199,199,CALCADOS PERTHO LTDA-ME,NICOLLI ROSSETTI,UNCLE K,VERAO 2026,CALCADOS,SANDALIA  RASTEIRA,NACIONAL,NOBUCK VEGGIE,CALCADOS,RASTEIRA,OASISV26,3/3/2026,1
240 - UK - RECIFE 3 - 240,2 02 14 008756,RASTEIRA NAPA VEG WOOD V26,1,41,149,41,149,149,149,CALCADOS PERTHO LTDA-ME,NICOLLI ROSSETTI,UNCLE K,VERAO 2026,CALCADOS,SANDALIA  RASTEIRA,NACIONAL,NAPA VEGGIE,CALCADOS,RASTEIRA,WOODV26,1/26/2026,1
238 - UK - RECIFE 2 - 238,2 02 14 008750,RASTEIRA NOBUCK VEG JARDIN V26,3,138,387,46,159,129,159,CALCADOS PERTHO LTDA-ME,NICOLLI ROSSETTI,UNCLE K,VERAO 2026,CALCADOS,SANDALIA  RASTEIRA,NACIONAL,NOBUCK VEGGIE,CALCADOS,RASTEIRA,JARDINV26,3/2/2026,1
238 - UK - RECIFE 2 - 238,2 02 14 008775,RASTEIRA VEGGIE SPRING V26,6,"251,4",834,"41,9",139,139,139,CALCADOS PERTHO LTDA-ME,NICOLLI ROSSETTI,UNCLE K,VERAO 2026,CALCADOS,SANDALIA  RASTEIRA,NACIONAL,VEGGIE,CALCADOS,RASTEIRA,SPRINGV26,3/14/2026,1
226 - UK - RECIFE - 226,2 02 14 008775,RASTEIRA VEGGIE SPRING V26,2,"83,8",278,"41,9",139,139,139,CALCADOS PERTHO LTDA-ME,NICOLLI ROSSETTI,UNCLE K,VERAO 2026,CALCADOS,SANDALIA  RASTEIRA,NACIONAL,VEGGIE,CALCADOS,RASTEIRA,SPRINGV26,1/24/2026,1
240 - UK - RECIFE 3 - 240,2 02 14 008775,RASTEIRA VEGGIE SPRING V26,1,"41,9",139,"41,9",139,139,139,CALCADOS PERTHO LTDA-ME,NICOLLI ROSSETTI,UNCLE K,VERAO 2026,CALCADOS,SANDALIA  RASTEIRA,NACIONAL,VEGGIE,CALCADOS,RASTEIRA,SPRINGV26,3/11/2026,1
226 - UK - RECIFE - 226,2 02 14 008775,RASTEIRA VEGGIE SPRING V26,2,"83,8",278,"41,9",139,139,139,CALCADOS PERTHO LTDA-ME,NICOLLI ROSSETTI,UNCLE K,VERAO 2026,CALCADOS,SANDALIA  RASTEIRA,NACIONAL,VEGGIE,CALCADOS,RASTEIRA,SPRINGV26,3/3/2026,1
240 - UK - RECIFE 3 - 240,2 02 14 008774,RASTEIRA CAMURCA VEG CINQ V26,1,"39,9",139,"39,9",139,139,139,CALCADOS PERTHO LTDA-ME,NICOLLI ROSSETTI,UNCLE K,VERAO 2026,CALCADOS,SANDALIA  RASTEIRA,NACIONAL,CAMURCA VEGGIE,CALCADOS,RASTEIRA,CINQV26,2/20/2026,1
238 - UK - RECIFE 2 - 238,2 02 15 008881,RASTEIRA NAPA VEG FISHY I26,18,1017,3582,"56,5",199,199,199,CALCADOS PERTHO LTDA-ME,NICOLLI ROSSETTI,UNCLE K,INVERNO 2026,CALCADOS,SANDALIA,NACIONAL,NAPA VEGGIE,CALCADOS,RASTEIRA,FISHYI26,3/18/2026,1
242 - UK - RECIFE 4 - 242,2 02 16 008739,SAPATILHA NOBUCK VEG BOTANIK V26,1,53,139,53,179,139,179,CALCADOS PERTHO LTDA-ME,NICOLLI ROSSETTI,UNCLE K,VERAO 2026,CALCADOS,SAPATILHA,NACIONAL,NOBUCK VEGGIE,CALCADOS,SAPATILHA,BOTANIKV26,3/3/2026,1
226 - UK - RECIFE - 226,2 02 15 008868,RASTEIRA NAPA VEG IKEBANA I26,9,414,1431,46,159,159,159,CALCADOS PERTHO LTDA-ME,NICOLLI ROSSETTI,UNCLE K,INVERNO 2026,CALCADOS,SANDALIA,NACIONAL,NAPA VEGGIE,CALCADOS,RASTEIRA,IKEBANAI26,2/11/2026,1
238 - UK - RECIFE 2 - 238,2 02 15 008868,RASTEIRA NAPA VEG IKEBANA I26,1,46,159,46,159,159,159,CALCADOS PERTHO LTDA-ME,NICOLLI ROSSETTI,UNCLE K,INVERNO 2026,CALCADOS,SANDALIA,NACIONAL,NAPA VEGGIE,CALCADOS,RASTEIRA,IKEBANAI26,2/24/2026,1
240 - UK - RECIFE 3 - 240,2 02 15 008868,RASTEIRA NAPA VEG IKEBANA I26,2,92,318,46,159,159,159,CALCADOS PERTHO LTDA-ME,NICOLLI ROSSETTI,UNCLE K,INVERNO 2026,CALCADOS,SANDALIA,NACIONAL,NAPA VEGGIE,CALCADOS,RASTEIRA,IKEBANAI26,3/10/2026,1
226 - UK - RECIFE - 226,2 04 07 008978,CARTEIRA COURO 70499 I26,17,"926,5",2873,"54,5",169,169,169,MARJU INDUSTRIA E COMERCIO DE COURO EIRELI,MARJU,UNCLE K,INVERNO 2026,ACESSORIOS,CARTEIRA COURO,NACIONAL,COURO,CARTEIRAS,CARTEIRA COURO,70499I26,3/4/2026,1
238 - UK - RECIFE 2 - 238,2 04 01 008473,BOLSINHA DE MAO NY 70416 I25,1,"39,98",99,"39,98",139,99,139,MARJU INDUSTRIA E COMERCIO DE COURO EIRELI,MARJU,UNCLE K,INVERNO 2025,ACESSORIOS,ACESSORIOS,NACIONAL,NYLON,ACESSORIOS,BOLSA DE MAO,70416I25,2/25/2026,1
242 - UK - RECIFE 4 - 242,2 04 01 008285,ALCA COURO 70573 V25,1,"35,42",129,"35,42",129,129,129,MARJU INDUSTRIA E COMERCIO DE COURO EIRELI,MARJU,UNCLE K,VERAO 2025,ACESSORIOS,ACESSORIOS,NACIONAL,COURO,ACESSORIOS,ALCA DE BOLSA,70573V25,3/3/2026,1
238 - UK - RECIFE 2 - 238,2 04 19 008582,CARTEIRA SINTETICO 70533 I25,3,"254,13",447,"84,71",219,149,219,MARJU INDUSTRIA E COMERCIO DE COURO EIRELI,MARJU,UNCLE K,INVERNO 2025,ACESSORIOS,CARTEIRAS,NACIONAL,SINTETICO,CARTEIRAS,CARTEIRA,70533I25,10/4/2025,1
240 - UK - RECIFE 3 - 240,2 04 01 008642,BAG CHARMS COURO 70588 V26,1,"28,28",59,"28,28",89,59,89,MARJU INDUSTRIA E COMERCIO DE COURO EIRELI,MARJU,UNCLE K,VERAO 2026,ACESSORIOS,ACESSORIOS,NACIONAL,COURO,ACESSORIOS,CHAVEIRO,70588V26,12/17/2025,1
242 - UK - RECIFE 4 - 242,2 04 01 008641,KIT SORRISO COURO 70217 V26,1,52,119,52,159,119,159,MARJU INDUSTRIA E COMERCIO DE COURO EIRELI,MARJU,UNCLE K,VERAO 2026,ACESSORIOS,ACESSORIOS,NACIONAL,COURO,ACESSORIOS,KIT SORRISO,70217V26,12/23/2025,1
240 - UK - RECIFE 3 - 240,2 04 01 008640,PORTA PASSAPORTE COURO 70350 V26,1,53,119,53,159,119,159,MARJU INDUSTRIA E COMERCIO DE COURO EIRELI,MARJU,UNCLE K,VERAO 2026,ACESSORIOS,ACESSORIOS,NACIONAL,COURO,ACESSORIOS,PORTA PASSAPORTE,70350V26,3/7/2026,1
238 - UK - RECIFE 2 - 238,2 04 01 008908,BAG CHARM SINTETICO 70622 I26,6,168,534,28,89,89,89,MARJU INDUSTRIA E COMERCIO DE COURO EIRELI,MARJU,UNCLE K,INVERNO 2026,ACESSORIOS,ACESSORIOS,NACIONAL,SINTETICO,ACESSORIOS,CHAVEIRO,70622I26,3/4/2026,1
238 - UK - RECIFE 2 - 238,2 04 01 008331,CHAVEIRO COURO 70552 V25,1,23,69,23,69,69,69,MARJU INDUSTRIA E COMERCIO DE COURO EIRELI,MARJU,UNCLE K,VERAO 2025,ACESSORIOS,ACESSORIOS,NACIONAL,COURO,ACESSORIOS,CHAVEIRO,70552V25,2/22/2025,1
238 - UK - RECIFE 2 - 238,2 04 07 008651,CARTEIRA COURO 70347 V26,1,"75,67",229,"75,67",229,229,229,MARJU INDUSTRIA E COMERCIO DE COURO EIRELI,MARJU,UNCLE K,VERAO 2026,ACESSORIOS,CARTEIRA COURO,NACIONAL,COURO,CARTEIRAS,CARTEIRA COURO,70347V26,11/13/2025,1
240 - UK - RECIFE 3 - 240,2 04 07 008651,CARTEIRA COURO 70347 V26,1,"75,67",229,"75,67",229,229,229,MARJU INDUSTRIA E COMERCIO DE COURO EIRELI,MARJU,UNCLE K,VERAO 2026,ACESSORIOS,CARTEIRA COURO,NACIONAL,COURO,CARTEIRAS,CARTEIRA COURO,70347V26,8/8/2025,1
238 - UK - RECIFE 2 - 238,2 04 07 008702,CARTEIRA COURO 70499 V26,4,"211,44",676,"52,86",169,169,169,MARJU INDUSTRIA E COMERCIO DE COURO EIRELI,MARJU,UNCLE K,VERAO 2026,ACESSORIOS,CARTEIRA COURO,NACIONAL,COURO,CARTEIRAS,CARTEIRA COURO,70499V26,12/16/2025,1
242 - UK - RECIFE 4 - 242,2 04 07 008701,CARTEIRA COURO 70426 V26,1,"89,9",269,"89,9",269,269,269,MARJU INDUSTRIA E COMERCIO DE COURO EIRELI,MARJU,UNCLE K,VERAO 2026,ACESSORIOS,CARTEIRA COURO,NACIONAL,COURO,CARTEIRAS,CARTEIRA COURO,70426V26,10/25/2025,1
226 - UK - RECIFE - 226,2 04 07 007782,CARTEIRA COURO 70376,1,"42,14",159,"42,14",159,159,159,MARJU INDUSTRIA E COMERCIO DE COURO EIRELI,MARJU,UNCLE K,INVERNO 2023,ACESSORIOS,CARTEIRA COURO,NACIONAL,COURO,MASCULINO,CARTEIRA MASCULINA,70376I23,3/1/2026,1
238 - UK - RECIFE 2 - 238,2 04 07 008375,CARTEIRA COURO 70444 V25,1,54,119,54,179,119,179,MARJU INDUSTRIA E COMERCIO DE COURO EIRELI,MARJU,UNCLE K,VERAO 2025,ACESSORIOS,CARTEIRA COURO,NACIONAL,COURO,CARTEIRAS,CARTEIRA COURO,70444V25,2/26/2026,1
238 - UK - RECIFE 2 - 238,2 04 19 008377,CARTEIRA PU 70533 V25,2,"158,92",298,"79,46",219,149,219,MARJU INDUSTRIA E COMERCIO DE COURO EIRELI,MARJU,UNCLE K,VERAO 2025,ACESSORIOS,CARTEIRAS,NACIONAL,PU,CARTEIRAS,CARTEIRA,70533V25,2/28/2025,1
240 - UK - RECIFE 3 - 240,2 04 01 06666,CHAVEIRO DIA DOS PAIS,12,"182,04","0,12","15,17","0,01","0,01","0,01",MARJU INDUSTRIA E COMERCIO DE COURO EIRELI,MARJU,UNCLE K,,,,,,,,,6/6/2024,1
226 - UK - RECIFE - 226,2 04 01 007326,PORTA NIQUEL NYLON 70388 I22,2,"58,28",58,"29,14",89,29,89,MARJU INDUSTRIA E COMERCIO DE COURO EIRELI,MARJU,UNCLE K,INVERNO 2022,ACESSORIOS,ACESSORIOS,NACIONAL,NYLON,ACESSORIOS,PORTA NIQUEL,70388I22,9/14/2025,1
226 - UK - RECIFE - 226,2 02 06 007719,GALOCHA BORRACHA MONSOON I23,1,87,199,87,299,199,299,MOULD IND. DE MATRIZES LTDA,CHERRY,UNCLE K,INVERNO 2023,CALCADOS,BOTA,NACIONAL,BORRACHA,CALCADOS,GALOCHA,MONSOONI23,11/28/2025,1
242 - UK - RECIFE 4 - 242,2 04 01 007639,GUARDA CHUVA POLIESTER MINI FUN P,1,"51,9",169,"51,9",169,169,169,GUARDACHUVARIA CONTORNOS,CONTORNOS 2,UNCLE K,INVERNO 2023,ACESSORIOS,ACESSORIOS,NACIONAL,POLIESTER,ACESSORIOS,GUARDA-CHUVA,MINIFUNPI23,7/11/2025,1
242 - UK - RECIFE 4 - 242,2 04 01 007639,GUARDA CHUVA POLIESTER MINI FUN P,1,"51,9",169,"51,9",169,169,169,GUARDACHUVARIA CONTORNOS,CONTORNOS 2,UNCLE K,INVERNO 2023,ACESSORIOS,ACESSORIOS,NACIONAL,POLIESTER,ACESSORIOS,GUARDA-CHUVA,MINIFUNPI23,7/4/2025,1
242 - UK - RECIFE 4 - 242,2 02 17 008270,SAPATO NOBUCK VEG FRANCIS V25,1,92,"174,5",92,349,"174,5",349,INDUSTRIA E COMERCIO DE CALCADOS S SANTOS LTDA,SUZANA SANTOS,UNCLE K,VERAO 2025,CALCADOS,SAPATO,NACIONAL,NOBUCK VEGGIE,CALCADOS,SAPATO BONECA,FRANCISV25,4/17/2025,1
226 - UK - RECIFE - 226,2 02 14 008764,RASTEIRA NOBUCK VEG BIJOUX V26,1,49,159,49,159,159,159,INDUSTRIA E COMERCIO DE CALCADOS S.SANTOS LTDA,RENATA MELLO,UNCLE K,VERAO 2026,CALCADOS,SANDALIA  RASTEIRA,NACIONAL,NOBUCK VEGGIE,CALCADOS,RASTEIRA,BIJOUXV26,1/6/2026,1
226 - UK - RECIFE - 226,2 02 15 008165,ANABELA NOBUCK VEG NEW RAPHA I24,1,79,279,79,279,279,279,INDUSTRIA E COMERCIO DE CALCADOS S.SANTOS LTDA,RENATA MELLO,UNCLE K,INVERNO 2024,CALCADOS,SANDALIA,NACIONAL,NOBUCK VEGGIE,CALCADOS,ANABELA,NEWRAPHAI24,3/19/2025,1
242 - UK - RECIFE 4 - 242,2 02 15 008849,RASTEIRA NAPA/CAMURCA VEG EMBAU V26,1,36,149,36,149,149,149,INDUSTRIA E COMERCIO DE CALCADOS S.SANTOS LTDA,RENATA MELLO,UNCLE K,ALTO VERAO 2026,CALCADOS,SANDALIA,NACIONAL,NAPA/CAMURCA VEGGIE,CALCADOS,RASTEIRA,EMBAUV26,3/9/2026,1
242 - UK - RECIFE 4 - 242,2 02 15 008849,RASTEIRA NAPA/CAMURCA VEG EMBAU V26,1,36,149,36,149,149,149,INDUSTRIA E COMERCIO DE CALCADOS S.SANTOS LTDA,RENATA MELLO,UNCLE K,ALTO VERAO 2026,CALCADOS,SANDALIA,NACIONAL,NAPA/CAMURCA VEGGIE,CALCADOS,RASTEIRA,EMBAUV26,1/23/2026,1
238 - UK - RECIFE 2 - 238,2 02 14 008846,RASTEIRA CAMURCA VEGGIE ESPELHO V26,1,45,179,45,179,179,179,INDUSTRIA E COMERCIO DE CALCADOS S.SANTOS LTDA,RENATA MELLO,UNCLE K,ALTO VERAO 2026,CALCADOS,SANDALIA,NACIONAL,CAMURCA VEGGIE,CALCADOS,RASTEIRA,ESPELHOV26,12/26/2025,1
238 - UK - RECIFE 2 - 238,2 02 14 008846,RASTEIRA CAMURCA VEGGIE ESPELHO V26,1,45,179,45,179,179,179,INDUSTRIA E COMERCIO DE CALCADOS S.SANTOS LTDA,RENATA MELLO,UNCLE K,ALTO VERAO 2026,CALCADOS,SANDALIA,NACIONAL,CAMURCA VEGGIE,CALCADOS,RASTEIRA,ESPELHOV26,1/6/2026,1
226 - UK - RECIFE - 226,2 02 14 008846,RASTEIRA CAMURCA VEGGIE ESPELHO V26,1,45,179,45,179,179,179,INDUSTRIA E COMERCIO DE CALCADOS S.SANTOS LTDA,RENATA MELLO,UNCLE K,ALTO VERAO 2026,CALCADOS,SANDALIA,NACIONAL,CAMURCA VEGGIE,CALCADOS,RASTEIRA,ESPELHOV26,2/5/2026,1
226 - UK - RECIFE - 226,2 02 14 008773,RASTEIRA NAPA VEG QUINTA V26,1,36,129,36,129,129,129,INDUSTRIA E COMERCIO DE CALCADOS S.SANTOS LTDA,RENATA MELLO,UNCLE K,VERAO 2026,CALCADOS,SANDALIA  RASTEIRA,NACIONAL,NAPA VEGGIE,CALCADOS,RASTEIRA,QUINTAV26,11/30/2025,1
226 - UK - RECIFE - 226,2 02 14 008773,RASTEIRA NAPA VEG QUINTA V26,1,36,129,36,129,129,129,INDUSTRIA E COMERCIO DE CALCADOS S.SANTOS LTDA,RENATA MELLO,UNCLE K,VERAO 2026,CALCADOS,SANDALIA  RASTEIRA,NACIONAL,NAPA VEGGIE,CALCADOS,RASTEIRA,QUINTAV26,11/21/2025,1
238 - UK - RECIFE 2 - 238,2 02 18 008749,TENIS VEGGIE KA V26,1,84,349,84,349,349,349,INDUSTRIA E COMERCIO DE CALCADOS S.SANTOS LTDA,RENATA MELLO,UNCLE K,VERAO 2026,CALCADOS,TENIS,NACIONAL,VEGGIE,CALCADOS,TENIS,KAV26,10/4/2025,1
238 - UK - RECIFE 2 - 238,2 02 18 008749,TENIS VEGGIE KA V26,1,84,349,84,349,349,349,INDUSTRIA E COMERCIO DE CALCADOS S.SANTOS LTDA,RENATA MELLO,UNCLE K,VERAO 2026,CALCADOS,TENIS,NACIONAL,VEGGIE,CALCADOS,TENIS,KAV26,1/21/2026,1
238 - UK - RECIFE 2 - 238,2 02 15 008740,PAPETE NAPA VEG CANYON V26,1,57,189,57,189,189,189,INDUSTRIA E COMERCIO DE CALCADOS S.SANTOS LTDA,RENATA MELLO,UNCLE K,VERAO 2026,CALCADOS,SANDALIA,NACIONAL,NAPA VEGGIE,CALCADOS,PAPETE,CANYONV26,11/27/2025,1
242 - UK - RECIFE 4 - 242,2 02 15 008740,PAPETE NAPA VEG CANYON V26,1,57,189,57,189,189,189,INDUSTRIA E COMERCIO DE CALCADOS S.SANTOS LTDA,RENATA MELLO,UNCLE K,VERAO 2026,CALCADOS,SANDALIA,NACIONAL,NAPA VEGGIE,CALCADOS,PAPETE,CANYONV26,8/27/2025,1
240 - UK - RECIFE 3 - 240,2 04 01 008038,KIT MEIAS ALGODAO HAPPY I24,3,"42,6",177,"14,2",59,59,59,BRICAM COMERCIO VAREJISTA DE ARTIGOS E PRODUTOS LTDA,BRICAM COMERCIO VAREJISTA DE ARTIGOS E P,UNCLE K,INVERNO 2024,ACESSORIOS,ACESSORIOS,NACIONAL,ALGODAO,ACESSORIOS,MEIA,KITHAPPYI24,3/4/2026,1
238 - UK - RECIFE 2 - 238,2 04 01 008040,MEIA 7/8 ALGODAO PLAYER I24,2,"14,9",35,"7,45",35,"17,5",35,BRICAM COMERCIO VAREJISTA DE ARTIGOS E PRODUTOS LTDA,BRICAM COMERCIO VAREJISTA DE ARTIGOS E P,UNCLE K,INVERNO 2024,ACESSORIOS,ACESSORIOS,NACIONAL,ALGODAO,ACESSORIOS,MEIA,PLAYERI24,3/2/2026,1
240 - UK - RECIFE 3 - 240,2 02 18 008605,TENIS COURO RIO I25,3,447,1407,149,469,469,469,CALCADOS SHELTER INDUSTRIA E COMERCIA LTDA EPP,SHELTER,UNCLE K,INVERNO 2025,CALCADOS,TENIS,NACIONAL,COURO,CALCADOS,TENIS,RIOI25,3/5/2026,1
240 - UK - RECIFE 3 - 240,2 02 18 008605,TENIS COURO RIO I25,1,149,469,149,469,469,469,CALCADOS SHELTER INDUSTRIA E COMERCIA LTDA EPP,SHELTER,UNCLE K,INVERNO 2025,CALCADOS,TENIS,NACIONAL,COURO,CALCADOS,TENIS,RIOI25,4/2/2025,1
226 - UK - RECIFE - 226,2 02 18 00818,TENIS COURO RIO I24,1,142,449,142,449,449,449,CALCADOS SHELTER INDUSTRIA E COMERCIA LTDA EPP,SHELTER,UNCLE K,INVERNO 2024,CALCADOS,TENIS,NACIONAL,COURO,CALCADOS,TENIS,RIOI24,10/15/2024,1
226 - UK - RECIFE - 226,2 02 18 00818,TENIS COURO RIO I24,4,568,1796,142,449,449,449,CALCADOS SHELTER INDUSTRIA E COMERCIA LTDA EPP,SHELTER,UNCLE K,INVERNO 2024,CALCADOS,TENIS,NACIONAL,COURO,CALCADOS,TENIS,RIOI24,3/19/2026,1
226 - UK - RECIFE - 226,2 02 17 007819,SAPATO SIDER COURO WAVE,1,"145,5",359,"145,5",489,359,489,CALCADOS SHELTER INDUSTRIA E COMERCIA LTDA EPP,SHELTER,UNCLE K,INVERNO 2023,CALCADOS,SAPATO,NACIONAL,COURO,MASCULINO,TOPSIDER,WAVE,7/14/2025,1
238 - UK - RECIFE 2 - 238,2 03 11 008108,MOCHILA NY BNT MINI BUK I24,4,560,1996,140,499,499,499,BAG PLANET BOLSAS E ACESSORIOS LTDA,BAG PLANET BOLSAS E ACESSORIOS LTDA,UNCLE K,INVERNO 2024,MOCHILAS,MOCHILA NYLON,IMPORTADO,NYLON BNT,MOCHILAS BASICAS,MOCHILA,MINIBUKBNTI24,4/16/2024,1
238 - UK - RECIFE 2 - 238,2 03 11 007926,MOCHILA NYLON BNT BUK V24,4,600,2196,150,549,549,549,BAG PLANET BOLSAS E ACESSORIOS LTDA,BAG PLANET BOLSAS E ACESSORIOS LTDA,UNCLE K,VERAO 2024,MOCHILAS,MOCHILA NYLON,IMPORTADO,NYLON BNT,MOCHILAS BASICAS,MOCHILA,BUKV24,3/20/2025,1
238 - UK - RECIFE 2 - 238,2 03 11 007764,MOCHILA NYLON RUBBER MINI BUK I23,1,140,299,140,499,299,499,BAG PLANET BOLSAS E ACESSORIOS LTDA,BAG PLANET BOLSAS E ACESSORIOS LTDA,UNCLE K,INVERNO 2023,MOCHILAS,MOCHILA NYLON,IMPORTADO,NYLON EMBORRACHADO,MOCHILAS BASICAS,MOCHILA,MINIBUKI23RB,7/12/2023,1
240 - UK - RECIFE 3 - 240,2 01 04 007471,BOLSA NYLON RUBBER 60954 V23,1,115,379,115,379,379,419,BAG PLANET BOLSAS E ACESSORIOS LTDA,BAG PLANET BOLSAS E ACESSORIOS LTDA,UNCLE K,VERAO 2023,BOLSAS,BOLSA NYLON,IMPORTADO,NYLON EMBORRACHADO,BOLSAS NYLON IMPORTADO,BOLSA OMBRO,60954V23,3/5/2026,1
238 - UK - RECIFE 2 - 238,2 01 04 007897,BOLSA NYLON RUBBER 61127,1,120,199,120,449,199,449,BAG PLANET BOLSAS E ACESSORIOS LTDA,BAG PLANET BOLSAS E ACESSORIOS LTDA,UNCLE K,VERAO 2024,BOLSAS,BOLSA NYLON,IMPORTADO,NYLON EMBORRACHADO,BOLSAS NYLON IMPORTADO,BOLSA TRANSPASSE,61127V24,4/9/2025,1
240 - UK - RECIFE 3 - 240,2 02 14 008752,RASTEIRA COURO SILVER V26,2,162,538,81,269,269,269,NIVAN CALCADOS LTDA,AYE AYE,UNCLE K,VERAO 2026,CALCADOS,SANDALIA  RASTEIRA,NACIONAL,COURO,CALCADOS,RASTEIRA,SILVERV26,2/23/2026,1
238 - UK - RECIFE 2 - 238,2 02 14 008752,RASTEIRA COURO SILVER V26,1,81,269,81,269,269,269,NIVAN CALCADOS LTDA,AYE AYE,UNCLE K,VERAO 2026,CALCADOS,SANDALIA  RASTEIRA,NACIONAL,COURO,CALCADOS,RASTEIRA,SILVERV26,10/25/2025,1
226 - UK - RECIFE - 226,2 02 15 008878,SANDALIA COURO TOTIS I26,2,"172,6",558,"86,3",279,279,279,NIVAN CALCADOS LTDA,AYE AYE,UNCLE K,INVERNO 2026,CALCADOS,SANDALIA,NACIONAL,COURO,CALCADOS,RASTEIRA,TOTISI26,3/18/2026,1
242 - UK - RECIFE 4 - 242,2 02 14 008733,RASTEIRA COURO GOLDEN V26,1,84,269,84,269,269,269,NIVAN CALCADOS LTDA,AYE AYE,UNCLE K,VERAO 2026,CALCADOS,SANDALIA  RASTEIRA,NACIONAL,COURO,CALCADOS,RASTEIRA,GOLDENV26,3/18/2026,1
226 - UK - RECIFE - 226,2 02 15 008357,RASTEIRA COURO MILAH V25,1,71,"114,5",71,229,"114,5",229,NIVAN CALCADOS LTDA,AYE AYE,UNCLE K,VERAO 2025,CALCADOS,SANDALIA,NACIONAL,COURO,CALCADOS,RASTEIRA,MILAHV25,5/6/2025,1
226 - UK - RECIFE - 226,2 02 14 008769,RASTEIRA COURO RIVER V26,10,775,2490,"77,5",249,249,249,NIVAN CALCADOS LTDA,AYE AYE,UNCLE K,VERAO 2026,CALCADOS,SANDALIA  RASTEIRA,NACIONAL,COURO,CALCADOS,RASTEIRA,RIVERV26,11/3/2025,1
242 - UK - RECIFE 4 - 242,2 02 14 008769,RASTEIRA COURO RIVER V26,7,"542,5",1743,"77,5",249,249,249,NIVAN CALCADOS LTDA,AYE AYE,UNCLE K,VERAO 2026,CALCADOS,SANDALIA  RASTEIRA,NACIONAL,COURO,CALCADOS,RASTEIRA,RIVERV26,11/3/2025,1
226 - UK - RECIFE - 226,2 02 17 008745,MULE COURO BALLOON V26,1,"107,8",349,"107,8",349,349,349,NIVAN CALCADOS LTDA,AYE AYE,UNCLE K,VERAO 2026,CALCADOS,SAPATO,NACIONAL,COURO,CALCADOS,MULE,BALLOONV26,3/6/2026,1
238 - UK - RECIFE 2 - 238,2 02 14 008599,RASTEIRA COURO MILLION I25,1,"78,7",269,"78,7",269,269,269,NIVAN CALCADOS LTDA,AYE AYE,UNCLE K,INVERNO 2025,CALCADOS,SANDALIA  RASTEIRA,NACIONAL,COURO,CALCADOS,RASTEIRA,MILLIONI25,11/21/2025,1
242 - UK - RECIFE 4 - 242,2 02 14 008598,RASTEIRA COURO SILVER I25,1,"79,7",269,"79,7",269,269,269,NIVAN CALCADOS LTDA,AYE AYE,UNCLE K,INVERNO 2025,CALCADOS,SANDALIA  RASTEIRA,NACIONAL,COURO,CALCADOS,RASTEIRA,SILVERI25,1/20/2026,1
242 - UK - RECIFE 4 - 242,2 02 14 008598,RASTEIRA COURO SILVER I25,1,"79,7",269,"79,7",269,269,269,NIVAN CALCADOS LTDA,AYE AYE,UNCLE K,INVERNO 2025,CALCADOS,SANDALIA  RASTEIRA,NACIONAL,COURO,CALCADOS,RASTEIRA,SILVERI25,3/18/2025,1
240 - UK - RECIFE 3 - 240,2 04 01 008242,COPO ALUMINIO SPLASH V25,1,"41,2",69,"41,2",139,69,139,SANTA CLARA BRINDES,SANTA CLARA BRINDES,UNCLE K,VERAO 2025,ACESSORIOS,ACESSORIOS,NACIONAL,ALUMINIO,ACESSORIOS,COPO,SPLASHV25,5/22/2025,1
238 - UK - RECIFE 2 - 238,2 02 15 008616,PAPETE NOBUCK VEG BUBBLE AREA I25,2,178,398,89,259,199,259,VALDEIA DA CUNHA PICOLI CALCADOS LTDA,TREE SHOES,UNCLE K,INVERNO 2025,CALCADOS,SANDALIA,NACIONAL,NOBUCK VEGGIE,CALCADOS,PAPETE,BUBBLEAREAI25,9/18/2025,1
238 - UK - RECIFE 2 - 238,2 02 15 008616,PAPETE NOBUCK VEG BUBBLE AREA I25,1,89,199,89,259,199,259,VALDEIA DA CUNHA PICOLI CALCADOS LTDA,TREE SHOES,UNCLE K,INVERNO 2025,CALCADOS,SANDALIA,NACIONAL,NOBUCK VEGGIE,CALCADOS,PAPETE,BUBBLEAREAI25,7/31/2025,1
242 - UK - RECIFE 4 - 242,2 02 15 008616,PAPETE NOBUCK VEG BUBBLE AREA I25,1,89,199,89,259,199,259,VALDEIA DA CUNHA PICOLI CALCADOS LTDA,TREE SHOES,UNCLE K,INVERNO 2025,CALCADOS,SANDALIA,NACIONAL,NOBUCK VEGGIE,CALCADOS,PAPETE,BUBBLEAREAI25,9/26/2025,1
238 - UK - RECIFE 2 - 238,2 02 15 008616,PAPETE NOBUCK VEG BUBBLE AREA I25,1,89,199,89,259,199,259,VALDEIA DA CUNHA PICOLI CALCADOS LTDA,TREE SHOES,UNCLE K,INVERNO 2025,CALCADOS,SANDALIA,NACIONAL,NOBUCK VEGGIE,CALCADOS,PAPETE,BUBBLEAREAI25,8/18/2025,1
242 - UK - RECIFE 4 - 242,2 02 15 008616,PAPETE NOBUCK VEG BUBBLE AREA I25,1,89,199,89,259,199,259,VALDEIA DA CUNHA PICOLI CALCADOS LTDA,TREE SHOES,UNCLE K,INVERNO 2025,CALCADOS,SANDALIA,NACIONAL,NOBUCK VEGGIE,CALCADOS,PAPETE,BUBBLEAREAI25,9/17/2025,1
240 - UK - RECIFE 3 - 240,2 04 01 007841,CHAPEU BUCKET NYLON 70486 V24,1,"77,9",164,"77,9",199,164,199,GOMES CONFECCOES LTDA,GOMES,UNCLE K,VERAO 2024,ACESSORIOS,ACESSORIOS,NACIONAL,NYLON,ACESSORIOS,CHAPEU,70486V24,2/3/2025,1
240 - UK - RECIFE 3 - 240,2 02 15 008593,PAPETE ELASTICO SERENA I25,1,"75,5",259,"75,5",259,259,259,CALCADOS R.M.S LTDA,RMS,UNCLE K,INVERNO 2025,CALCADOS,SANDALIA,NACIONAL,ELASTICO,CALCADOS,PAPETE,SERENAI25,2/10/2025,1
226 - UK - RECIFE - 226,2 02 15 007983,ANABELA LONA FRADE V24,2,246,318,123,399,159,399,NEW PORT IND. COM. IMP. E EXP DE CALCADOS LTDA,A3 ESPADRILLES,UNCLE K,VERAO 2024,CALCADOS,SANDALIA,NACIONAL,LONA,CALCADOS,ANABELA,FRADEV24,9/12/2023,1
238 - UK - RECIFE 2 - 238,2 02 15 007984,PLATAFORMA LONA TRANCOSO V24,1,"99,9",149,"99,9",329,149,329,NEW PORT IND. COM. IMP. E EXP DE CALCADOS LTDA,A3 ESPADRILLES,UNCLE K,VERAO 2024,CALCADOS,SANDALIA,NACIONAL,LONA,CALCADOS,PLATAFORMA,TRANCOSOV24,9/6/2023,1
238 - UK - RECIFE 2 - 238,2 01 04 008311,BOLSA NYLON BNT 61042 V25,2,156,718,78,369,359,369,TRUST - IMPORTACAO E EXPORTACAO EIRELI,TTL BRAZIL (DTX),UNCLE K,VERAO 2025,BOLSAS,BOLSA NYLON,IMPORTADO,NYLON BNT,BOLSAS NYLON IMPORTADO,BOLSA TRANSPASSE,61042V25,4/5/2025,1
242 - UK - RECIFE 4 - 242,2 03 11 008302,MOCHILA NYLON BNT BUK V25,2,260,1098,130,549,549,549,TRUST - IMPORTACAO E EXPORTACAO EIRELI,TTL BRAZIL (DTX),UNCLE K,VERAO 2025,MOCHILAS,MOCHILA NYLON,IMPORTADO,NYLON BNT,MOCHILAS BASICAS,MOCHILA,BUKBNTV25,10/30/2025,1
240 - UK - RECIFE 3 - 240,2 02 15 008882,SANDALIA NEOPRENE MEDUSA I26,15,1860,5985,124,399,399,399,CALCADOS NATORE RAPERE LTDA,NATORE,UNCLE K,INVERNO 2026,CALCADOS,SANDALIA,NACIONAL,NEOPRENE,CALCADOS,SANDALIA SALTO,MEDUSAI26,3/3/2026,1
242 - UK - RECIFE 4 - 242,2 01 05 008534,BOLSA PU/NEOPRENE 61322 I25,1,145,339,145,499,339,499,SERRAMAR DISTRIBUIDORA LTDA,SERRAMAR,UNCLE K,INVERNO 2025,BOLSAS,BOLSA OUTROS,IMPORTADO,PU/NEOPRENE,BOLSAS PU,BOLSA TRANSPASSE,61322I25,9/13/2025,1
238 - UK - RECIFE 2 - 238,2 03 11 008569,MOCHILA NY TWILL BIG BUK I25,1,"165,21",589,"165,21",589,589,589,SERRAMAR DISTRIBUIDORA LTDA,SERRAMAR,UNCLE K,INVERNO 2025,MOCHILAS,MOCHILA NYLON,IMPORTADO,NYLON TWILL,MOCHILAS BASICAS,MOCHILA,BIGBUKTWI25,11/27/2025,1
238 - UK - RECIFE 2 - 238,2 03 11 008572,MOCHILA NY TWILL 61151 I25,1,145,539,145,539,539,539,SERRAMAR DISTRIBUIDORA LTDA,SERRAMAR,UNCLE K,INVERNO 2025,MOCHILAS,MOCHILA NYLON,IMPORTADO,NYLON TWILL,MOCHILAS/MALAS,MOCHILA,61151I25,9/15/2025,1
226 - UK - RECIFE - 226,2 04 02 008924,COLAR RESINA CI26J,5,130,445,26,89,89,89,BIJOU FASHION BIJOUTERIAS LTDA,BIJOU FASHION BIJOUTERIAS LTDA,UNCLE K,INVERNO 2026,ACESSORIOS,BIJUTERIA,NACIONAL,RESINA,BIJUTERIA,COLAR,CI26J,3/13/2026,1
242 - UK - RECIFE 4 - 242,2 04 02 008924,COLAR RESINA CI26J,2,52,178,26,89,89,89,BIJOU FASHION BIJOUTERIAS LTDA,BIJOU FASHION BIJOUTERIAS LTDA,UNCLE K,INVERNO 2026,ACESSORIOS,BIJUTERIA,NACIONAL,RESINA,BIJUTERIA,COLAR,CI26J,3/17/2026,1
226 - UK - RECIFE - 226,2 04 02 008923,COLAR METAL/RESINA CI26C,6,180,594,30,99,99,99,BIJOU FASHION BIJOUTERIAS LTDA,BIJOU FASHION BIJOUTERIAS LTDA,UNCLE K,INVERNO 2026,ACESSORIOS,BIJUTERIA,NACIONAL,METAL/RESINA,BIJUTERIA,COLAR,CI26C,3/12/2026,1
240 - UK - RECIFE 3 - 240,2 04 02 008922,COLAR RESINA CI26B,8,320,872,40,109,109,109,BIJOU FASHION BIJOUTERIAS LTDA,BIJOU FASHION BIJOUTERIAS LTDA,UNCLE K,INVERNO 2026,ACESSORIOS,BIJUTERIA,NACIONAL,RESINA,BIJUTERIA,COLAR,CI26B,3/16/2026,1
238 - UK - RECIFE 2 - 238,2 04 02 008646,COLAR CORDA/CRISTAL CV26A,5,190,645,38,129,129,129,BIJOU FASHION BIJOUTERIAS LTDA,BIJOU FASHION BIJOUTERIAS LTDA,UNCLE K,VERAO 2026,ACESSORIOS,BIJUTERIA,NACIONAL,CORDA/CRISTAIS,BIJUTERIA,COLAR,CV26AV26,3/18/2026,1
242 - UK - RECIFE 4 - 242,2 04 02 008690,COLAR RESINA CV26F,8,224,792,28,99,99,99,BIJOU FASHION BIJOUTERIAS LTDA,BIJOU FASHION BIJOUTERIAS LTDA,UNCLE K,VERAO 2026,ACESSORIOS,BIJUTERIA,NACIONAL,RESINA,BIJUTERIA,COLAR,CV26FV26,3/16/2026,1
238 - UK - RECIFE 2 - 238,2 04 02 008648,COLAR RESINA CV26C,1,26,89,26,89,89,89,BIJOU FASHION BIJOUTERIAS LTDA,BIJOU FASHION BIJOUTERIAS LTDA,UNCLE K,VERAO 2026,ACESSORIOS,BIJUTERIA,NACIONAL,RESINA,BIJUTERIA,COLAR,CV26CV26,3/16/2026,1
240 - UK - RECIFE 3 - 240,2 04 02 008647,COLAR RESINA CV26B,3,111,357,37,119,119,119,BIJOU FASHION BIJOUTERIAS LTDA,BIJOU FASHION BIJOUTERIAS LTDA,UNCLE K,VERAO 2026,ACESSORIOS,BIJUTERIA,NACIONAL,RESINA,BIJUTERIA,COLAR,CV26BV26,2/26/2026,1
238 - UK - RECIFE 2 - 238,2 02 15 008415,PAPETE NAPA VEG REMY V25,1,"64,5","104,5","64,5",209,"104,5",209,TERMOLINE INDUSTRIA E COMERCIO LTDA,AZLA,UNCLE K,VERAO 2025,CALCADOS,SANDALIA,NACIONAL,NAPA VEGGIE,CALCADOS,PAPETE,REMYV25,1/21/2026,1
240 - UK - RECIFE 3 - 240,2 04 01 008472,GUARDA CHUVA POLIESTER GOMOS P,3,"200,7",537,"66,9",179,179,179,FLORENCA BRINDES LTDA EPP,FLORENCA BRINDES (GUARDA CHUVA),UNCLE K,INVERNO 2025,ACESSORIOS,ACESSORIOS,NACIONAL,POLIESTER,ACESSORIOS,GUARDA-CHUVA,GOMOSPI25,1/17/2026,1
238 - UK - RECIFE 2 - 238,2 02 18 008871,TENIS COURO PHILLY I26,2,160,598,80,299,299,299,C. TORRES DIAS INJETADOS ME,CALCADOS TORRES,UNCLE K,INVERNO 2026,CALCADOS,TENIS,NACIONAL,COURO,CALCADOS,TENIS,PHILLYI26,2/28/2026,1
242 - UK - RECIFE 4 - 242,2 02 17 008597,MOCASSIM COURO MADISON I25,1,"86,5",259,"86,5",349,259,349,FERREIRA CALCADOS,PIZADA,UNCLE K,INVERNO 2025,CALCADOS,SAPATO,NACIONAL,COURO,CALCADOS,MOCASSIM,MADISONI25,8/13/2025,1
238 - UK - RECIFE 2 - 238,2 02 18 008747,TENIS COURO GRID V26,1,"72,9",299,"72,9",299,299,299,VISPATE CALCADOS LTDA,VISPATE,UNCLE K,VERAO 2026,CALCADOS,TENIS,NACIONAL,COURO,CALCADOS,TENIS,GRIDV26,2/25/2026,1
242 - UK - RECIFE 4 - 242,2 02 18 008747,TENIS COURO GRID V26,2,"145,8",598,"72,9",299,299,299,VISPATE CALCADOS LTDA,VISPATE,UNCLE K,VERAO 2026,CALCADOS,TENIS,NACIONAL,COURO,CALCADOS,TENIS,GRIDV26,3/5/2026,1
240 - UK - RECIFE 3 - 240,2 02 15 008755,SANDALIA NEOPRENE TRIANON V26,1,122,399,122,399,399,399,CONFORTARIA COMERCIO DE CALCADOS LTDA.,CALCADOS NATORE,UNCLE K,VERAO 2026,CALCADOS,SANDALIA,NACIONAL,NEOPRENE,CALCADOS,SANDALIA SALTO,TRIANONV26,10/24/2025,1
238 - UK - RECIFE 2 - 238,2 02 15 008755,SANDALIA NEOPRENE TRIANON V26,2,244,798,122,399,399,399,CONFORTARIA COMERCIO DE CALCADOS LTDA.,CALCADOS NATORE,UNCLE K,VERAO 2026,CALCADOS,SANDALIA,NACIONAL,NEOPRENE,CALCADOS,SANDALIA SALTO,TRIANONV26,12/26/2025,1
238 - UK - RECIFE 2 - 238,2 02 15 008755,SANDALIA NEOPRENE TRIANON V26,2,244,798,122,399,399,399,CONFORTARIA COMERCIO DE CALCADOS LTDA.,CALCADOS NATORE,UNCLE K,VERAO 2026,CALCADOS,SANDALIA,NACIONAL,NEOPRENE,CALCADOS,SANDALIA SALTO,TRIANONV26,2/7/2026,1
240 - UK - RECIFE 3 - 240,2 02 15 008755,SANDALIA NEOPRENE TRIANON V26,3,366,1197,122,399,399,399,CONFORTARIA COMERCIO DE CALCADOS LTDA.,CALCADOS NATORE,UNCLE K,VERAO 2026,CALCADOS,SANDALIA,NACIONAL,NEOPRENE,CALCADOS,SANDALIA SALTO,TRIANONV26,9/15/2025,1
226 - UK - RECIFE - 226,2 02 15 008755,SANDALIA NEOPRENE TRIANON V26,1,122,399,122,399,399,399,CONFORTARIA COMERCIO DE CALCADOS LTDA.,CALCADOS NATORE,UNCLE K,VERAO 2026,CALCADOS,SANDALIA,NACIONAL,NEOPRENE,CALCADOS,SANDALIA SALTO,TRIANONV26,12/27/2025,1
226 - UK - RECIFE - 226,2 03 11 61405,MOCHILA NY SOFT 61405 V26,1,99,399,99,399,399,399,VITOR ABREU COMERCIO DE BIJUTERIAS LTDA,VITOR ABREU,UNCLE K,VERAO 2026,MOCHILAS,MOCHILA NYLON,IMPORTADO,NYLON SOFT,MOCHILAS/MALAS,MOCHILA,61405V26,3/14/2026,1
242 - UK - RECIFE 4 - 242,2 01 04 008840,BOLSA NY SOFT 61407 V26,2,173,698,"86,5",349,349,349,VITOR ABREU COMERCIO DE BIJUTERIAS LTDA,VITOR ABREU,UNCLE K,VERAO 2026,BOLSAS,BOLSA NYLON,IMPORTADO,NYLON SOFT,BOLSAS NYLON IMPORTADO,BOLSA MULTIUSO,61407V26,3/9/2026,1
226 - UK - RECIFE - 226,2 01 04 008786,BOLSA NY BNT 61038 V26,1,117,419,117,419,419,419,TOVA EQUIPAMENTOS E ACESSORIOS LTDA,,UNCLE K,VERAO 2026,BOLSAS,BOLSA NYLON,IMPORTADO,NYLON BNT,BOLSAS NYLON IMPORTADO,BOLSA MULTIUSO,61038V26,12/18/2025,1
238 - UK - RECIFE 2 - 238,2 01 04 008800,BOLSA NY SOFT 61354 V26,4,520,1876,130,469,469,469,TOVA EQUIPAMENTOS E ACESSORIOS LTDA,,UNCLE K,VERAO 2026,BOLSAS,BOLSA NYLON,IMPORTADO,NYLON SOFT,BOLSAS NYLON IMPORTADO,BOLSA MULTIUSO,61354V26,12/16/2025,1
226 - UK - RECIFE - 226,2 01 04 008802,BOLSA NY SOFT 61352 V26,8,1200,4392,150,549,549,549,TOVA EQUIPAMENTOS E ACESSORIOS LTDA,,UNCLE K,VERAO 2026,BOLSAS,BOLSA NYLON,IMPORTADO,NYLON SOFT,BOLSAS NYLON IMPORTADO,BOLSA MULTIUSO,61352V26,3/6/2026,1
242 - UK - RECIFE 4 - 242,2 01 04 008799,BOLSA KING RUBBER 61233 V26,2,210,738,105,369,369,369,TOVA EQUIPAMENTOS E ACESSORIOS LTDA,,UNCLE K,VERAO 2026,BOLSAS,BOLSA NYLON,IMPORTADO,KING RUBBER,BOLSAS NYLON IMPORTADO,BOLSA TRANSPASSE,61233V26,1/6/2026,1
238 - UK - RECIFE 2 - 238,2 03 11 008814,MOCHILA KING RUBBER 61047 V26,5,725,2945,145,589,589,589,TOVA EQUIPAMENTOS E ACESSORIOS LTDA,,UNCLE K,VERAO 2026,MOCHILAS,MOCHILA NYLON,IMPORTADO,KING RUBBER,MOCHILAS/MALAS,MOCHILA,61047V26,1/6/2026,1
226 - UK - RECIFE - 226,2 03 11 008814,MOCHILA KING RUBBER 61047 V26,5,725,2945,145,589,589,589,TOVA EQUIPAMENTOS E ACESSORIOS LTDA,,UNCLE K,VERAO 2026,MOCHILAS,MOCHILA NYLON,IMPORTADO,KING RUBBER,MOCHILAS/MALAS,MOCHILA,61047V26,1/5/2026,1
240 - UK - RECIFE 3 - 240,2 03 11 008813,MOCHILA NY BNT 61151 V26,1,135,539,135,539,539,539,TOVA EQUIPAMENTOS E ACESSORIOS LTDA,,UNCLE K,VERAO 2026,MOCHILAS,MOCHILA NYLON,IMPORTADO,NYLON BNT,MOCHILAS/MALAS,MOCHILA,61151V26,12/26/2025,1
238 - UK - RECIFE 2 - 238,2 03 11 008813,MOCHILA NY BNT 61151 V26,1,135,539,135,539,539,539,TOVA EQUIPAMENTOS E ACESSORIOS LTDA,,UNCLE K,VERAO 2026,MOCHILAS,MOCHILA NYLON,IMPORTADO,NYLON BNT,MOCHILAS/MALAS,MOCHILA,61151V26,3/11/2026,1
226 - UK - RECIFE - 226,2 01 04 008796,BOLSA NY SOFT 61240 V26,1,145,499,145,499,499,499,TOVA EQUIPAMENTOS E ACESSORIOS LTDA,,UNCLE K,VERAO 2026,BOLSAS,BOLSA NYLON,IMPORTADO,NYLON SOFT,BOLSAS NYLON IMPORTADO,BOLSA MULTIUSO,61240V26,2/22/2026,1
240 - UK - RECIFE 3 - 240,2 04 01 008902,GUARDA CHUVA NYLON BORDA P  I26,3,"200,7",537,"66,9",179,179,179,A.G. COMERCIO DE PRESENTES LTDA,LONDON GUARDA CHUVAS,UNCLE K,INVERNO 2026,ACESSORIOS,ACESSORIOS,NACIONAL,NYLON,ACESSORIOS,GUARDA-CHUVA,BORDAI26,3/19/2026,1
240 - UK - RECIFE 3 - 240,2 03 11 008812,MOCHILA NY BNT BIG BUK V26,4,580,2356,145,589,589,589,LOPE DIGITAL COMMERCE,LOPE DIGITAL COMMERCE,UNCLE K,VERAO 2026,MOCHILAS,MOCHILA NYLON,IMPORTADO,NYLON BNT,MOCHILAS BASICAS,MOCHILA,BIGBUKBNTV26,12/10/2025,1
242 - UK - RECIFE 4 - 242,2 03 11 008812,MOCHILA NY BNT BIG BUK V26,6,870,3534,145,589,589,589,LOPE DIGITAL COMMERCE,LOPE DIGITAL COMMERCE,UNCLE K,VERAO 2026,MOCHILAS,MOCHILA NYLON,IMPORTADO,NYLON BNT,MOCHILAS BASICAS,MOCHILA,BIGBUKBNTV26,12/16/2025,1
238 - UK - RECIFE 2 - 238,2 03 11 008812,MOCHILA NY BNT BIG BUK V26,3,435,1767,145,589,589,589,LOPE DIGITAL COMMERCE,LOPE DIGITAL COMMERCE,UNCLE K,VERAO 2026,MOCHILAS,MOCHILA NYLON,IMPORTADO,NYLON BNT,MOCHILAS BASICAS,MOCHILA,BIGBUKBNTV26,1/22/2026,1
238 - UK - RECIFE 2 - 238,2 03 11 008811,MOCHILA NY BNT BUK V26,8,1120,4392,140,549,549,549,LOPE DIGITAL COMMERCE,LOPE DIGITAL COMMERCE,UNCLE K,VERAO 2026,MOCHILAS,MOCHILA NYLON,IMPORTADO,NYLON BNT,MOCHILAS BASICAS,MOCHILA,BUKBNTV26,12/16/2025,1
240 - UK - RECIFE 3 - 240,2 03 11 008811,MOCHILA NY BNT BUK V26,1,140,549,140,549,549,549,LOPE DIGITAL COMMERCE,LOPE DIGITAL COMMERCE,UNCLE K,VERAO 2026,MOCHILAS,MOCHILA NYLON,IMPORTADO,NYLON BNT,MOCHILAS BASICAS,MOCHILA,BUKBNTV26,3/5/2026,1
242 - UK - RECIFE 4 - 242,2 03 11 008811,MOCHILA NY BNT BUK V26,3,420,1647,140,549,549,549,LOPE DIGITAL COMMERCE,LOPE DIGITAL COMMERCE,UNCLE K,VERAO 2026,MOCHILAS,MOCHILA NYLON,IMPORTADO,NYLON BNT,MOCHILAS BASICAS,MOCHILA,BUKBNTV26,1/16/2026,1
238 - UK - RECIFE 2 - 238,2 03 11 008811,MOCHILA NY BNT BUK V26,4,560,2196,140,549,549,549,LOPE DIGITAL COMMERCE,LOPE DIGITAL COMMERCE,UNCLE K,VERAO 2026,MOCHILAS,MOCHILA NYLON,IMPORTADO,NYLON BNT,MOCHILAS BASICAS,MOCHILA,BUKBNTV26,3/2/2026,1
240 - UK - RECIFE 3 - 240,2 03 11 008811,MOCHILA NY BNT BUK V26,3,420,1647,140,549,549,549,LOPE DIGITAL COMMERCE,LOPE DIGITAL COMMERCE,UNCLE K,VERAO 2026,MOCHILAS,MOCHILA NYLON,IMPORTADO,NYLON BNT,MOCHILAS BASICAS,MOCHILA,BUKBNTV26,1/14/2026,1
242 - UK - RECIFE 4 - 242,2 04 01 007262,GUARDA CHUVA POLIESTER RIGHE G,1,"51,9",199,"51,9",199,199,169,CONTORNOS DIFUSAO DE MODA LTDA - EPP,CONTORNOS,UNCLE K,VERAO 2022,ACESSORIOS,ACESSORIOS,NACIONAL,OUTROS,ACESSORIOS,GUARDA-CHUVA,RIGHE G,10/10/2023,1
242 - UK - RECIFE 4 - 242,2 02 17 008159,OXFORD COURO CANADIAN I24,1,"146,76","224,5","146,76",449,"224,5",449,ART - MILLE ARTEFATOS DE COURO,ART-MILLE,UNCLE K,INVERNO 2024,CALCADOS,SAPATO,NACIONAL,COURO,CALCADOS,OXFORD,CANADIANI24,6/19/2024,1
226 - UK - RECIFE - 226,2 02 18 007424,TENIS COURO RELAX V23,2,"222,46",398,"111,23",389,199,349,ART - MILLE ARTEFATOS DE COURO,ART-MILLE,UNCLE K,VERAO 2023,CALCADOS,TENIS,NACIONAL,COURO,CALCADOS,TENIS,RELAXV23,3/8/2023,1
226 - UK - RECIFE - 226,2 04 01 004646,PORTA CALCADOS POLIESTER 207465,1,"53,9",89,"53,9",89,89,175,CARIOCA ARTEFATOS EM COURO LTDA - ME,CARIOCA COUROS,UNCLE K,INVERNO 2014,ACESSORIOS,ACESSORIOS,NACIONAL,COURO/CORDA,ACESSORIOS,PORTA CALCADOS,207465,8/8/2018,1
226 - UK - RECIFE - 226,2 04 02 008661,COLAR METAL CV26H,6,210,654,35,109,109,109,VIRAGINI BIJOUTERIA LTDA,VIRAGINI,UNCLE K,VERAO 2026,ACESSORIOS,BIJUTERIA,NACIONAL,METAL,BIJUTERIA,COLAR,CV26HV26,3/6/2026,1
242 - UK - RECIFE 4 - 242,2 04 02 008661,COLAR METAL CV26H,2,70,218,35,109,109,109,VIRAGINI BIJOUTERIA LTDA,VIRAGINI,UNCLE K,VERAO 2026,ACESSORIOS,BIJUTERIA,NACIONAL,METAL,BIJUTERIA,COLAR,CV26HV26,2/12/2026,1
226 - UK - RECIFE - 226,2 04 02 008052,COLAR COURO/METAL CI24E I24,1,"49,7","79,5","49,7",159,"79,5",159,VIRAGINI BIJOUTERIA LTDA,VIRAGINI,UNCLE K,INVERNO 2024,ACESSORIOS,BIJUTERIA,NACIONAL,COURO/METAL,BIJUTERIA,COLAR,CI24EI24,3/6/2026,1
242 - UK - RECIFE 4 - 242,2 04 13 008985,NECESSAIRE SINTETICO 70615 I26,1,46,139,46,139,139,139,BMCG INDUSTRIA E COMERCIO DE COURO LTDA EPP,BMCG,UNCLE K,INVERNO 2026,ACESSORIOS,NECESSAIRES,NACIONAL,SINTETICO,NECESSAIRES,NECESSAIRE,70615I26,3/17/2026,1
226 - UK - RECIFE - 226,2 04 07 008977,CARTEIRA COURO 70426 I26,5,450,1345,90,269,269,269,BMCG INDUSTRIA E COMERCIO DE COURO LTDA EPP,BMCG,UNCLE K,INVERNO 2026,ACESSORIOS,CARTEIRA COURO,NACIONAL,COURO,CARTEIRAS,CARTEIRA COURO,70426I26,3/6/2026,1
242 - UK - RECIFE 4 - 242,2 01 04 008992,BOLSA NYLON 61455 V26,1,75,219,75,219,219,219,BMCG INDUSTRIA E COMERCIO DE COURO LTDA EPP,BMCG,UNCLE K,UPCYCLING,BOLSAS,BOLSA NYLON,NACIONAL,NYLON,BOLSAS NYLON BASICO,BOLSA TRANSPASSE,61455V26,2/25/2026,1
240 - UK - RECIFE 3 - 240,2 01 04 008991,BOLSA NYLON 61454 V26,4,260,796,65,199,199,199,BMCG INDUSTRIA E COMERCIO DE COURO LTDA EPP,BMCG,UNCLE K,UPCYCLING,BOLSAS,BOLSA NYLON,NACIONAL,NYLON,BOLSAS NYLON BASICO,BOLSA TRANSPASSE,61454V26,2/11/2026,1
242 - UK - RECIFE 4 - 242,2 01 04 008991,BOLSA NYLON 61454 V26,3,195,597,65,199,199,199,BMCG INDUSTRIA E COMERCIO DE COURO LTDA EPP,BMCG,UNCLE K,UPCYCLING,BOLSAS,BOLSA NYLON,NACIONAL,NYLON,BOLSAS NYLON BASICO,BOLSA TRANSPASSE,61454V26,2/13/2026,1
238 - UK - RECIFE 2 - 238,2 03 10 007924,MOCHILA COURO 61064 V24,1,"222,14",689,"222,14",819,689,819,BMCG INDUSTRIA E COMERCIO DE COURO LTDA EPP,BMCG,UNCLE K,VERAO 2024,MOCHILAS,MOCHILA COURO,NACIONAL,COURO,MOCHILAS/MALAS,MOCHILA,61064V24,10/23/2023,1
238 - UK - RECIFE 2 - 238,2 01 04 008990,BOLSA NYLON 61453 V26,2,140,398,70,199,199,199,BMCG INDUSTRIA E COMERCIO DE COURO LTDA EPP,BMCG,UNCLE K,UPCYCLING,BOLSAS,BOLSA NYLON,NACIONAL,NYLON,BOLSAS NYLON BASICO,BOLSA MULTIUSO,61453V26,3/13/2026,1
238 - UK - RECIFE 2 - 238,2 01 04 008989,BOLSA NYLON 61452 V26,5,450,1245,90,249,249,249,BMCG INDUSTRIA E COMERCIO DE COURO LTDA EPP,BMCG,UNCLE K,UPCYCLING,BOLSAS,BOLSA NYLON,NACIONAL,NYLON,BOLSAS NYLON BASICO,BOLSA MULTIUSO,61452V26,3/13/2026,1
226 - UK - RECIFE - 226,2 01 04 008989,BOLSA NYLON 61452 V26,7,630,1743,90,249,249,249,BMCG INDUSTRIA E COMERCIO DE COURO LTDA EPP,BMCG,UNCLE K,UPCYCLING,BOLSAS,BOLSA NYLON,NACIONAL,NYLON,BOLSAS NYLON BASICO,BOLSA MULTIUSO,61452V26,2/11/2026,1
226 - UK - RECIFE - 226,2 01 03 008988,BOLSA COURO 61459 V26,4,"350,48",1076,"87,62",269,269,269,BMCG INDUSTRIA E COMERCIO DE COURO LTDA EPP,BMCG,UNCLE K,UPCYCLING,BOLSAS,BOLSA COURO,NACIONAL,COURO,BOLSAS COURO,BOLSA TRANSPASSE,61459V26,3/3/2026,1
226 - UK - RECIFE - 226,2 01 03 008987,BOLSA COURO 61458 V26,9,"788,85",2421,"87,65",269,269,269,BMCG INDUSTRIA E COMERCIO DE COURO LTDA EPP,BMCG,UNCLE K,UPCYCLING,BOLSAS,BOLSA COURO,NACIONAL,COURO,BOLSAS COURO,BOLSA OMBRO,61458V26,2/11/2026,1
242 - UK - RECIFE 4 - 242,2 04 01 008284,PORTA LAPTOP NYLON 70570 V25,1,"62,52","99,5","62,52",199,"99,5",199,BMCG INDUSTRIA E COMERCIO DE COURO LTDA EPP,BMCG,UNCLE K,VERAO 2025,ACESSORIOS,ACESSORIOS,NACIONAL,NYLON,ACESSORIOS,PORTA LAPTOP,70570V25,9/27/2024,1
240 - UK - RECIFE 3 - 240,2 01 04 008934,BOLSA NYLON 61437 I26,4,"646,84",1876,"161,71",469,469,469,BMCG INDUSTRIA E COMERCIO DE COURO LTDA EPP,BMCG,UNCLE K,INVERNO 2026,BOLSAS,BOLSA NYLON,NACIONAL,NYLON,BOLSAS NYLON BASICO,BOLSA OMBRO,61437I26,3/19/2026,1
240 - UK - RECIFE 3 - 240,2 01 03 008668,BOLSA COURO 61381 V26,1,"207,12",649,"207,12",649,649,649,BMCG INDUSTRIA E COMERCIO DE COURO LTDA EPP,BMCG,UNCLE K,VERAO 2026,BOLSAS,BOLSA COURO,NACIONAL,COURO,BOLSAS COURO,BOLSA MULTIUSO,61381V26,12/17/2025,1
226 - UK - RECIFE - 226,2 01 04 008666,BOLSA NYLON 61283 V26,1,"163,81",479,"163,81",479,479,479,BMCG INDUSTRIA E COMERCIO DE COURO LTDA EPP,BMCG,UNCLE K,VERAO 2026,BOLSAS,BOLSA NYLON,NACIONAL,NYLON,BOLSAS NYLON BASICO,BOLSA MULTIUSO,61283V26,12/9/2025,1
226 - UK - RECIFE - 226,2 01 04 008503,BOLSA NYLON 61282 I25,1,"145,06",399,"145,06",459,399,459,BMCG INDUSTRIA E COMERCIO DE COURO LTDA EPP,BMCG,UNCLE K,INVERNO 2025,BOLSAS,BOLSA NYLON,NACIONAL,NYLON,BOLSAS NYLON BASICO,BOLSA MULTIUSO,61282I25,2/28/2025,1
226 - UK - RECIFE - 226,2 03 10 008573,MOCHILA COURO 61298 I25,1,"278,32",699,"278,32",899,699,899,BMCG INDUSTRIA E COMERCIO DE COURO LTDA EPP,BMCG,UNCLE K,INVERNO 2025,MOCHILAS,MOCHILA COURO,NACIONAL,COURO,MOCHILAS/MALAS,MOCHILA,61298I25,1/5/2026,1
238 - UK - RECIFE 2 - 238,2 04 01 008904,BOLSINHA DE MAO NY SATIN 70416 I26,3,129,417,43,139,139,139,BMCG INDUSTRIA E COMERCIO DE COURO LTDA EPP,BMCG,UNCLE K,INVERNO 2026,ACESSORIOS,ACESSORIOS,NACIONAL,SATIN,ACESSORIOS,BOLSA DE MAO,70416I26,3/11/2026,1
240 - UK - RECIFE 3 - 240,2 04 13 008680,NECESSAIRE NYLON 70266 V26,2,"69,86",138,"34,93",99,69,99,BMCG INDUSTRIA E COMERCIO DE COURO LTDA EPP,BMCG,UNCLE K,VERAO 2026,ACESSORIOS,NECESSAIRES,NACIONAL,NYLON,NECESSAIRES,NECESSAIRE,70266V26,9/12/2025,1
226 - UK - RECIFE - 226,2 04 13 008679,NECESSAIRE COURO 70419 V26,3,"121,8",357,"40,6",119,119,119,BMCG INDUSTRIA E COMERCIO DE COURO LTDA EPP,BMCG,UNCLE K,VERAO 2026,ACESSORIOS,NECESSAIRES,NACIONAL,COURO,NECESSAIRES,NECESSAIRE,70419V26,3/17/2026,1
238 - UK - RECIFE 2 - 238,2 03 10 008710,MOCHILA COURO 61064 V26,4,"1067,08",3196,"266,77",799,799,799,BMCG INDUSTRIA E COMERCIO DE COURO LTDA EPP,BMCG,UNCLE K,VERAO 2026,MOCHILAS,MOCHILA COURO,NACIONAL,COURO,MOCHILAS BASICAS,MOCHILA,61064V26,10/6/2025,1
226 - UK - RECIFE - 226,2 03 10 008710,MOCHILA COURO 61064 V26,1,"266,77",799,"266,77",799,799,799,BMCG INDUSTRIA E COMERCIO DE COURO LTDA EPP,BMCG,UNCLE K,VERAO 2026,MOCHILAS,MOCHILA COURO,NACIONAL,COURO,MOCHILAS BASICAS,MOCHILA,61064V26,1/12/2026,1
240 - UK - RECIFE 3 - 240,2 01 03 008719,BOLSA COURO 61382 V26,1,"198,67",659,"198,67",659,659,659,BMCG INDUSTRIA E COMERCIO DE COURO LTDA EPP,BMCG,UNCLE K,VERAO 2026,BOLSAS,BOLSA COURO,NACIONAL,COURO,BOLSAS COURO,BOLSA MULTIUSO,61382V26,2/23/2026,1
226 - UK - RECIFE - 226,2 01 03 008720,BOLSA COURO 61384 V26,1,"178,67",549,"178,67",549,549,549,BMCG INDUSTRIA E COMERCIO DE COURO LTDA EPP,BMCG,UNCLE K,VERAO 2026,BOLSAS,BOLSA COURO,NACIONAL,COURO,BOLSAS COURO,BOLSA MULTIUSO,61384V26,1/9/2026,1
242 - UK - RECIFE 4 - 242,2 01 03 008720,BOLSA COURO 61384 V26,2,"357,34",1098,"178,67",549,549,549,BMCG INDUSTRIA E COMERCIO DE COURO LTDA EPP,BMCG,UNCLE K,VERAO 2026,BOLSAS,BOLSA COURO,NACIONAL,COURO,BOLSAS COURO,BOLSA MULTIUSO,61384V26,3/17/2026,1
240 - UK - RECIFE 3 - 240,2 01 03 008450,BOLSA COURO 61179 V25,1,"217,06",524,"217,06",699,524,699,BMCG INDUSTRIA E COMERCIO DE COURO LTDA EPP,BMCG,UNCLE K,VERAO 2025,BOLSAS,BOLSA COURO,NACIONAL,COURO,BOLSAS COURO,BOLSA TRANSPASSE,61179V25,3/5/2026,1
238 - UK - RECIFE 2 - 238,2 04 13 008446,NECESSAIRE SINTETICO 70266 V25,3,"92,4",207,"30,8",99,69,99,BMCG INDUSTRIA E COMERCIO DE COURO LTDA EPP,BMCG,UNCLE K,VERAO 2025,ACESSORIOS,NECESSAIRES,NACIONAL,SINTETICO,NECESSAIRES,NECESSAIRE,70266ST,2/7/2026,1
240 - UK - RECIFE 3 - 240,001352,MATERIAL DE CONSUMO,-50,,,,,0,,ATELIER PONTO  E LINHA,ATELIER PONTO E LINHA,,,,,,,,,,1/17/2023,1
238 - UK - RECIFE 2 - 238,2 02 18 008762,TENIS COURO RELAX V26,4,536,1676,134,419,419,419,BNM INDUSTRIA DE CALCADOS LTDA - ME,BNM,UNCLE K,VERAO 2026,CALCADOS,TENIS,NACIONAL,COURO,CALCADOS,TENIS,RELAXV26,10/24/2025,1
226 - UK - RECIFE - 226,2 02 18 008762,TENIS COURO RELAX V26,2,268,838,134,419,419,419,BNM INDUSTRIA DE CALCADOS LTDA - ME,BNM,UNCLE K,VERAO 2026,CALCADOS,TENIS,NACIONAL,COURO,CALCADOS,TENIS,RELAXV26,10/22/2025,1
242 - UK - RECIFE 4 - 242,2 02 18 008762,TENIS COURO RELAX V26,1,134,419,134,419,419,419,BNM INDUSTRIA DE CALCADOS LTDA - ME,BNM,UNCLE K,VERAO 2026,CALCADOS,TENIS,NACIONAL,COURO,CALCADOS,TENIS,RELAXV26,3/18/2026,1
226 - UK - RECIFE - 226,2 02 18 008624,TENIS COURO RELAX I25,1,131,419,131,419,419,419,BNM INDUSTRIA DE CALCADOS LTDA - ME,BNM,UNCLE K,INVERNO 2025,CALCADOS,TENIS,NACIONAL,COURO,CALCADOS,TENIS,RELAXI25,2/7/2026,1
242 - UK - RECIFE 4 - 242,2 02 15 008761,SANDALIA COURO BINGO V26,2,230,758,115,379,379,379,BNM INDUSTRIA DE CALCADOS LTDA - ME,BNM,UNCLE K,VERAO 2026,CALCADOS,SANDALIA,NACIONAL,COURO,CALCADOS,SANDALIA SALTO,BINGOV26,2/6/2026,1
242 - UK - RECIFE 4 - 242,2 02 15 008393,SANDALIA SALTO COURO WEST V25,1,"108,5",379,"108,5",379,379,379,BNM INDUSTRIA DE CALCADOS LTDA - ME,BNM,UNCLE K,VERAO 2025,CALCADOS,SANDALIA,NACIONAL,COURO,CALCADOS,SANDALIA SALTO,WESTV25,11/1/2024,1
242 - UK - RECIFE 4 - 242,2 02 15 008743,SANDALIA COURO NIMES V26,1,115,379,115,379,379,379,BNM INDUSTRIA DE CALCADOS LTDA - ME,BNM,UNCLE K,VERAO 2026,CALCADOS,SANDALIA,NACIONAL,COURO,CALCADOS,SANDALIA SALTO,NIMESV26,10/15/2025,1
242 - UK - RECIFE 4 - 242,2 02 15 008743,SANDALIA COURO NIMES V26,1,115,379,115,379,379,379,BNM INDUSTRIA DE CALCADOS LTDA - ME,BNM,UNCLE K,VERAO 2026,CALCADOS,SANDALIA,NACIONAL,COURO,CALCADOS,SANDALIA SALTO,NIMESV26,2/28/2026,1
226 - UK - RECIFE - 226,2 02 06 008876,BOTA COURO CLOUD I26,1,138,479,138,479,479,479,BNM INDUSTRIA DE CALCADOS LTDA - ME,BNM,UNCLE K,INVERNO 2026,CALCADOS,BOTA,NACIONAL,COURO,CALCADOS,BOTA,CLOUDI26,2/26/2026,1
242 - UK - RECIFE 4 - 242,2 02 18 007299,TENIS COURO RELAX I22,1,"99,9",199,"99,9",389,199,319,BNM INDUSTRIA DE CALCADOS LTDA - ME,BNM,UNCLE K,INVERNO 2022,CALCADOS,TENIS,NACIONAL,COURO,CALCADOS,TENIS,RELAXI22,1/13/2024,1
238 - UK - RECIFE 2 - 238,2 02 15 008318,SAND SALTO NOBUCK VEG Z V25,1,114,"174,5",114,349,"174,5",349,CAMILA FERRAZ IND. E COM. DE CALCADOS LTDA - EPP,CAMILA FERRAZ - CALCADOS BERVAL,UNCLE K,VERAO 2025,CALCADOS,SANDALIA,NACIONAL,NOBUCK VEGGIE,CALCADOS,SANDALIA SALTO,ZV25,8/1/2024,1
242 - UK - RECIFE 4 - 242,2 02 15 007122,SANDALIA SINTETICO SULA V22,1,"71,5",59,"71,5",229,59,229,CAMILA FERRAZ IND. E COM. DE CALCADOS LTDA - EPP,CAMILA FERRAZ - CALCADOS BERVAL,UNCLE K,ANTIGA,CALCADOS,SANDALIA,NACIONAL,SINTETICO,CALCADOS,SANDALIA PLATAFORMA ,SULA V22,11/10/2023,1
226 - UK - RECIFE - 226,02 000004,MATERIAL CONSUMO SACO EM TNT,1760,,,,,0,,MAD AND MAIDEN CONFECCOES LTDA - ME,MAD AND MAIDEN,,,,,,,,,,3/10/2026,1
242 - UK - RECIFE 4 - 242,02 000002,MATERIAL CONSUMO SACOLA UNCLE K OFF SET,800,,,,,0,,GREENPACK ACABAMENTOS GRAFICOS LTDA. - ME,BLUE PACK,,,,,,,,,,3/18/2026,1
240 - UK - RECIFE 3 - 240,02 000002,MATERIAL CONSUMO SACOLA UNCLE K OFF SET,750,"2647,5",,"3,53",,0,,GREENPACK ACABAMENTOS GRAFICOS LTDA. - ME,BLUE PACK,,,,,,,,,,3/11/2026,1
242 - UK - RECIFE 4 - 242,2 02 15 008010,SANDALIA NAPA VEGGIE DECK V24,2,250,318,125,379,159,379,BELLE MODAS IND. E  COM. CALCADOS LTDA,ANA AGUIAR,UNCLE K,VERAO 2024,CALCADOS,SANDALIA,NACIONAL,NAPA VEGGIE,CALCADOS,PAPETE,DECKV24,2/24/2025,1
238 - UK - RECIFE 2 - 238,2 04 13 008984,ORGANIZADOR NY SATIN 70559 I26,4,"245,6",756,"61,4",189,189,189,"CAJU BOLSAS, SAPATOS E ACESSORIOS LTDA.",OPERA - TARSILA,UNCLE K,INVERNO 2026,ACESSORIOS,NECESSAIRES,NACIONAL,SATIN,NECESSAIRES,NECESSAIRE,70559I26,3/19/2026,1
242 - UK - RECIFE 4 - 242,2 01 05 008698,BOLSA NY SATIN 61371 V26,3,387,1107,129,369,369,369,"CAJU BOLSAS, SAPATOS E ACESSORIOS LTDA.",OPERA - TARSILA,UNCLE K,VERAO 2026,BOLSAS,BOLSA OUTROS,NACIONAL,SATIN,BOLSAS ESPECIAIS,BOLSA TRANSPASSE,61371V26,2/14/2026,1
242 - UK - RECIFE 4 - 242,2 01 03 008694,BOLSA COURO 61107 V26,3,501,1797,167,599,599,599,"CAJU BOLSAS, SAPATOS E ACESSORIOS LTDA.",OPERA - TARSILA,UNCLE K,VERAO 2026,BOLSAS,BOLSA COURO,NACIONAL,COURO,BOLSAS COURO,BOLSA MULTIUSO,61107V26,12/10/2025,1
238 - UK - RECIFE 2 - 238,2 01 05 008965,BOLSA PU NOBUCK 61264 I26,1,53,189,53,189,189,189,"CAJU BOLSAS, SAPATOS E ACESSORIOS LTDA.",OPERA - TARSILA,UNCLE K,INVERNO 2026,BOLSAS,BOLSA OUTROS,NACIONAL,PU NOBUCK,BOLSAS PU,BOLSA TRANSPASSE,61264I26,2/23/2026,1
242 - UK - RECIFE 4 - 242,2 01 05 008963,BOLSA PU NOBUCK 61263 I26,1,"93,75",299,"93,75",299,299,299,"CAJU BOLSAS, SAPATOS E ACESSORIOS LTDA.",OPERA - TARSILA,UNCLE K,INVERNO 2026,BOLSAS,BOLSA OUTROS,NACIONAL,PU NOBUCK,BOLSAS PU,BOLSA OMBRO,61263I26,3/12/2026,1
238 - UK - RECIFE 2 - 238,2 01 03 008938,BOLSA COURO 61107 I26,8,1500,4792,"187,5",599,599,599,"CAJU BOLSAS, SAPATOS E ACESSORIOS LTDA.",OPERA - TARSILA,UNCLE K,INVERNO 2026,BOLSAS,BOLSA COURO,NACIONAL,COURO,BOLSAS COURO,BOLSA MULTIUSO,61107I26,3/18/2026,1
242 - UK - RECIFE 4 - 242,2 01 03 008938,BOLSA COURO 61107 I26,1,"187,5",599,"187,5",599,599,599,"CAJU BOLSAS, SAPATOS E ACESSORIOS LTDA.",OPERA - TARSILA,UNCLE K,INVERNO 2026,BOLSAS,BOLSA COURO,NACIONAL,COURO,BOLSAS COURO,BOLSA MULTIUSO,61107I26,3/17/2026,1
240 - UK - RECIFE 3 - 240,2 01 05 008783,BOLSA SATIN 61286 V26,1,89,319,89,319,319,319,"CAJU BOLSAS, SAPATOS E ACESSORIOS LTDA.",OPERA - TARSILA,UNCLE K,VERAO 2026,BOLSAS,BOLSA OUTROS,NACIONAL,SATIN,BOLSAS ESPECIAIS,BOLSA TRANSPASSE,61286V26,2/6/2026,1
226 - UK - RECIFE - 226,2 01 03 008691,BOLSA COURO 61387 V26,1,177,589,177,589,589,589,"CAJU BOLSAS, SAPATOS E ACESSORIOS LTDA.",OPERA - TARSILA,UNCLE K,VERAO 2026,BOLSAS,BOLSA COURO,NACIONAL,COURO,BOLSAS COURO,BOLSA BAGUETE,61387V26,2/12/2026,1
226 - UK - RECIFE - 226,2 04 08 008583,CARTEIRA NY LISTRADO 70450 I25,1,45,119,45,159,119,159,"CAJU BOLSAS, SAPATOS E ACESSORIOS LTDA.",OPERA - TARSILA,UNCLE K,INVERNO 2025,ACESSORIOS,CARTEIRA NYLON,NACIONAL,NYLON LISTRADO,CARTEIRAS,CARTEIRA NYLON,70450I25,11/8/2025,1
238 - UK - RECIFE 2 - 238,2 01 05 008536,BOLSA PU SOFT 61289 I25,1,99,219,99,309,219,309,"CAJU BOLSAS, SAPATOS E ACESSORIOS LTDA.",OPERA - TARSILA,UNCLE K,INVERNO 2025,BOLSAS,BOLSA OUTROS,NACIONAL,PU SOFT,BOLSAS PU,BOLSA OMBRO,61289I25,8/13/2025,1
238 - UK - RECIFE 2 - 238,2 01 05 008674,BOLSA PU 61265 V26,2,123,438,"61,5",219,219,219,"CAJU BOLSAS, SAPATOS E ACESSORIOS LTDA.",OPERA - TARSILA,UNCLE K,VERAO 2026,BOLSAS,BOLSA OUTROS,NACIONAL,PU,BOLSAS PU,BOLSA TRANSPASSE,61265V26,1/30/2026,1
226 - UK - RECIFE - 226,2 04 13 008653,NECESSAIRE NY SATIN 70546 V26,2,90,278,45,139,139,139,"CAJU BOLSAS, SAPATOS E ACESSORIOS LTDA.",OPERA - TARSILA,UNCLE K,VERAO 2026,ACESSORIOS,NECESSAIRES,NACIONAL,SATIN,NECESSAIRES,NECESSAIRE,70546V26,12/15/2025,1
226 - UK - RECIFE - 226,2 01 05 008258,BOLSA SINTETICO 61263 V25,2,156,578,78,289,289,289,"CAJU BOLSAS, SAPATOS E ACESSORIOS LTDA.",OPERA - TARSILA,UNCLE K,VERAO 2025,BOLSAS,BOLSA OUTROS,NACIONAL,SINTETICO YORK,BOLSAS PU,BOLSA OMBRO,61263V25,3/6/2026,1
238 - UK - RECIFE 2 - 238,2 04 13 008728,NECESSAIRE CRISTAL/ESTAMPA 70599 V26,1,67,199,67,199,199,199,"CAJU BOLSAS, SAPATOS E ACESSORIOS LTDA.",OPERA - TARSILA,UNCLE K,VERAO 2026,ACESSORIOS,NECESSAIRES,NACIONAL,CRISTAL/NY ESTAMPADO,NECESSAIRES,NECESSAIRE,70599V26,12/2/2025,1
240 - UK - RECIFE 3 - 240,2 01 05 008722,BOLSA LONA 61202 V26,1,81,259,81,259,259,259,"CAJU BOLSAS, SAPATOS E ACESSORIOS LTDA.",OPERA - TARSILA,UNCLE K,VERAO 2026,BOLSAS,BOLSA OUTROS,NACIONAL,LONA,BOLSAS ESPECIAIS,BOLSA OMBRO,61202V26,12/10/2025,1
226 - UK - RECIFE - 226,2 01 05 008183,BOLSA VELA 61195 UK REVELA,3,426,1497,142,499,499,499,"CAJU BOLSAS, SAPATOS E ACESSORIOS LTDA.",OPERA - TARSILA,UNCLE K,UK REVELA,BOLSAS,BOLSA OUTROS,NACIONAL,VELA,BOLSAS ESPECIAIS,BOLSA MULTIUSO,61195UKREVELA,3/6/2026,1
226 - UK - RECIFE - 226,2 01 05 008182,BOLSA VELA 61193 UK REVELA,1,"125,4",379,"125,4",379,379,379,"CAJU BOLSAS, SAPATOS E ACESSORIOS LTDA.",OPERA - TARSILA,UNCLE K,UK REVELA,BOLSAS,BOLSA OUTROS,NACIONAL,VELA,BOLSAS ESPECIAIS,BOLSA OMBRO,61193UKREVELA,3/6/2026,1
240 - UK - RECIFE 3 - 240,2 04 02 008500,COLAR METAL CI25L,3,90,327,30,109,109,109,SRR COUTINHO COMERCIO DE BIJUTERIAS EM GERAL ME,SANDRA BIJOUX,UNCLE K,INVERNO 2025,ACESSORIOS,BIJUTERIA,NACIONAL,METAL,BIJUTERIA,COLAR,CI25L,3/20/2026,1
242 - UK - RECIFE 4 - 242,2 04 02 007968,COLAR METAL/RESINA CV24I V24,1,38,49,38,139,49,139,SRR COUTINHO COMERCIO DE BIJUTERIAS EM GERAL ME,SANDRA BIJOUX,UNCLE K,VERAO 2024,ACESSORIOS,BIJUTERIA,NACIONAL,METAL/RESINA,BIJUTERIA,COLAR,CV24IV24,2/20/2024,1
226 - UK - RECIFE - 226,2 04 02 007968,COLAR METAL/RESINA CV24I V24,1,38,49,38,139,49,139,SRR COUTINHO COMERCIO DE BIJUTERIAS EM GERAL ME,SANDRA BIJOUX,UNCLE K,VERAO 2024,ACESSORIOS,BIJUTERIA,NACIONAL,METAL/RESINA,BIJUTERIA,COLAR,CV24IV24,3/4/2026,1
238 - UK - RECIFE 2 - 238,2 04 02 007484,CORDINHA PARA OCULOS FITA CV23D,1,"16,7",39,"16,7",59,39,59,SRR COUTINHO COMERCIO DE BIJUTERIAS EM GERAL ME,SANDRA BIJOUX,UNCLE K,VERAO 2023,ACESSORIOS,BIJUTERIA,NACIONAL,FITA,BIJUTERIA,CORDINHA PARA OCULOS,CV23D,12/19/2024,1
242 - UK - RECIFE 4 - 242,2 02 16 008322,SAPATILHA NAPA VEG LILLY V25,1,"59,9","99,5","59,9",199,"99,5",199,CALCADOS PERTHO LTDA-ME,NICOLLI ROSSETTI,UNCLE K,VERAO 2025,CALCADOS,SAPATILHA,NACIONAL,NAPA VEGGIE,CALCADOS,SAPATILHA BAILARINA,LILLYV25,2/19/2026,1
242 - UK - RECIFE 4 - 242,2 02 14 008757,RASTEIRA NOBUCK VEG OASIS V26,2,"119,8",398,"59,9",199,199,199,CALCADOS PERTHO LTDA-ME,NICOLLI ROSSETTI,UNCLE K,VERAO 2026,CALCADOS,SANDALIA  RASTEIRA,NACIONAL,NOBUCK VEGGIE,CALCADOS,RASTEIRA,OASISV26,12/26/2025,1
240 - UK - RECIFE 3 - 240,2 02 14 008757,RASTEIRA NOBUCK VEG OASIS V26,1,"59,9",199,"59,9",199,199,199,CALCADOS PERTHO LTDA-ME,NICOLLI ROSSETTI,UNCLE K,VERAO 2026,CALCADOS,SANDALIA  RASTEIRA,NACIONAL,NOBUCK VEGGIE,CALCADOS,RASTEIRA,OASISV26,10/3/2025,1
242 - UK - RECIFE 4 - 242,2 02 14 008775,RASTEIRA VEGGIE SPRING V26,1,"41,9",139,"41,9",139,139,139,CALCADOS PERTHO LTDA-ME,NICOLLI ROSSETTI,UNCLE K,VERAO 2026,CALCADOS,SANDALIA  RASTEIRA,NACIONAL,VEGGIE,CALCADOS,RASTEIRA,SPRINGV26,3/18/2026,1
238 - UK - RECIFE 2 - 238,2 02 14 008775,RASTEIRA VEGGIE SPRING V26,5,"209,5",695,"41,9",139,139,139,CALCADOS PERTHO LTDA-ME,NICOLLI ROSSETTI,UNCLE K,VERAO 2026,CALCADOS,SANDALIA  RASTEIRA,NACIONAL,VEGGIE,CALCADOS,RASTEIRA,SPRINGV26,12/23/2025,1
242 - UK - RECIFE 4 - 242,2 02 14 008770,RASTEIRA NOBUCK VEG VERT V26,1,55,189,55,189,189,189,CALCADOS PERTHO LTDA-ME,NICOLLI ROSSETTI,UNCLE K,VERAO 2026,CALCADOS,SANDALIA  RASTEIRA,NACIONAL,NOBUCK VEGGIE,CALCADOS,RASTEIRA,VERTV26,3/13/2026,1
226 - UK - RECIFE - 226,2 02 14 008770,RASTEIRA NOBUCK VEG VERT V26,2,110,378,55,189,189,189,CALCADOS PERTHO LTDA-ME,NICOLLI ROSSETTI,UNCLE K,VERAO 2026,CALCADOS,SANDALIA  RASTEIRA,NACIONAL,NOBUCK VEGGIE,CALCADOS,RASTEIRA,VERTV26,12/9/2025,1
242 - UK - RECIFE 4 - 242,2 02 14 008770,RASTEIRA NOBUCK VEG VERT V26,1,55,189,55,189,189,189,CALCADOS PERTHO LTDA-ME,NICOLLI ROSSETTI,UNCLE K,VERAO 2026,CALCADOS,SANDALIA  RASTEIRA,NACIONAL,NOBUCK VEGGIE,CALCADOS,RASTEIRA,VERTV26,3/2/2026,1
238 - UK - RECIFE 2 - 238,2 02 14 008770,RASTEIRA NOBUCK VEG VERT V26,1,55,189,55,189,189,189,CALCADOS PERTHO LTDA-ME,NICOLLI ROSSETTI,UNCLE K,VERAO 2026,CALCADOS,SANDALIA  RASTEIRA,NACIONAL,NOBUCK VEGGIE,CALCADOS,RASTEIRA,VERTV26,3/14/2026,1
226 - UK - RECIFE - 226,2 02 16 008739,SAPATILHA NOBUCK VEG BOTANIK V26,1,53,139,53,179,139,179,CALCADOS PERTHO LTDA-ME,NICOLLI ROSSETTI,UNCLE K,VERAO 2026,CALCADOS,SAPATILHA,NACIONAL,NOBUCK VEGGIE,CALCADOS,SAPATILHA,BOTANIKV26,2/26/2026,1
238 - UK - RECIFE 2 - 238,2 02 16 008739,SAPATILHA NOBUCK VEG BOTANIK V26,1,53,139,53,179,139,179,CALCADOS PERTHO LTDA-ME,NICOLLI ROSSETTI,UNCLE K,VERAO 2026,CALCADOS,SAPATILHA,NACIONAL,NOBUCK VEGGIE,CALCADOS,SAPATILHA,BOTANIKV26,8/25/2025,1
226 - UK - RECIFE - 226,2 02 15 008870,PAPETE ELASTICO LAND I26,2,152,518,76,259,259,259,CALCADOS PERTHO LTDA-ME,NICOLLI ROSSETTI,UNCLE K,INVERNO 2026,CALCADOS,SANDALIA,NACIONAL,ELASTICO,CALCADOS,PAPETE,LANDI26,2/14/2026,1
226 - UK - RECIFE - 226,2 02 15 008870,PAPETE ELASTICO LAND I26,2,152,518,76,259,259,259,CALCADOS PERTHO LTDA-ME,NICOLLI ROSSETTI,UNCLE K,INVERNO 2026,CALCADOS,SANDALIA,NACIONAL,ELASTICO,CALCADOS,PAPETE,LANDI26,3/7/2026,1
226 - UK - RECIFE - 226,2 02 15 008868,RASTEIRA NAPA VEG IKEBANA I26,3,138,477,46,159,159,159,CALCADOS PERTHO LTDA-ME,NICOLLI ROSSETTI,UNCLE K,INVERNO 2026,CALCADOS,SANDALIA,NACIONAL,NAPA VEGGIE,CALCADOS,RASTEIRA,IKEBANAI26,3/10/2026,1
238 - UK - RECIFE 2 - 238,2 02 15 008868,RASTEIRA NAPA VEG IKEBANA I26,3,138,477,46,159,159,159,CALCADOS PERTHO LTDA-ME,NICOLLI ROSSETTI,UNCLE K,INVERNO 2026,CALCADOS,SANDALIA,NACIONAL,NAPA VEGGIE,CALCADOS,RASTEIRA,IKEBANAI26,3/11/2026,1
238 - UK - RECIFE 2 - 238,2 02 15 008869,RASTEIRA NOBUCK VEG SPIDER I26,1,62,199,62,199,199,199,CALCADOS PERTHO LTDA-ME,NICOLLI ROSSETTI,UNCLE K,INVERNO 2026,CALCADOS,SANDALIA,NACIONAL,NOBUCK VEGGIE,CALCADOS,RASTEIRA,SPIDERI26,3/10/2026,1
240 - UK - RECIFE 3 - 240,2 02 15 008869,RASTEIRA NOBUCK VEG SPIDER I26,1,62,199,62,199,199,199,CALCADOS PERTHO LTDA-ME,NICOLLI ROSSETTI,UNCLE K,INVERNO 2026,CALCADOS,SANDALIA,NACIONAL,NOBUCK VEGGIE,CALCADOS,RASTEIRA,SPIDERI26,2/25/2026,1
238 - UK - RECIFE 2 - 238,2 02 15 007995,FLAT NOB VEG/ELASTICO SPIDER V24,1,51,179,51,199,179,179,CALCADOS PERTHO LTDA-ME,NICOLLI ROSSETTI,UNCLE K,VERAO 2024,CALCADOS,SANDALIA,NACIONAL,NOBUCK VEGGIE/ELASTI,CALCADOS,RASTEIRA,SPIDERV24,12/11/2023,1
242 - UK - RECIFE 4 - 242,2 04 01 008657,PORTA FONE COURO 70592 V26,2,"56,56",138,"28,28",89,69,89,MARJU INDUSTRIA E COMERCIO DE COURO EIRELI,MARJU,UNCLE K,VERAO 2026,ACESSORIOS,ACESSORIOS,NACIONAL,COURO,ACESSORIOS,PORTA FONE,70592V26,1/14/2026,1
226 - UK - RECIFE - 226,2 04 01 008655,PORTA CELULAR COURO 70366 V26,1,"69,81",169,"69,81",209,169,209,MARJU INDUSTRIA E COMERCIO DE COURO EIRELI,MARJU,UNCLE K,VERAO 2026,ACESSORIOS,ACESSORIOS,NACIONAL,COURO,ACESSORIOS,PORTA CELULAR,70366V26,12/26/2025,1
238 - UK - RECIFE 2 - 238,2 04 01 008777,PORTA DOC COURO 70351 V26,1,"44,2",139,"44,2",139,139,139,MARJU INDUSTRIA E COMERCIO DE COURO EIRELI,MARJU,UNCLE K,VERAO 2026,ACESSORIOS,ACESSORIOS,NACIONAL,COURO,ACESSORIOS,PORTA DOCUMENTO,70351V26,12/22/2025,1
226 - UK - RECIFE - 226,2 04 01 008640,PORTA PASSAPORTE COURO 70350 V26,1,53,119,53,159,119,159,MARJU INDUSTRIA E COMERCIO DE COURO EIRELI,MARJU,UNCLE K,VERAO 2026,ACESSORIOS,ACESSORIOS,NACIONAL,COURO,ACESSORIOS,PORTA PASSAPORTE,70350V26,1/19/2026,1
240 - UK - RECIFE 3 - 240,2 04 01 008908,BAG CHARM SINTETICO 70622 I26,6,168,534,28,89,89,89,MARJU INDUSTRIA E COMERCIO DE COURO EIRELI,MARJU,UNCLE K,INVERNO 2026,ACESSORIOS,ACESSORIOS,NACIONAL,SINTETICO,ACESSORIOS,CHAVEIRO,70622I26,3/4/2026,1
226 - UK - RECIFE - 226,2 04 19 008726,CARTEIRA PU 70533 V26,1,"88,1",149,"88,1",219,149,219,MARJU INDUSTRIA E COMERCIO DE COURO EIRELI,MARJU,UNCLE K,VERAO 2026,ACESSORIOS,CARTEIRAS,NACIONAL,PU,CARTEIRAS,CARTEIRA,70533V26,2/28/2026,1
238 - UK - RECIFE 2 - 238,2 04 07 008651,CARTEIRA COURO 70347 V26,1,"75,67",229,"75,67",229,229,229,MARJU INDUSTRIA E COMERCIO DE COURO EIRELI,MARJU,UNCLE K,VERAO 2026,ACESSORIOS,CARTEIRA COURO,NACIONAL,COURO,CARTEIRAS,CARTEIRA COURO,70347V26,3/16/2026,1
242 - UK - RECIFE 4 - 242,2 04 07 008702,CARTEIRA COURO 70499 V26,1,"52,86",169,"52,86",169,169,169,MARJU INDUSTRIA E COMERCIO DE COURO EIRELI,MARJU,UNCLE K,VERAO 2026,ACESSORIOS,CARTEIRA COURO,NACIONAL,COURO,CARTEIRAS,CARTEIRA COURO,70499V26,12/16/2025,1
242 - UK - RECIFE 4 - 242,2 04 07 008701,CARTEIRA COURO 70426 V26,1,"89,9",269,"89,9",269,269,269,MARJU INDUSTRIA E COMERCIO DE COURO EIRELI,MARJU,UNCLE K,VERAO 2026,ACESSORIOS,CARTEIRA COURO,NACIONAL,COURO,CARTEIRAS,CARTEIRA COURO,70426V26,12/16/2025,1
238 - UK - RECIFE 2 - 238,2 04 01 008433,PORTA NIQUEL PU GELATO V25,2,"74,82",98,"37,41",119,49,119,MARJU INDUSTRIA E COMERCIO DE COURO EIRELI,MARJU,UNCLE K,VERAO 2025,ACESSORIOS,ACESSORIOS,NACIONAL,PU,ACESSORIOS,PORTA NIQUEL,70560V25,12/29/2025,1
238 - UK - RECIFE 2 - 238,2 04 07 007782,CARTEIRA COURO 70376,1,"42,14",159,"42,14",159,159,159,MARJU INDUSTRIA E COMERCIO DE COURO EIRELI,MARJU,UNCLE K,INVERNO 2023,ACESSORIOS,CARTEIRA COURO,NACIONAL,COURO,MASCULINO,CARTEIRA MASCULINA,70376I23,3/13/2026,1
242 - UK - RECIFE 4 - 242,2 04 19 008377,CARTEIRA PU 70533 V25,3,"238,38",447,"79,46",219,149,219,MARJU INDUSTRIA E COMERCIO DE COURO EIRELI,MARJU,UNCLE K,VERAO 2025,ACESSORIOS,CARTEIRAS,NACIONAL,PU,CARTEIRAS,CARTEIRA,70533V25,10/29/2024,1
240 - UK - RECIFE 3 - 240,2 04 19 008377,CARTEIRA PU 70533 V25,2,"158,92",298,"79,46",219,149,219,MARJU INDUSTRIA E COMERCIO DE COURO EIRELI,MARJU,UNCLE K,VERAO 2025,ACESSORIOS,CARTEIRAS,NACIONAL,PU,CARTEIRAS,CARTEIRA,70533V25,10/24/2024,1
226 - UK - RECIFE - 226,2 01 03 008261,BOLSA COURO 61063 V25,1,138,459,138,459,459,459,MARJU INDUSTRIA E COMERCIO DE COURO EIRELI,MARJU,UNCLE K,VERAO 2025,BOLSAS,BOLSA COURO,NACIONAL,COURO,BOLSAS COURO,BOLSA MULTIUSO,61063V25,8/5/2025,1
242 - UK - RECIFE 4 - 242,2 04 07 008203,CARTEIRA COURO 70377 I24,1,"34,9",119,"34,9",119,119,119,MARJU INDUSTRIA E COMERCIO DE COURO EIRELI,MARJU,UNCLE K,INVERNO 2024,ACESSORIOS,CARTEIRA COURO,NACIONAL,COURO,MASCULINO,CARTEIRA MASCULINA,70377I24,11/6/2025,1
242 - UK - RECIFE 4 - 242,2 04 07 008202,CARTEIRA COURO 70376 I24,3,"159,33",537,"53,11",179,179,179,MARJU INDUSTRIA E COMERCIO DE COURO EIRELI,MARJU,UNCLE K,INVERNO 2024,ACESSORIOS,CARTEIRA COURO,NACIONAL,COURO,MASCULINO,CARTEIRA MASCULINA,70376I24,8/13/2024,1
226 - UK - RECIFE - 226,2 04 07 008202,CARTEIRA COURO 70376 I24,1,"53,11",179,"53,11",179,179,179,MARJU INDUSTRIA E COMERCIO DE COURO EIRELI,MARJU,UNCLE K,INVERNO 2024,ACESSORIOS,CARTEIRA COURO,NACIONAL,COURO,MASCULINO,CARTEIRA MASCULINA,70376I24,12/4/2025,1
226 - UK - RECIFE - 226,2 04 07 008201,CARTEIRA COURO 70375 I24,1,"49,95",169,"49,95",169,169,169,MARJU INDUSTRIA E COMERCIO DE COURO EIRELI,MARJU,UNCLE K,INVERNO 2024,ACESSORIOS,CARTEIRA COURO,NACIONAL,COURO,MASCULINO,CARTEIRA MASCULINA,70375I24,3/6/2026,1
238 - UK - RECIFE 2 - 238,2 04 01 007441,PORTA CELULAR NYLON 70441 V23,1,"54,63",189,"54,63",189,189,189,MARJU INDUSTRIA E COMERCIO DE COURO EIRELI,MARJU,UNCLE K,VERAO 2023,ACESSORIOS,ACESSORIOS,NACIONAL,NYLON,ACESSORIOS,PORTA CELULAR,70441V23,3/1/2023,1
238 - UK - RECIFE 2 - 238,2 04 01 007824,GUARDA CHUVA POLIESTER GOMOS P,1,"54,9",179,"54,9",169,179,179,GUARDACHUVARIA CONTORNOS,CONTORNOS 2,UNCLE K,VERAO 2024,ACESSORIOS,ACESSORIOS,NACIONAL,POLIESTER,ACESSORIOS,GUARDA-CHUVA,GOMOSPV24,12/29/2025,1
238 - UK - RECIFE 2 - 238,2 04 01 007639,GUARDA CHUVA POLIESTER MINI FUN P,1,"51,9",169,"51,9",169,169,169,GUARDACHUVARIA CONTORNOS,CONTORNOS 2,UNCLE K,INVERNO 2023,ACESSORIOS,ACESSORIOS,NACIONAL,POLIESTER,ACESSORIOS,GUARDA-CHUVA,MINIFUNPI23,2/27/2025,1
226 - UK - RECIFE - 226,2 02 16 008167,SAPATILHA COURO ROMA I24,1,"88,9","144,5","88,9",289,"144,5",289,RC INDUSTRIA DE CALCADOS EIRELI,PRIMMA SCARPA,UNCLE K,INVERNO 2024,CALCADOS,SAPATILHA,NACIONAL,COURO,CALCADOS,SAPATILHA BONECA,ROMAI24,5/21/2024,1
226 - UK - RECIFE - 226,2 02 18 007421,TENIS LONA ALOHA V23,1,84,149,84,299,149,279,RC INDUSTRIA DE CALCADOS EIRELI,PRIMMA SCARPA,UNCLE K,VERAO 2023,CALCADOS,TENIS,NACIONAL,LONA,CALCADOS,TENIS,ALOHAV23,9/12/2022,1
242 - UK - RECIFE 4 - 242,2 02 18 008873,TENIS NAPA VEG TK2 I26,12,1140,4308,95,359,359,359,INDUSTRIA E COMERCIO DE CALCADOS S SANTOS LTDA,SUZANA SANTOS,UNCLE K,INVERNO 2026,CALCADOS,TENIS,NACIONAL,NAPA VEGGIE,CALCADOS,TENIS,TK2I26,3/16/2026,1
240 - UK - RECIFE 3 - 240,2 02 18 008873,TENIS NAPA VEG TK2 I26,12,1140,4308,95,359,359,359,INDUSTRIA E COMERCIO DE CALCADOS S SANTOS LTDA,SUZANA SANTOS,UNCLE K,INVERNO 2026,CALCADOS,TENIS,NACIONAL,NAPA VEGGIE,CALCADOS,TENIS,TK2I26,3/16/2026,1
238 - UK - RECIFE 2 - 238,2 02 17 008270,SAPATO NOBUCK VEG FRANCIS V25,1,92,"174,5",92,349,"174,5",349,INDUSTRIA E COMERCIO DE CALCADOS S SANTOS LTDA,SUZANA SANTOS,UNCLE K,VERAO 2025,CALCADOS,SAPATO,NACIONAL,NOBUCK VEGGIE,CALCADOS,SAPATO BONECA,FRANCISV25,3/11/2026,1
238 - UK - RECIFE 2 - 238,2 02 17 008270,SAPATO NOBUCK VEG FRANCIS V25,1,92,"174,5",92,349,"174,5",349,INDUSTRIA E COMERCIO DE CALCADOS S SANTOS LTDA,SUZANA SANTOS,UNCLE K,VERAO 2025,CALCADOS,SAPATO,NACIONAL,NOBUCK VEGGIE,CALCADOS,SAPATO BONECA,FRANCISV25,8/1/2024,1
240 - UK - RECIFE 3 - 240,2 02 15 008765,PAPETE TRAMA VEG KITTY V26,2,126,518,63,259,259,259,INDUSTRIA E COMERCIO DE CALCADOS S.SANTOS LTDA,RENATA MELLO,UNCLE K,VERAO 2026,CALCADOS,SANDALIA,NACIONAL,TRAMA VEGGIE,CALCADOS,PAPETE,KITTYV26,3/9/2026,1
238 - UK - RECIFE 2 - 238,2 02 14 008764,RASTEIRA NOBUCK VEG BIJOUX V26,1,49,159,49,159,159,159,INDUSTRIA E COMERCIO DE CALCADOS S.SANTOS LTDA,RENATA MELLO,UNCLE K,VERAO 2026,CALCADOS,SANDALIA  RASTEIRA,NACIONAL,NOBUCK VEGGIE,CALCADOS,RASTEIRA,BIJOUXV26,2/4/2026,1
238 - UK - RECIFE 2 - 238,2 02 14 008764,RASTEIRA NOBUCK VEG BIJOUX V26,1,49,159,49,159,159,159,INDUSTRIA E COMERCIO DE CALCADOS S.SANTOS LTDA,RENATA MELLO,UNCLE K,VERAO 2026,CALCADOS,SANDALIA  RASTEIRA,NACIONAL,NOBUCK VEGGIE,CALCADOS,RASTEIRA,BIJOUXV26,1/15/2026,1
240 - UK - RECIFE 3 - 240,2 02 14 008764,RASTEIRA NOBUCK VEG BIJOUX V26,1,49,159,49,159,159,159,INDUSTRIA E COMERCIO DE CALCADOS S.SANTOS LTDA,RENATA MELLO,UNCLE K,VERAO 2026,CALCADOS,SANDALIA  RASTEIRA,NACIONAL,NOBUCK VEGGIE,CALCADOS,RASTEIRA,BIJOUXV26,11/29/2025,1
226 - UK - RECIFE - 226,2 02 15 008849,RASTEIRA NAPA/CAMURCA VEG EMBAU V26,1,36,149,36,149,149,149,INDUSTRIA E COMERCIO DE CALCADOS S.SANTOS LTDA,RENATA MELLO,UNCLE K,ALTO VERAO 2026,CALCADOS,SANDALIA,NACIONAL,NAPA/CAMURCA VEGGIE,CALCADOS,RASTEIRA,EMBAUV26,2/11/2026,1
238 - UK - RECIFE 2 - 238,2 02 15 008766,PLATAFORMA VEGGIE PAX V26,1,60,259,60,259,259,259,INDUSTRIA E COMERCIO DE CALCADOS S.SANTOS LTDA,RENATA MELLO,UNCLE K,VERAO 2026,CALCADOS,SANDALIA,NACIONAL,VEGGIE,CALCADOS,PLATAFORMA,PAXV26,3/10/2026,1
240 - UK - RECIFE 3 - 240,2 02 15 008848,RASTEIRA NAPA/CAMURCA VEG MARAU V26,1,36,149,36,149,149,149,INDUSTRIA E COMERCIO DE CALCADOS S.SANTOS LTDA,RENATA MELLO,UNCLE K,ALTO VERAO 2026,CALCADOS,SANDALIA,NACIONAL,NAPA/CAMURCA VEGGIE,CALCADOS,RASTEIRA,MARAUV26,2/3/2026,1
226 - UK - RECIFE - 226,2 02 14 008846,RASTEIRA CAMURCA VEGGIE ESPELHO V26,3,135,537,45,179,179,179,INDUSTRIA E COMERCIO DE CALCADOS S.SANTOS LTDA,RENATA MELLO,UNCLE K,ALTO VERAO 2026,CALCADOS,SANDALIA,NACIONAL,CAMURCA VEGGIE,CALCADOS,RASTEIRA,ESPELHOV26,12/15/2025,1
226 - UK - RECIFE - 226,2 02 14 008846,RASTEIRA CAMURCA VEGGIE ESPELHO V26,1,45,179,45,179,179,179,INDUSTRIA E COMERCIO DE CALCADOS S.SANTOS LTDA,RENATA MELLO,UNCLE K,ALTO VERAO 2026,CALCADOS,SANDALIA,NACIONAL,CAMURCA VEGGIE,CALCADOS,RASTEIRA,ESPELHOV26,1/7/2026,1
226 - UK - RECIFE - 226,2 02 14 008773,RASTEIRA NAPA VEG QUINTA V26,1,36,129,36,129,129,129,INDUSTRIA E COMERCIO DE CALCADOS S.SANTOS LTDA,RENATA MELLO,UNCLE K,VERAO 2026,CALCADOS,SANDALIA  RASTEIRA,NACIONAL,NAPA VEGGIE,CALCADOS,RASTEIRA,QUINTAV26,1/3/2026,1
226 - UK - RECIFE - 226,2 02 14 008773,RASTEIRA NAPA VEG QUINTA V26,1,36,129,36,129,129,129,INDUSTRIA E COMERCIO DE CALCADOS S.SANTOS LTDA,RENATA MELLO,UNCLE K,VERAO 2026,CALCADOS,SANDALIA  RASTEIRA,NACIONAL,NAPA VEGGIE,CALCADOS,RASTEIRA,QUINTAV26,3/6/2026,1
238 - UK - RECIFE 2 - 238,2 02 15 008772,PLATAFORMA NOBUCK VEG DIGGY V26,2,152,658,76,329,329,329,INDUSTRIA E COMERCIO DE CALCADOS S.SANTOS LTDA,RENATA MELLO,UNCLE K,VERAO 2026,CALCADOS,SANDALIA,NACIONAL,NOBUCK VEGGIE,CALCADOS,PLATAFORMA,DIGGYV26,2/28/2026,1
242 - UK - RECIFE 4 - 242,2 02 15 008772,PLATAFORMA NOBUCK VEG DIGGY V26,1,76,329,76,329,329,329,INDUSTRIA E COMERCIO DE CALCADOS S.SANTOS LTDA,RENATA MELLO,UNCLE K,VERAO 2026,CALCADOS,SANDALIA,NACIONAL,NOBUCK VEGGIE,CALCADOS,PLATAFORMA,DIGGYV26,1/19/2026,1
238 - UK - RECIFE 2 - 238,2 02 15 008370,RASTEIRA CAMURCA VEG EMMA V25,1,46,"79,5",46,159,"79,5",159,INDUSTRIA E COMERCIO DE CALCADOS S.SANTOS LTDA,RENATA MELLO,UNCLE K,VERAO 2025,CALCADOS,SANDALIA,NACIONAL,CAMURCA VEGGIE,CALCADOS,RASTEIRA,EMMAV25,12/5/2024,1
240 - UK - RECIFE 3 - 240,2 02 18 008749,TENIS VEGGIE KA V26,1,84,349,84,349,349,349,INDUSTRIA E COMERCIO DE CALCADOS S.SANTOS LTDA,RENATA MELLO,UNCLE K,VERAO 2026,CALCADOS,TENIS,NACIONAL,VEGGIE,CALCADOS,TENIS,KAV26,3/4/2026,1
242 - UK - RECIFE 4 - 242,2 02 18 008749,TENIS VEGGIE KA V26,1,84,349,84,349,349,349,INDUSTRIA E COMERCIO DE CALCADOS S.SANTOS LTDA,RENATA MELLO,UNCLE K,VERAO 2026,CALCADOS,TENIS,NACIONAL,VEGGIE,CALCADOS,TENIS,KAV26,1/8/2026,1
238 - UK - RECIFE 2 - 238,2 02 15 008748,PLATAFORMA NOBUCK VEG MARIANA V26,1,84,329,84,329,329,329,INDUSTRIA E COMERCIO DE CALCADOS S.SANTOS LTDA,RENATA MELLO,UNCLE K,VERAO 2026,CALCADOS,SANDALIA,NACIONAL,NOBUCK VEGGIE,CALCADOS,PLATAFORMA,MARIANAV26,12/12/2025,1
240 - UK - RECIFE 3 - 240,2 02 18 008605,TENIS COURO RIO I25,1,149,469,149,469,469,469,CALCADOS SHELTER INDUSTRIA E COMERCIA LTDA EPP,SHELTER,UNCLE K,INVERNO 2025,CALCADOS,TENIS,NACIONAL,COURO,CALCADOS,TENIS,RIOI25,3/19/2026,1
226 - UK - RECIFE - 226,2 02 18 008605,TENIS COURO RIO I25,1,149,469,149,469,469,469,CALCADOS SHELTER INDUSTRIA E COMERCIA LTDA EPP,SHELTER,UNCLE K,INVERNO 2025,CALCADOS,TENIS,NACIONAL,COURO,CALCADOS,TENIS,RIOI25,2/24/2026,1
226 - UK - RECIFE - 226,2 02 18 00818,TENIS COURO RIO I24,2,284,898,142,449,449,449,CALCADOS SHELTER INDUSTRIA E COMERCIA LTDA EPP,SHELTER,UNCLE K,INVERNO 2024,CALCADOS,TENIS,NACIONAL,COURO,CALCADOS,TENIS,RIOI24,12/18/2025,1
242 - UK - RECIFE 4 - 242,2 02 18 007814,TENIS NEOPRENE NEO,1,"146,9",239,"146,9",489,239,489,CALCADOS SHELTER INDUSTRIA E COMERCIA LTDA EPP,SHELTER,UNCLE K,INVERNO 2023,CALCADOS,TENIS,NACIONAL,NEOPRENE,MASCULINO,TENIS,NEO,12/24/2025,1
242 - UK - RECIFE 4 - 242,2 03 11 007926,MOCHILA NYLON BNT BUK V24,1,150,549,150,549,549,549,BAG PLANET BOLSAS E ACESSORIOS LTDA,BAG PLANET BOLSAS E ACESSORIOS LTDA,UNCLE K,VERAO 2024,MOCHILAS,MOCHILA NYLON,IMPORTADO,NYLON BNT,MOCHILAS BASICAS,MOCHILA,BUKV24,5/10/2025,1
238 - UK - RECIFE 2 - 238,2 03 11 007926,MOCHILA NYLON BNT BUK V24,3,450,1647,150,549,549,549,BAG PLANET BOLSAS E ACESSORIOS LTDA,BAG PLANET BOLSAS E ACESSORIOS LTDA,UNCLE K,VERAO 2024,MOCHILAS,MOCHILA NYLON,IMPORTADO,NYLON BNT,MOCHILAS BASICAS,MOCHILA,BUKV24,3/12/2026,1
238 - UK - RECIFE 2 - 238,2 03 11 008109,MOCHILA NY BNT BUK I24,1,150,549,150,549,549,549,BAG PLANET BOLSAS E ACESSORIOS LTDA,BAG PLANET BOLSAS E ACESSORIOS LTDA,UNCLE K,INVERNO 2024,MOCHILAS,MOCHILA NYLON,IMPORTADO,NYLON BNT,MOCHILAS BASICAS,MOCHILA,BUKBNTI24,3/2/2026,1
240 - UK - RECIFE 3 - 240,2 03 11 007534,MOCHILA NYLON RUBBER 60981 V23,1,130,259,130,429,259,419,BAG PLANET BOLSAS E ACESSORIOS LTDA,BAG PLANET BOLSAS E ACESSORIOS LTDA,UNCLE K,VERAO 2023,MOCHILAS,MOCHILA NYLON,IMPORTADO,NYLON EMBORRACHADO,MOCHILAS/MALAS,MOCHILA,60981V23,2/12/2025,1
238 - UK - RECIFE 2 - 238,2 03 11 007763,MOCHILA NYLON RUBBER BUK I23,1,150,349,150,529,349,529,BAG PLANET BOLSAS E ACESSORIOS LTDA,BAG PLANET BOLSAS E ACESSORIOS LTDA,UNCLE K,INVERNO 2023,MOCHILAS,MOCHILA NYLON,IMPORTADO,NYLON EMBORRACHADO,MOCHILAS BASICAS,MOCHILA,BUKI23RB,1/20/2024,1
226 - UK - RECIFE - 226,2 03 11 007477,MOCHILA NYLON BNT BUK V23,1,140,549,140,549,549,549,BAG PLANET BOLSAS E ACESSORIOS LTDA,BAG PLANET BOLSAS E ACESSORIOS LTDA,UNCLE K,VERAO 2023,MOCHILAS,MOCHILA NYLON,IMPORTADO,NYLON BNT,MOCHILAS BASICAS,MOCHILA,205104V23,6/10/2023,1
226 - UK - RECIFE - 226,2 03 11 007270,MOCHILA NYLON RUBBER 205104 V22,1,149,529,149,529,529,529,BAG PLANET BOLSAS E ACESSORIOS LTDA,BAG PLANET BOLSAS E ACESSORIOS LTDA,UNCLE K,VERAO 2022,MOCHILAS,MOCHILA NYLON,IMPORTADO,NYLON EMBORRACHADO,MOCHILAS BASICAS,MOCHILA,205104RBV22,5/25/2023,1
226 - UK - RECIFE - 226,2 02 15 008753,PLATAFORMA COURO PLATO V26,1,"101,2",329,"101,2",329,329,329,NIVAN CALCADOS LTDA,AYE AYE,UNCLE K,VERAO 2026,CALCADOS,SANDALIA,NACIONAL,COURO,CALCADOS,PLATAFORMA,PLATOV26,11/21/2025,1
226 - UK - RECIFE - 226,2 02 14 008752,RASTEIRA COURO SILVER V26,1,81,269,81,269,269,269,NIVAN CALCADOS LTDA,AYE AYE,UNCLE K,VERAO 2026,CALCADOS,SANDALIA  RASTEIRA,NACIONAL,COURO,CALCADOS,RASTEIRA,SILVERV26,3/6/2026,1
242 - UK - RECIFE 4 - 242,2 02 14 008752,RASTEIRA COURO SILVER V26,2,162,538,81,269,269,269,NIVAN CALCADOS LTDA,AYE AYE,UNCLE K,VERAO 2026,CALCADOS,SANDALIA  RASTEIRA,NACIONAL,COURO,CALCADOS,RASTEIRA,SILVERV26,2/3/2026,1
226 - UK - RECIFE - 226,2 02 15 008878,SANDALIA COURO TOTIS I26,1,"86,3",279,"86,3",279,279,279,NIVAN CALCADOS LTDA,AYE AYE,UNCLE K,INVERNO 2026,CALCADOS,SANDALIA,NACIONAL,COURO,CALCADOS,RASTEIRA,TOTISI26,3/14/2026,1
226 - UK - RECIFE - 226,2 02 15 008878,SANDALIA COURO TOTIS I26,1,"86,3",279,"86,3",279,279,279,NIVAN CALCADOS LTDA,AYE AYE,UNCLE K,INVERNO 2026,CALCADOS,SANDALIA,NACIONAL,COURO,CALCADOS,RASTEIRA,TOTISI26,3/16/2026,1
238 - UK - RECIFE 2 - 238,2 02 14 008733,RASTEIRA COURO GOLDEN V26,4,336,1076,84,269,269,269,NIVAN CALCADOS LTDA,AYE AYE,UNCLE K,VERAO 2026,CALCADOS,SANDALIA  RASTEIRA,NACIONAL,COURO,CALCADOS,RASTEIRA,GOLDENV26,10/29/2025,1
240 - UK - RECIFE 3 - 240,2 02 14 008733,RASTEIRA COURO GOLDEN V26,1,84,269,84,269,269,269,NIVAN CALCADOS LTDA,AYE AYE,UNCLE K,VERAO 2026,CALCADOS,SANDALIA  RASTEIRA,NACIONAL,COURO,CALCADOS,RASTEIRA,GOLDENV26,12/24/2025,1
226 - UK - RECIFE - 226,2 02 14 008733,RASTEIRA COURO GOLDEN V26,1,84,269,84,269,269,269,NIVAN CALCADOS LTDA,AYE AYE,UNCLE K,VERAO 2026,CALCADOS,SANDALIA  RASTEIRA,NACIONAL,COURO,CALCADOS,RASTEIRA,GOLDENV26,12/27/2025,1
242 - UK - RECIFE 4 - 242,2 02 14 008769,RASTEIRA COURO RIVER V26,1,"77,5",249,"77,5",249,249,249,NIVAN CALCADOS LTDA,AYE AYE,UNCLE K,VERAO 2026,CALCADOS,SANDALIA  RASTEIRA,NACIONAL,COURO,CALCADOS,RASTEIRA,RIVERV26,12/1/2025,1
242 - UK - RECIFE 4 - 242,2 02 15 008879,PAPETE CAMURCA BRICK I26,9,"1077,3",3501,"119,7",389,389,389,NIVAN CALCADOS LTDA,AYE AYE,UNCLE K,INVERNO 2026,CALCADOS,SANDALIA,NACIONAL,CAMURCA,CALCADOS,PAPETE,BRICKI26,3/16/2026,1
238 - UK - RECIFE 2 - 238,2 02 14 008599,RASTEIRA COURO MILLION I25,1,"78,7",269,"78,7",269,269,269,NIVAN CALCADOS LTDA,AYE AYE,UNCLE K,INVERNO 2025,CALCADOS,SANDALIA  RASTEIRA,NACIONAL,COURO,CALCADOS,RASTEIRA,MILLIONI25,6/19/2025,1
238 - UK - RECIFE 2 - 238,2 02 15 008267,RASTEIRA COURO GOLDEN V25,6,"514,2",1614,"85,7",269,269,269,NIVAN CALCADOS LTDA,AYE AYE,UNCLE K,VERAO 2025,CALCADOS,SANDALIA,NACIONAL,COURO,CALCADOS,RASTEIRA,GOLDENV25,8/13/2025,1
242 - UK - RECIFE 4 - 242,2 02 15 008594,SANDALIA COURO LAND I25,1,"86,5",199,"86,5",299,199,299,CALCADOS R.M.S LTDA,RMS,UNCLE K,INVERNO 2025,CALCADOS,SANDALIA,NACIONAL,COURO,CALCADOS,ANABELA,LANDI25,11/13/2025,1
226 - UK - RECIFE - 226,2 02 18 008363,TENIS LONA LUAU V25,1,"83,5","149,5","83,5",299,"149,5",299,CALCADOS R.M.S LTDA,RMS,UNCLE K,VERAO 2025,CALCADOS,TENIS,NACIONAL,LONA,CALCADOS,TENIS,LUAUV25,9/9/2024,1
226 - UK - RECIFE - 226,2 02 15 008736,ANABELA COURO PIC NIC V26,1,87,299,87,299,299,299,CALCADOS R.M.S LTDA,RMS,UNCLE K,VERAO 2026,CALCADOS,SANDALIA  ANABELA,NACIONAL,COURO,CALCADOS,ANABELA,PICNICV26,8/5/2025,1
240 - UK - RECIFE 3 - 240,2 02 15 007984,PLATAFORMA LONA TRANCOSO V24,2,"199,8",298,"99,9",329,149,329,NEW PORT IND. COM. IMP. E EXP DE CALCADOS LTDA,A3 ESPADRILLES,UNCLE K,VERAO 2024,CALCADOS,SANDALIA,NACIONAL,LONA,CALCADOS,PLATAFORMA,TRANCOSOV24,9/5/2023,1
226 - UK - RECIFE - 226,2 01 04 008312,BOLSA NYLON BNT 61233 V25,1,68,369,68,369,369,369,TRUST - IMPORTACAO E EXPORTACAO EIRELI,TTL BRAZIL (DTX),UNCLE K,VERAO 2025,BOLSAS,BOLSA NYLON,IMPORTADO,NYLON BNT,BOLSAS NYLON IMPORTADO,BOLSA TRANSPASSE,61233BNTV25,6/12/2025,1
242 - UK - RECIFE 4 - 242,2 03 11 008303,MOCHILA NYLON BNT BIG BUK V25,1,144,589,144,589,589,589,TRUST - IMPORTACAO E EXPORTACAO EIRELI,TTL BRAZIL (DTX),UNCLE K,VERAO 2025,MOCHILAS,MOCHILA NYLON,IMPORTADO,NYLON BNT,MOCHILAS BASICAS,MOCHILA,BIGBUKBNTV25,11/17/2025,1
238 - UK - RECIFE 2 - 238,2 03 11 008302,MOCHILA NYLON BNT BUK V25,2,260,1098,130,549,549,549,TRUST - IMPORTACAO E EXPORTACAO EIRELI,TTL BRAZIL (DTX),UNCLE K,VERAO 2025,MOCHILAS,MOCHILA NYLON,IMPORTADO,NYLON BNT,MOCHILAS BASICAS,MOCHILA,BUKBNTV25,10/15/2025,1
238 - UK - RECIFE 2 - 238,2 03 11 008302,MOCHILA NYLON BNT BUK V25,3,390,1647,130,549,549,549,TRUST - IMPORTACAO E EXPORTACAO EIRELI,TTL BRAZIL (DTX),UNCLE K,VERAO 2025,MOCHILAS,MOCHILA NYLON,IMPORTADO,NYLON BNT,MOCHILAS BASICAS,MOCHILA,BUKBNTV25,4/5/2025,1
238 - UK - RECIFE 2 - 238,2 02 15 008883,SANDALIA NEOPRENE TRIANON I26,14,1736,5586,124,399,399,399,CALCADOS NATORE RAPERE LTDA,NATORE,UNCLE K,INVERNO 2026,CALCADOS,SANDALIA,NACIONAL,NEOPRENE,CALCADOS,SANDALIA SALTO,TRIANONI26,3/4/2026,1
226 - UK - RECIFE - 226,2 02 15 008882,SANDALIA NEOPRENE MEDUSA I26,2,248,798,124,399,399,399,CALCADOS NATORE RAPERE LTDA,NATORE,UNCLE K,INVERNO 2026,CALCADOS,SANDALIA,NACIONAL,NEOPRENE,CALCADOS,SANDALIA SALTO,MEDUSAI26,3/19/2026,1
226 - UK - RECIFE - 226,2 02 15 008595,SANDALIA NEOPRENE MALDIVAS I25,1,"123,5",289,"123,5",389,289,389,CALCADOS NATORE RAPERE LTDA,NATORE,UNCLE K,INVERNO 2025,CALCADOS,SANDALIA,NACIONAL,NEOPRENE,CALCADOS,SANDALIA COM SALTO,MALDIVASI25,8/13/2025,1
242 - UK - RECIFE 4 - 242,2 04 01 008333,POCHETE KING RUBBER 70505 V25,1,80,279,80,279,279,279,ITIBAG COMERCIO DE BOLSAS E ACESSORIOS LTDA EPP,ITIBAG,UNCLE K,VERAO 2025,ACESSORIOS,ACESSORIOS,IMPORTADO,NYLON EMBORRACHADO,ACESSORIOS,POCHETE,70505V25,12/18/2024,1
240 - UK - RECIFE 3 - 240,2 01 04 008449,BOLSA NY SOFT FLUFFY 61225 V25,1,100,259,100,369,259,369,ITIBAG COMERCIO DE BOLSAS E ACESSORIOS LTDA EPP,ITIBAG,UNCLE K,VERAO 2025,BOLSAS,BOLSA NYLON,IMPORTADO,NY SOFT FLUFFY,BOLSAS NYLON IMPORTADO,BOLSA TRANSPASSE,61225V25,12/15/2025,1
238 - UK - RECIFE 2 - 238,2 01 04 008448,BOLSA NY SOFT FLUFFY 61224 V25,3,360,1047,120,499,349,499,ITIBAG COMERCIO DE BOLSAS E ACESSORIOS LTDA EPP,ITIBAG,UNCLE K,VERAO 2025,BOLSAS,BOLSA NYLON,IMPORTADO,NY SOFT FLUFFY,BOLSAS NYLON IMPORTADO,BOLSA MULTIUSO,61224V25,12/18/2024,1
226 - UK - RECIFE - 226,2 01 04 008448,BOLSA NY SOFT FLUFFY 61224 V25,1,120,349,120,499,349,499,ITIBAG COMERCIO DE BOLSAS E ACESSORIOS LTDA EPP,ITIBAG,UNCLE K,VERAO 2025,BOLSAS,BOLSA NYLON,IMPORTADO,NY SOFT FLUFFY,BOLSAS NYLON IMPORTADO,BOLSA MULTIUSO,61224V25,12/16/2024,1
226 - UK - RECIFE - 226,2 01 04 008447,BOLSA NY SOFT FLUFFY 61223 V25,1,125,349,125,499,349,499,ITIBAG COMERCIO DE BOLSAS E ACESSORIOS LTDA EPP,ITIBAG,UNCLE K,VERAO 2025,BOLSAS,BOLSA NYLON,IMPORTADO,NY SOFT FLUFFY,BOLSAS NYLON IMPORTADO,BOLSA MULTIUSO,61223V25,12/21/2025,1
242 - UK - RECIFE 4 - 242,2 03 11 008568,MOCHILA NY TWILL BUK I25,1,"150,61",549,"150,61",549,549,549,SERRAMAR DISTRIBUIDORA LTDA,SERRAMAR,UNCLE K,INVERNO 2025,MOCHILAS,MOCHILA NYLON,IMPORTADO,NYLON TWILL,MOCHILAS BASICAS,MOCHILA,BUKTWI25,1/23/2026,1
226 - UK - RECIFE - 226,2 03 11 008569,MOCHILA NY TWILL BIG BUK I25,1,"165,21",589,"165,21",589,589,589,SERRAMAR DISTRIBUIDORA LTDA,SERRAMAR,UNCLE K,INVERNO 2025,MOCHILAS,MOCHILA NYLON,IMPORTADO,NYLON TWILL,MOCHILAS BASICAS,MOCHILA,BIGBUKTWI25,12/5/2025,1
226 - UK - RECIFE - 226,2 03 11 008572,MOCHILA NY TWILL 61151 I25,2,290,1078,145,539,539,539,SERRAMAR DISTRIBUIDORA LTDA,SERRAMAR,UNCLE K,INVERNO 2025,MOCHILAS,MOCHILA NYLON,IMPORTADO,NYLON TWILL,MOCHILAS/MALAS,MOCHILA,61151I25,4/15/2025,1
226 - UK - RECIFE - 226,2 01 04 008550,BOLSA NY TWILL 61313 I25,2,"303,76",1098,"151,88",549,549,549,SERRAMAR DISTRIBUIDORA LTDA,SERRAMAR,UNCLE K,INVERNO 2025,BOLSAS,BOLSA NYLON,IMPORTADO,NYLON TWILL,BOLSAS NYLON IMPORTADO,BOLSA MULTIUSO,61313I25,4/15/2025,1
240 - UK - RECIFE 3 - 240,2 01 04 008546,BOLSA NY BNT 61316 I25,1,120,429,120,429,429,429,SERRAMAR DISTRIBUIDORA LTDA,SERRAMAR,UNCLE K,INVERNO 2025,BOLSAS,BOLSA NYLON,IMPORTADO,NYLON BNT,BOLSAS NYLON IMPORTADO,BOLSA TRANSPASSE,61316I25,4/23/2025,1
240 - UK - RECIFE 3 - 240,2 03 11 008571,MOCHILA NY BNT 61048 I25,1,"188,69",569,"188,69",569,569,569,SERRAMAR DISTRIBUIDORA LTDA,SERRAMAR,UNCLE K,INVERNO 2025,MOCHILAS,MOCHILA NYLON,IMPORTADO,NYLON BNT,MOCHILAS/MALAS,MOCHILA,61048BNTI25,7/31/2025,1
238 - UK - RECIFE 2 - 238,2 04 02 008923,COLAR METAL/RESINA CI26C,6,180,594,30,99,99,99,BIJOU FASHION BIJOUTERIAS LTDA,BIJOU FASHION BIJOUTERIAS LTDA,UNCLE K,INVERNO 2026,ACESSORIOS,BIJUTERIA,NACIONAL,METAL/RESINA,BIJUTERIA,COLAR,CI26C,3/12/2026,1
226 - UK - RECIFE - 226,2 04 02 008923,COLAR METAL/RESINA CI26C,2,60,198,30,99,99,99,BIJOU FASHION BIJOUTERIAS LTDA,BIJOU FASHION BIJOUTERIAS LTDA,UNCLE K,INVERNO 2026,ACESSORIOS,BIJUTERIA,NACIONAL,METAL/RESINA,BIJUTERIA,COLAR,CI26C,3/14/2026,1
242 - UK - RECIFE 4 - 242,2 04 02 008922,COLAR RESINA CI26B,6,240,654,40,109,109,109,BIJOU FASHION BIJOUTERIAS LTDA,BIJOU FASHION BIJOUTERIAS LTDA,UNCLE K,INVERNO 2026,ACESSORIOS,BIJUTERIA,NACIONAL,RESINA,BIJUTERIA,COLAR,CI26B,3/16/2026,1
226 - UK - RECIFE - 226,2 04 02 008922,COLAR RESINA CI26B,5,200,545,40,109,109,109,BIJOU FASHION BIJOUTERIAS LTDA,BIJOU FASHION BIJOUTERIAS LTDA,UNCLE K,INVERNO 2026,ACESSORIOS,BIJUTERIA,NACIONAL,RESINA,BIJUTERIA,COLAR,CI26B,3/12/2026,1
226 - UK - RECIFE - 226,2 04 02 008688,COLAR CORDA/MOLA CV26D,1,39,129,39,129,129,129,BIJOU FASHION BIJOUTERIAS LTDA,BIJOU FASHION BIJOUTERIAS LTDA,UNCLE K,VERAO 2026,ACESSORIOS,BIJUTERIA,NACIONAL,MOLA/CORDA,BIJUTERIA,COLAR,CV26DV26,3/14/2026,1
240 - UK - RECIFE 3 - 240,2 04 02 008646,COLAR CORDA/CRISTAL CV26A,1,38,129,38,129,129,129,BIJOU FASHION BIJOUTERIAS LTDA,BIJOU FASHION BIJOUTERIAS LTDA,UNCLE K,VERAO 2026,ACESSORIOS,BIJUTERIA,NACIONAL,CORDA/CRISTAIS,BIJUTERIA,COLAR,CV26AV26,2/28/2026,1
240 - UK - RECIFE 3 - 240,2 04 02 008921,COLAR RESINA CI26A,6,192,594,32,99,99,99,BIJOU FASHION BIJOUTERIAS LTDA,BIJOU FASHION BIJOUTERIAS LTDA,UNCLE K,INVERNO 2026,ACESSORIOS,BIJUTERIA,NACIONAL,RESINA,BIJUTERIA,COLAR,CI26A,3/16/2026,1
238 - UK - RECIFE 2 - 238,2 04 01 008472,GUARDA CHUVA POLIESTER GOMOS P,6,"401,4",1074,"66,9",179,179,179,FLORENCA BRINDES LTDA EPP,FLORENCA BRINDES (GUARDA CHUVA),UNCLE K,INVERNO 2025,ACESSORIOS,ACESSORIOS,NACIONAL,POLIESTER,ACESSORIOS,GUARDA-CHUVA,GOMOSPI25,3/2/2026,1
240 - UK - RECIFE 3 - 240,2 02 18 008871,TENIS COURO PHILLY I26,2,160,598,80,299,299,299,C. TORRES DIAS INJETADOS ME,CALCADOS TORRES,UNCLE K,INVERNO 2026,CALCADOS,TENIS,NACIONAL,COURO,CALCADOS,TENIS,PHILLYI26,3/12/2026,1
226 - UK - RECIFE - 226,2 02 18 008871,TENIS COURO PHILLY I26,3,240,897,80,299,299,299,C. TORRES DIAS INJETADOS ME,CALCADOS TORRES,UNCLE K,INVERNO 2026,CALCADOS,TENIS,NACIONAL,COURO,CALCADOS,TENIS,PHILLYI26,3/10/2026,1
226 - UK - RECIFE - 226,2 02 18 008747,TENIS COURO GRID V26,3,"218,7",897,"72,9",299,299,299,VISPATE CALCADOS LTDA,VISPATE,UNCLE K,VERAO 2026,CALCADOS,TENIS,NACIONAL,COURO,CALCADOS,TENIS,GRIDV26,12/10/2025,1
226 - UK - RECIFE - 226,2 02 18 008747,TENIS COURO GRID V26,2,"145,8",598,"72,9",299,299,299,VISPATE CALCADOS LTDA,VISPATE,UNCLE K,VERAO 2026,CALCADOS,TENIS,NACIONAL,COURO,CALCADOS,TENIS,GRIDV26,3/6/2026,1
242 - UK - RECIFE 4 - 242,2 02 18 008747,TENIS COURO GRID V26,1,"72,9",299,"72,9",299,299,299,VISPATE CALCADOS LTDA,VISPATE,UNCLE K,VERAO 2026,CALCADOS,TENIS,NACIONAL,COURO,CALCADOS,TENIS,GRIDV26,1/27/2026,1
226 - UK - RECIFE - 226,2 02 15 008755,SANDALIA NEOPRENE TRIANON V26,4,488,1596,122,399,399,399,CONFORTARIA COMERCIO DE CALCADOS LTDA.,CALCADOS NATORE,UNCLE K,VERAO 2026,CALCADOS,SANDALIA,NACIONAL,NEOPRENE,CALCADOS,SANDALIA SALTO,TRIANONV26,1/21/2026,1
242 - UK - RECIFE 4 - 242,2 02 15 008755,SANDALIA NEOPRENE TRIANON V26,1,122,399,122,399,399,399,CONFORTARIA COMERCIO DE CALCADOS LTDA.,CALCADOS NATORE,UNCLE K,VERAO 2026,CALCADOS,SANDALIA,NACIONAL,NEOPRENE,CALCADOS,SANDALIA SALTO,TRIANONV26,1/23/2026,1
226 - UK - RECIFE - 226,2 01 04 008839,BOLSA NY SOFT 61404 V26,1,"72,5",299,"72,5",299,299,299,VITOR ABREU COMERCIO DE BIJUTERIAS LTDA,VITOR ABREU,UNCLE K,VERAO 2026,BOLSAS,BOLSA NYLON,IMPORTADO,NYLON SOFT,BOLSAS NYLON IMPORTADO,BOLSA MULTIUSO,61404V26,3/7/2026,1
226 - UK - RECIFE - 226,2 01 04 008786,BOLSA NY BNT 61038 V26,1,117,419,117,419,419,419,TOVA EQUIPAMENTOS E ACESSORIOS LTDA,,UNCLE K,VERAO 2026,BOLSAS,BOLSA NYLON,IMPORTADO,NYLON BNT,BOLSAS NYLON IMPORTADO,BOLSA MULTIUSO,61038V26,3/18/2026,1
226 - UK - RECIFE - 226,2 01 04 008800,BOLSA NY SOFT 61354 V26,1,130,469,130,469,469,469,TOVA EQUIPAMENTOS E ACESSORIOS LTDA,,UNCLE K,VERAO 2026,BOLSAS,BOLSA NYLON,IMPORTADO,NYLON SOFT,BOLSAS NYLON IMPORTADO,BOLSA MULTIUSO,61354V26,12/20/2025,1
226 - UK - RECIFE - 226,2 01 04 008798,BOLSA KING RUBBER 61040 V26,2,250,878,125,439,439,439,TOVA EQUIPAMENTOS E ACESSORIOS LTDA,,UNCLE K,VERAO 2026,BOLSAS,BOLSA NYLON,IMPORTADO,KING RUBBER,BOLSAS NYLON IMPORTADO,BOLSA MULTIUSO,61040KRV26,1/5/2026,1
238 - UK - RECIFE 2 - 238,2 03 11 008811,MOCHILA NY BNT BUK V26,2,280,1098,140,549,549,549,LOPE DIGITAL COMMERCE,LOPE DIGITAL COMMERCE,UNCLE K,VERAO 2026,MOCHILAS,MOCHILA NYLON,IMPORTADO,NYLON BNT,MOCHILAS BASICAS,MOCHILA,BUKBNTV26,1/16/2026,1
226 - UK - RECIFE - 226,2 04 01 005430,PORTA CELULAR COURO IPANEMA 207669,1,"26,5",99,"26,5",99,99,99,VIA TRENTO ARTEFATOS DE COURO LTDA - EPP,VIA TRENTO,UNCLE K,VERAO 2017,ACESSORIOS,ACESSORIOS,NACIONAL,COURO NAPA,ACESSORIOS,PORTA CELULAR,207669,3/17/2026,1
242 - UK - RECIFE 4 - 242,2 04 01 007451,GUARDA CHUVA POLIESTER GOMOS P,1,"47,9",169,"47,9",169,169,169,CONTORNOS DIFUSAO DE MODA LTDA - EPP,CONTORNOS,UNCLE K,VERAO 2023,ACESSORIOS,ACESSORIOS,NACIONAL,POLIESTER,ACESSORIOS,GUARDA-CHUVA,GOMOSPV23,8/21/2023,1
238 - UK - RECIFE 2 - 238,2 04 01 007406,GUARDA CHUVA POLIESTER MINI FUN P,1,"45,9",169,"45,9",159,169,159,CONTORNOS DIFUSAO DE MODA LTDA - EPP,CONTORNOS,UNCLE K,INVERNO 2022,ACESSORIOS,ACESSORIOS,NACIONAL,POLIESTER,ACESSORIOS,GUARDA-CHUVA,MINIFUNPI22,2/27/2025,1
242 - UK - RECIFE 4 - 242,2 04 01 007406,GUARDA CHUVA POLIESTER MINI FUN P,1,"45,9",169,"45,9",159,169,159,CONTORNOS DIFUSAO DE MODA LTDA - EPP,CONTORNOS,UNCLE K,INVERNO 2022,ACESSORIOS,ACESSORIOS,NACIONAL,POLIESTER,ACESSORIOS,GUARDA-CHUVA,MINIFUNPI22,9/26/2023,1
226 - UK - RECIFE - 226,2 02 17 007811,MOCASSIM COURO LOCAL I23,3,"440,7",747,"146,9",499,249,499,ART - MILLE ARTEFATOS DE COURO,ART-MILLE,UNCLE K,INVERNO 2023,CALCADOS,SAPATO,NACIONAL,COURO,MASCULINO,MOCASSIM,LOCAL COURO I23,12/19/2025,1
242 - UK - RECIFE 4 - 242,2 02 17 007307,TENIS NOBUCK NEW RAYMANN,1,119,199,119,380,199,380,ART - MILLE ARTEFATOS DE COURO,ART-MILLE,UNCLE K,INVERNO 2022,CALCADOS,SAPATO,NACIONAL,NOBUCK,MASCULINO,OXFORD,NEWRAYMANNI22,7/12/2025,1
238 - UK - RECIFE 2 - 238,2 04 02 008662,COLAR METAL CV26I,1,38,119,38,119,119,119,VIRAGINI BIJOUTERIA LTDA,VIRAGINI,UNCLE K,VERAO 2026,ACESSORIOS,BIJUTERIA,NACIONAL,METAL,BIJUTERIA,COLAR,CV26IV26,2/20/2026,1
226 - UK - RECIFE - 226,2 04 13 008985,NECESSAIRE SINTETICO 70615 I26,9,414,1251,46,139,139,139,BMCG INDUSTRIA E COMERCIO DE COURO LTDA EPP,BMCG,UNCLE K,INVERNO 2026,ACESSORIOS,NECESSAIRES,NACIONAL,SINTETICO,NECESSAIRES,NECESSAIRE,70615I26,3/16/2026,1
242 - UK - RECIFE 4 - 242,2 04 07 008977,CARTEIRA COURO 70426 I26,7,630,1883,90,269,269,269,BMCG INDUSTRIA E COMERCIO DE COURO LTDA EPP,BMCG,UNCLE K,INVERNO 2026,ACESSORIOS,CARTEIRA COURO,NACIONAL,COURO,CARTEIRAS,CARTEIRA COURO,70426I26,3/5/2026,1
240 - UK - RECIFE 3 - 240,2 04 07 008977,CARTEIRA COURO 70426 I26,4,360,1076,90,269,269,269,BMCG INDUSTRIA E COMERCIO DE COURO LTDA EPP,BMCG,UNCLE K,INVERNO 2026,ACESSORIOS,CARTEIRA COURO,NACIONAL,COURO,CARTEIRAS,CARTEIRA COURO,70426I26,3/17/2026,1
226 - UK - RECIFE - 226,2 01 04 008991,BOLSA NYLON 61454 V26,1,65,199,65,199,199,199,BMCG INDUSTRIA E COMERCIO DE COURO LTDA EPP,BMCG,UNCLE K,UPCYCLING,BOLSAS,BOLSA NYLON,NACIONAL,NYLON,BOLSAS NYLON BASICO,BOLSA TRANSPASSE,61454V26,2/27/2026,1
226 - UK - RECIFE - 226,2 01 04 008991,BOLSA NYLON 61454 V26,3,195,597,65,199,199,199,BMCG INDUSTRIA E COMERCIO DE COURO LTDA EPP,BMCG,UNCLE K,UPCYCLING,BOLSAS,BOLSA NYLON,NACIONAL,NYLON,BOLSAS NYLON BASICO,BOLSA TRANSPASSE,61454V26,3/13/2026,1
238 - UK - RECIFE 2 - 238,2 01 04 008990,BOLSA NYLON 61453 V26,2,140,398,70,199,199,199,BMCG INDUSTRIA E COMERCIO DE COURO LTDA EPP,BMCG,UNCLE K,UPCYCLING,BOLSAS,BOLSA NYLON,NACIONAL,NYLON,BOLSAS NYLON BASICO,BOLSA MULTIUSO,61453V26,3/12/2026,1
240 - UK - RECIFE 3 - 240,2 01 03 008987,BOLSA COURO 61458 V26,2,"175,3",538,"87,65",269,269,269,BMCG INDUSTRIA E COMERCIO DE COURO LTDA EPP,BMCG,UNCLE K,UPCYCLING,BOLSAS,BOLSA COURO,NACIONAL,COURO,BOLSAS COURO,BOLSA OMBRO,61458V26,3/5/2026,1
242 - UK - RECIFE 4 - 242,2 04 01 008907,PORTA PASSAPORTE SINTETICO 70621 I26,2,"92,4",278,"46,2",139,139,139,BMCG INDUSTRIA E COMERCIO DE COURO LTDA EPP,BMCG,UNCLE K,INVERNO 2026,ACESSORIOS,ACESSORIOS,NACIONAL,SINTETICO,ACESSORIOS,PORTA PASSAPORTE,70621I26,3/5/2026,1
226 - UK - RECIFE - 226,2 01 03 008668,BOLSA COURO 61381 V26,1,"207,12",649,"207,12",649,649,649,BMCG INDUSTRIA E COMERCIO DE COURO LTDA EPP,BMCG,UNCLE K,VERAO 2026,BOLSAS,BOLSA COURO,NACIONAL,COURO,BOLSAS COURO,BOLSA MULTIUSO,61381V26,12/17/2025,1
242 - UK - RECIFE 4 - 242,2 01 04 008663,BOLSA NYLON 61282 V26,2,"290,12",918,"145,06",459,459,459,BMCG INDUSTRIA E COMERCIO DE COURO LTDA EPP,BMCG,UNCLE K,VERAO 2026,BOLSAS,BOLSA NYLON,NACIONAL,NYLON,BOLSAS NYLON BASICO,BOLSA MULTIUSO,61282V26,12/10/2025,1
226 - UK - RECIFE - 226,2 04 01 008905,DOLEIRA NY SATIN 70578 I26,20,740,2380,37,119,119,119,BMCG INDUSTRIA E COMERCIO DE COURO LTDA EPP,BMCG,UNCLE K,INVERNO 2026,ACESSORIOS,ACESSORIOS,NACIONAL,SATIN,ACESSORIOS,DOLEIRA,70578I26,3/16/2026,1
238 - UK - RECIFE 2 - 238,2 03 10 008381,MOCHILA COURO 61064 V25,1,"248,05",799,"248,05",799,799,799,BMCG INDUSTRIA E COMERCIO DE COURO LTDA EPP,BMCG,UNCLE K,VERAO 2025,MOCHILAS,MOCHILA COURO,NACIONAL,COURO,MOCHILAS BASICAS,MOCHILA,61064V25,10/18/2024,1
238 - UK - RECIFE 2 - 238,2 03 10 008381,MOCHILA COURO 61064 V25,1,"248,05",799,"248,05",799,799,799,BMCG INDUSTRIA E COMERCIO DE COURO LTDA EPP,BMCG,UNCLE K,VERAO 2025,MOCHILAS,MOCHILA COURO,NACIONAL,COURO,MOCHILAS BASICAS,MOCHILA,61064V25,7/26/2025,1
226 - UK - RECIFE - 226,2 03 10 008570,MOCHILA COURO 61293 I25,1,"253,96",699,"253,96",829,699,829,BMCG INDUSTRIA E COMERCIO DE COURO LTDA EPP,BMCG,UNCLE K,INVERNO 2025,MOCHILAS,MOCHILA COURO,NACIONAL,COURO,MOCHILAS/MALAS,MOCHILA,61293I25,2/18/2025,1
238 - UK - RECIFE 2 - 238,2 04 13 008306,NECESSAIRE NYLON 70081 V25,2,"70,48",198,"35,24",99,99,99,BMCG INDUSTRIA E COMERCIO DE COURO LTDA EPP,BMCG,UNCLE K,VERAO 2025,ACESSORIOS,NECESSAIRES,NACIONAL,NYLON,NECESSAIRES,NECESSAIRE,70081V25,5/12/2025,1
240 - UK - RECIFE 3 - 240,2 04 13 008306,NECESSAIRE NYLON 70081 V25,1,"35,24",99,"35,24",99,99,99,BMCG INDUSTRIA E COMERCIO DE COURO LTDA EPP,BMCG,UNCLE K,VERAO 2025,ACESSORIOS,NECESSAIRES,NACIONAL,NYLON,NECESSAIRES,NECESSAIRE,70081V25,3/5/2026,1
226 - UK - RECIFE - 226,2 03 10 008305,MOCHILA COURO 61100 V25,1,"252,45",819,"252,45",819,819,819,BMCG INDUSTRIA E COMERCIO DE COURO LTDA EPP,BMCG,UNCLE K,VERAO 2025,MOCHILAS,MOCHILA COURO,NACIONAL,COURO,MOCHILAS/MALAS,MOCHILA,61100V25,9/20/2024,1
240 - UK - RECIFE 3 - 240,2 04 13 008446,NECESSAIRE SINTETICO 70266 V25,1,"30,8",69,"30,8",99,69,99,BMCG INDUSTRIA E COMERCIO DE COURO LTDA EPP,BMCG,UNCLE K,VERAO 2025,ACESSORIOS,NECESSAIRES,NACIONAL,SINTETICO,NECESSAIRES,NECESSAIRE,70266ST,4/4/2025,1
240 - UK - RECIFE 3 - 240,2 04 13 008446,NECESSAIRE SINTETICO 70266 V25,1,"30,8",69,"30,8",99,69,99,BMCG INDUSTRIA E COMERCIO DE COURO LTDA EPP,BMCG,UNCLE K,VERAO 2025,ACESSORIOS,NECESSAIRES,NACIONAL,SINTETICO,NECESSAIRES,NECESSAIRE,70266ST,10/6/2025,1
238 - UK - RECIFE 2 - 238,2 02 18 008762,TENIS COURO RELAX V26,2,268,838,134,419,419,419,BNM INDUSTRIA DE CALCADOS LTDA - ME,BNM,UNCLE K,VERAO 2026,CALCADOS,TENIS,NACIONAL,COURO,CALCADOS,TENIS,RELAXV26,12/15/2025,1
238 - UK - RECIFE 2 - 238,2 02 18 008762,TENIS COURO RELAX V26,1,134,419,134,419,419,419,BNM INDUSTRIA DE CALCADOS LTDA - ME,BNM,UNCLE K,VERAO 2026,CALCADOS,TENIS,NACIONAL,COURO,CALCADOS,TENIS,RELAXV26,1/12/2026,1
238 - UK - RECIFE 2 - 238,2 02 18 008624,TENIS COURO RELAX I25,2,262,838,131,419,419,419,BNM INDUSTRIA DE CALCADOS LTDA - ME,BNM,UNCLE K,INVERNO 2025,CALCADOS,TENIS,NACIONAL,COURO,CALCADOS,TENIS,RELAXI25,7/14/2025,1
226 - UK - RECIFE - 226,2 02 15 008761,SANDALIA COURO BINGO V26,2,230,758,115,379,379,379,BNM INDUSTRIA DE CALCADOS LTDA - ME,BNM,UNCLE K,VERAO 2026,CALCADOS,SANDALIA,NACIONAL,COURO,CALCADOS,SANDALIA SALTO,BINGOV26,1/7/2026,1
238 - UK - RECIFE 2 - 238,2 02 15 008761,SANDALIA COURO BINGO V26,1,115,379,115,379,379,379,BNM INDUSTRIA DE CALCADOS LTDA - ME,BNM,UNCLE K,VERAO 2026,CALCADOS,SANDALIA,NACIONAL,COURO,CALCADOS,SANDALIA SALTO,BINGOV26,2/7/2026,1
226 - UK - RECIFE - 226,2 02 15 008761,SANDALIA COURO BINGO V26,2,230,758,115,379,379,379,BNM INDUSTRIA DE CALCADOS LTDA - ME,BNM,UNCLE K,VERAO 2026,CALCADOS,SANDALIA,NACIONAL,COURO,CALCADOS,SANDALIA SALTO,BINGOV26,1/28/2026,1
240 - UK - RECIFE 3 - 240,2 02 15 008761,SANDALIA COURO BINGO V26,1,115,379,115,379,379,379,BNM INDUSTRIA DE CALCADOS LTDA - ME,BNM,UNCLE K,VERAO 2026,CALCADOS,SANDALIA,NACIONAL,COURO,CALCADOS,SANDALIA SALTO,BINGOV26,1/13/2026,1
240 - UK - RECIFE 3 - 240,2 02 15 008877,SANDALIA COURO RIFT I26,27,3132,10233,116,379,379,379,BNM INDUSTRIA DE CALCADOS LTDA - ME,BNM,UNCLE K,INVERNO 2026,CALCADOS,SANDALIA,NACIONAL,COURO,CALCADOS,SANDALIA SALTO,RIFTI26,2/24/2026,1
242 - UK - RECIFE 4 - 242,2 02 15 008877,SANDALIA COURO RIFT I26,2,232,758,116,379,379,379,BNM INDUSTRIA DE CALCADOS LTDA - ME,BNM,UNCLE K,INVERNO 2026,CALCADOS,SANDALIA,NACIONAL,COURO,CALCADOS,SANDALIA SALTO,RIFTI26,3/17/2026,1
240 - UK - RECIFE 3 - 240,2 02 15 008877,SANDALIA COURO RIFT I26,1,116,379,116,379,379,379,BNM INDUSTRIA DE CALCADOS LTDA - ME,BNM,UNCLE K,INVERNO 2026,CALCADOS,SANDALIA,NACIONAL,COURO,CALCADOS,SANDALIA SALTO,RIFTI26,3/4/2026,1
240 - UK - RECIFE 3 - 240,2 02 18 008360,TENIS COURO RELAX V25,1,"128,5",419,"128,5",419,419,419,BNM INDUSTRIA DE CALCADOS LTDA - ME,BNM,UNCLE K,VERAO 2025,CALCADOS,TENIS,NACIONAL,COURO,CALCADOS,TENIS,RELAXV25,8/13/2025,1
226 - UK - RECIFE - 226,2 02 15 008743,SANDALIA COURO NIMES V26,1,115,379,115,379,379,379,BNM INDUSTRIA DE CALCADOS LTDA - ME,BNM,UNCLE K,VERAO 2026,CALCADOS,SANDALIA,NACIONAL,COURO,CALCADOS,SANDALIA SALTO,NIMESV26,1/24/2026,1
238 - UK - RECIFE 2 - 238,2 02 15 008742,SANDALIA COURO BILLY V26,1,110,279,110,359,279,359,BNM INDUSTRIA DE CALCADOS LTDA - ME,BNM,UNCLE K,VERAO 2026,CALCADOS,SANDALIA,NACIONAL,COURO,CALCADOS,SANDALIA SALTO,BILLYV26,8/28/2025,1
242 - UK - RECIFE 4 - 242,2 02 06 008876,BOTA COURO CLOUD I26,9,1242,4311,138,479,479,479,BNM INDUSTRIA DE CALCADOS LTDA - ME,BNM,UNCLE K,INVERNO 2026,CALCADOS,BOTA,NACIONAL,COURO,CALCADOS,BOTA,CLOUDI26,2/25/2026,1
226 - UK - RECIFE - 226,2 02 06 008876,BOTA COURO CLOUD I26,1,138,479,138,479,479,479,BNM INDUSTRIA DE CALCADOS LTDA - ME,BNM,UNCLE K,INVERNO 2026,CALCADOS,BOTA,NACIONAL,COURO,CALCADOS,BOTA,CLOUDI26,3/6/2026,1
240 - UK - RECIFE 3 - 240,2 02 18 008143,TENIS COURO RELAX I24,1,130,419,130,419,419,419,BNM INDUSTRIA DE CALCADOS LTDA - ME,BNM,UNCLE K,INVERNO 2024,CALCADOS,TENIS,NACIONAL,COURO,CALCADOS,TENIS,RELAXI24,8/12/2025,1
226 - UK - RECIFE - 226,2 02 18 008143,TENIS COURO RELAX I24,1,130,419,130,419,419,419,BNM INDUSTRIA DE CALCADOS LTDA - ME,BNM,UNCLE K,INVERNO 2024,CALCADOS,TENIS,NACIONAL,COURO,CALCADOS,TENIS,RELAXI24,3/6/2026,1
226 - UK - RECIFE - 226,2 02 17 008324,MOCASSIM COURO UNO V25,1,"121,8",399,"121,8",399,399,399,GRULLER & CASTRO LTDA - ME,GRULLER,UNCLE K,VERAO 2025,CALCADOS,SAPATO,NACIONAL,COURO,CALCADOS,MOCASSIM,UNOV25,2/23/2026,1
242 - UK - RECIFE 4 - 242,2 02 17 008324,MOCASSIM COURO UNO V25,1,"121,8",399,"121,8",399,399,399,GRULLER & CASTRO LTDA - ME,GRULLER,UNCLE K,VERAO 2025,CALCADOS,SAPATO,NACIONAL,COURO,CALCADOS,MOCASSIM,UNOV25,2/20/2026,1
240 - UK - RECIFE 3 - 240,02 000006,MATERIAL CONSUMO SACO EM TNT PRETO,78,,"280,8",,"3,6","3,6",,DEM BAS EMBALAGENS LTDA - EPP,DEMBAS,,,,,,,,,,3/11/2026,1
242 - UK - RECIFE 4 - 242,02 0000006,MATERIAL CONSUMO TNT,300,,,,,0,,DEM BAS EMBALAGENS LTDA - EPP,DEMBAS,,,,,,,,,,2/21/2026,1
240 - UK - RECIFE 3 - 240,02 0000006,MATERIAL CONSUMO TNT,599,,,,,0,,DEM BAS EMBALAGENS LTDA - EPP,DEMBAS,,,,,,,,,,3/11/2026,1
240 - UK - RECIFE 3 - 240,02 000005,MATERIAL CONSUMO SACO EM TNT GUARDA CHUVA,100,,,,,0,,MAD AND MAIDEN CONFECCOES LTDA - ME,MAD AND MAIDEN,,,,,,,,,,10/18/2023,1
242 - UK - RECIFE 4 - 242,02 000002,MATERIAL CONSUMO SACOLA UNCLE K OFF SET,325,"1147,25",,"3,53",,0,,GREENPACK ACABAMENTOS GRAFICOS LTDA. - ME,BLUE PACK,,,,,,,,,,3/13/2026,1
226 - UK - RECIFE - 226,05 0000002,MATERIAL DE USO E CONSUMO ETIQ BOPP TRANSPARENTE 50MMX50MM,10660,,511680,,48,48,,DCR ARTEFATO DE PAPEL E PLASTICO LTDA - EPP,********,,,,,,,,,,11/18/2021,1
240 - UK - RECIFE 3 - 240,2 01 05 008705,BOLSA NY SATIN 61392 V26,1,133,399,133,399,399,399,"CAJU BOLSAS, SAPATOS E ACESSORIOS LTDA.",OPERA - TARSILA,UNCLE K,VERAO 2026,BOLSAS,BOLSA OUTROS,NACIONAL,SATIN,BOLSAS ESPECIAIS,BOLSA MULTIUSO,61392V26,10/24/2025,1
240 - UK - RECIFE 3 - 240,2 01 05 008965,BOLSA PU NOBUCK 61264 I26,1,53,189,53,189,189,189,"CAJU BOLSAS, SAPATOS E ACESSORIOS LTDA.",OPERA - TARSILA,UNCLE K,INVERNO 2026,BOLSAS,BOLSA OUTROS,NACIONAL,PU NOBUCK,BOLSAS PU,BOLSA TRANSPASSE,61264I26,2/24/2026,1
240 - UK - RECIFE 3 - 240,2 01 05 008964,BOLSA PU NOBUCK 61329 I26,1,80,279,80,279,279,279,"CAJU BOLSAS, SAPATOS E ACESSORIOS LTDA.",OPERA - TARSILA,UNCLE K,INVERNO 2026,BOLSAS,BOLSA OUTROS,NACIONAL,PU NOBUCK,BOLSAS PU,BOLSA MULTIUSO,61329I26,3/12/2026,1
242 - UK - RECIFE 4 - 242,2 01 05 008963,BOLSA PU NOBUCK 61263 I26,1,"93,75",299,"93,75",299,299,299,"CAJU BOLSAS, SAPATOS E ACESSORIOS LTDA.",OPERA - TARSILA,UNCLE K,INVERNO 2026,BOLSAS,BOLSA OUTROS,NACIONAL,PU NOBUCK,BOLSAS PU,BOLSA OMBRO,61263I26,2/24/2026,1
240 - UK - RECIFE 3 - 240,2 01 05 008953,BOLSA NY SATIN 61426 I26,5,465,1495,93,299,299,299,"CAJU BOLSAS, SAPATOS E ACESSORIOS LTDA.",OPERA - TARSILA,UNCLE K,INVERNO 2026,BOLSAS,BOLSA OUTROS,NACIONAL,SATIN,BOLSAS ESPECIAIS,BOLSA MULTIUSO,61426I26,3/16/2026,1
242 - UK - RECIFE 4 - 242,2 01 05 008952,BOLSA NY SATIN 61286 I26,4,"389,4",1276,"97,35",319,319,319,"CAJU BOLSAS, SAPATOS E ACESSORIOS LTDA.",OPERA - TARSILA,UNCLE K,INVERNO 2026,BOLSAS,BOLSA OUTROS,NACIONAL,SATIN,BOLSAS ESPECIAIS,BOLSA MULTIUSO,61286I26,3/16/2026,1
240 - UK - RECIFE 3 - 240,2 01 05 008952,BOLSA NY SATIN 61286 I26,5,"486,75",1595,"97,35",319,319,319,"CAJU BOLSAS, SAPATOS E ACESSORIOS LTDA.",OPERA - TARSILA,UNCLE K,INVERNO 2026,BOLSAS,BOLSA OUTROS,NACIONAL,SATIN,BOLSAS ESPECIAIS,BOLSA MULTIUSO,61286I26,3/16/2026,1
226 - UK - RECIFE - 226,2 01 03 008938,BOLSA COURO 61107 I26,15,"2812,5",8985,"187,5",599,599,599,"CAJU BOLSAS, SAPATOS E ACESSORIOS LTDA.",OPERA - TARSILA,UNCLE K,INVERNO 2026,BOLSAS,BOLSA COURO,NACIONAL,COURO,BOLSAS COURO,BOLSA MULTIUSO,61107I26,3/16/2026,1
226 - UK - RECIFE - 226,2 01 03 008936,BOLSA COURO 61430 I26,10,1605,4690,"160,5",469,469,469,"CAJU BOLSAS, SAPATOS E ACESSORIOS LTDA.",OPERA - TARSILA,UNCLE K,INVERNO 2026,BOLSAS,BOLSA COURO,NACIONAL,COURO,BOLSAS COURO,BOLSA TRANSPASSE,61430I26,3/16/2026,1
240 - UK - RECIFE 3 - 240,2 01 03 008936,BOLSA COURO 61430 I26,6,963,2814,"160,5",469,469,469,"CAJU BOLSAS, SAPATOS E ACESSORIOS LTDA.",OPERA - TARSILA,UNCLE K,INVERNO 2026,BOLSAS,BOLSA COURO,NACIONAL,COURO,BOLSAS COURO,BOLSA TRANSPASSE,61430I26,3/16/2026,1
226 - UK - RECIFE - 226,2 01 03 008935,BOLSA COURO 61300 I26,15,2985,8985,199,599,599,599,"CAJU BOLSAS, SAPATOS E ACESSORIOS LTDA.",OPERA - TARSILA,UNCLE K,INVERNO 2026,BOLSAS,BOLSA COURO,NACIONAL,COURO,BOLSAS COURO,BOLSA TRANSPASSE,61300I26,3/16/2026,1
226 - UK - RECIFE - 226,2 01 05 008783,BOLSA SATIN 61286 V26,1,89,319,89,319,319,319,"CAJU BOLSAS, SAPATOS E ACESSORIOS LTDA.",OPERA - TARSILA,UNCLE K,VERAO 2026,BOLSAS,BOLSA OUTROS,NACIONAL,SATIN,BOLSAS ESPECIAIS,BOLSA TRANSPASSE,61286V26,3/2/2026,1
238 - UK - RECIFE 2 - 238,2 01 03 008650,BOLSA COURO 61386 V26,2,296,998,148,499,499,499,"CAJU BOLSAS, SAPATOS E ACESSORIOS LTDA.",OPERA - TARSILA,UNCLE K,VERAO 2026,BOLSAS,BOLSA COURO,NACIONAL,COURO,BOLSAS COURO,BOLSA OMBRO,61386V26,12/16/2025,1
238 - UK - RECIFE 2 - 238,2 01 05 008697,BOLSA NY SATIN 61370 V26,1,"101,5",299,"101,5",299,299,299,"CAJU BOLSAS, SAPATOS E ACESSORIOS LTDA.",OPERA - TARSILA,UNCLE K,VERAO 2026,BOLSAS,BOLSA OUTROS,NACIONAL,SATIN,BOLSAS ESPECIAIS,BOLSA TRANSPASSE,61370V26,3/2/2026,1
240 - UK - RECIFE 3 - 240,2 01 05 008703,BOLSA PU 61377 V26,1,112,369,112,369,369,369,"CAJU BOLSAS, SAPATOS E ACESSORIOS LTDA.",OPERA - TARSILA,UNCLE K,VERAO 2026,BOLSAS,BOLSA OUTROS,NACIONAL,PU,BOLSAS PU,BOLSA OMBRO,61377V26,2/28/2026,1
238 - UK - RECIFE 2 - 238,2 01 03 008691,BOLSA COURO 61387 V26,1,177,589,177,589,589,589,"CAJU BOLSAS, SAPATOS E ACESSORIOS LTDA.",OPERA - TARSILA,UNCLE K,VERAO 2026,BOLSAS,BOLSA COURO,NACIONAL,COURO,BOLSAS COURO,BOLSA BAGUETE,61387V26,10/24/2025,1
226 - UK - RECIFE - 226,2 01 03 008649,BOLSA COURO 61385 V26,1,139,499,139,499,499,499,"CAJU BOLSAS, SAPATOS E ACESSORIOS LTDA.",OPERA - TARSILA,UNCLE K,VERAO 2026,BOLSAS,BOLSA COURO,NACIONAL,COURO,BOLSAS COURO,BOLSA MULTIUSO,61385V26,3/7/2026,1
242 - UK - RECIFE 4 - 242,2 01 05 008535,BOLSA PU SOFT 61287 I25,1,103,219,103,319,219,319,"CAJU BOLSAS, SAPATOS E ACESSORIOS LTDA.",OPERA - TARSILA,UNCLE K,INVERNO 2025,BOLSAS,BOLSA OUTROS,NACIONAL,PU SOFT,BOLSAS PU,BOLSA MULTIUSO,61287I25,3/3/2026,1
226 - UK - RECIFE - 226,2 01 05 008674,BOLSA PU 61265 V26,2,123,438,"61,5",219,219,219,"CAJU BOLSAS, SAPATOS E ACESSORIOS LTDA.",OPERA - TARSILA,UNCLE K,VERAO 2026,BOLSAS,BOLSA OUTROS,NACIONAL,PU,BOLSAS PU,BOLSA TRANSPASSE,61265V26,3/2/2026,1
242 - UK - RECIFE 4 - 242,2 01 05 008674,BOLSA PU 61265 V26,1,"61,5",219,"61,5",219,219,219,"CAJU BOLSAS, SAPATOS E ACESSORIOS LTDA.",OPERA - TARSILA,UNCLE K,VERAO 2026,BOLSAS,BOLSA OUTROS,NACIONAL,PU,BOLSAS PU,BOLSA TRANSPASSE,61265V26,2/25/2026,1
238 - UK - RECIFE 2 - 238,2 01 05 008825,BOLSA PU 61410 B25,1,50,169,50,169,169,169,"CAJU BOLSAS, SAPATOS E ACESSORIOS LTDA.",OPERA - TARSILA,UNCLE K,VERAO 2026,BOLSAS,BOLSA OUTROS,NACIONAL,PU,BOLSAS PU,BOLSA TRANSPASSE,61410B25,12/29/2025,1
238 - UK - RECIFE 2 - 238,2 01 05 008825,BOLSA PU 61410 B25,2,100,338,50,169,169,169,"CAJU BOLSAS, SAPATOS E ACESSORIOS LTDA.",OPERA - TARSILA,UNCLE K,VERAO 2026,BOLSAS,BOLSA OUTROS,NACIONAL,PU,BOLSAS PU,BOLSA TRANSPASSE,61410B25,11/12/2025,1
238 - UK - RECIFE 2 - 238,2 01 05 008824,BOLSA PU 61409 B25,1,60,189,60,189,189,189,"CAJU BOLSAS, SAPATOS E ACESSORIOS LTDA.",OPERA - TARSILA,UNCLE K,VERAO 2026,BOLSAS,BOLSA OUTROS,NACIONAL,PU,BOLSAS PU,BOLSA TRANSPASSE,61409B25,3/11/2026,1
240 - UK - RECIFE 3 - 240,2 01 03 008515,BOLSA COURO 61299 I25,1,190,699,190,699,699,699,"CAJU BOLSAS, SAPATOS E ACESSORIOS LTDA.",OPERA - TARSILA,UNCLE K,INVERNO 2025,BOLSAS,BOLSA COURO,NACIONAL,COURO,BOLSAS COURO,BOLSA OMBRO,61299I25,8/2/2025,1
238 - UK - RECIFE 2 - 238,2 04 19 008422,CARTEIRA NY LISTRA 70450 V25,1,44,139,44,139,139,139,"CAJU BOLSAS, SAPATOS E ACESSORIOS LTDA.",OPERA - TARSILA,UNCLE K,VERAO 2025,ACESSORIOS,CARTEIRAS,NACIONAL,NYLON LISTRADO,CARTEIRAS,CARTEIRA NYLON,70450V25,3/10/2026,1
242 - UK - RECIFE 4 - 242,2 04 08 008727,CARTEIRA NY ESTAMPADO 70450 V26,1,46,159,46,159,159,159,"CAJU BOLSAS, SAPATOS E ACESSORIOS LTDA.",OPERA - TARSILA,UNCLE K,VERAO 2026,ACESSORIOS,CARTEIRA NYLON,NACIONAL,NYLON ESTAMPADO,CARTEIRAS,CARTEIRA NYLON,70450V26,12/2/2025,1
242 - UK - RECIFE 4 - 242,2 01 05 008722,BOLSA LONA 61202 V26,1,81,259,81,259,259,259,"CAJU BOLSAS, SAPATOS E ACESSORIOS LTDA.",OPERA - TARSILA,UNCLE K,VERAO 2026,BOLSAS,BOLSA OUTROS,NACIONAL,LONA,BOLSAS ESPECIAIS,BOLSA OMBRO,61202V26,2/28/2026,1
240 - UK - RECIFE 3 - 240,2 02 14 008757,RASTEIRA NOBUCK VEG OASIS V26,3,"179,7",597,"59,9",199,199,199,CALCADOS PERTHO LTDA-ME,NICOLLI ROSSETTI,UNCLE K,VERAO 2026,CALCADOS,SANDALIA  RASTEIRA,NACIONAL,NOBUCK VEGGIE,CALCADOS,RASTEIRA,OASISV26,3/9/2026,1
238 - UK - RECIFE 2 - 238,2 02 14 008757,RASTEIRA NOBUCK VEG OASIS V26,1,"59,9",199,"59,9",199,199,199,CALCADOS PERTHO LTDA-ME,NICOLLI ROSSETTI,UNCLE K,VERAO 2026,CALCADOS,SANDALIA  RASTEIRA,NACIONAL,NOBUCK VEGGIE,CALCADOS,RASTEIRA,OASISV26,1/5/2026,1
240 - UK - RECIFE 3 - 240,2 02 14 008757,RASTEIRA NOBUCK VEG OASIS V26,1,"59,9",199,"59,9",199,199,199,CALCADOS PERTHO LTDA-ME,NICOLLI ROSSETTI,UNCLE K,VERAO 2026,CALCADOS,SANDALIA  RASTEIRA,NACIONAL,NOBUCK VEGGIE,CALCADOS,RASTEIRA,OASISV26,12/20/2025,1
242 - UK - RECIFE 4 - 242,2 02 14 008756,RASTEIRA NAPA VEG WOOD V26,3,123,447,41,149,149,149,CALCADOS PERTHO LTDA-ME,NICOLLI ROSSETTI,UNCLE K,VERAO 2026,CALCADOS,SANDALIA  RASTEIRA,NACIONAL,NAPA VEGGIE,CALCADOS,RASTEIRA,WOODV26,12/22/2025,1
240 - UK - RECIFE 3 - 240,2 02 14 008756,RASTEIRA NAPA VEG WOOD V26,3,123,447,41,149,149,149,CALCADOS PERTHO LTDA-ME,NICOLLI ROSSETTI,UNCLE K,VERAO 2026,CALCADOS,SANDALIA  RASTEIRA,NACIONAL,NAPA VEGGIE,CALCADOS,RASTEIRA,WOODV26,2/6/2026,1
226 - UK - RECIFE - 226,2 02 14 008591,RASTEIRA NAPA VEG IKEBANA I25,1,45,119,45,149,119,149,CALCADOS PERTHO LTDA-ME,NICOLLI ROSSETTI,UNCLE K,INVERNO 2025,CALCADOS,SANDALIA  RASTEIRA,NACIONAL,NAPA VEGGIE,CALCADOS,RASTEIRA,IKEBANAI25,7/31/2025,1
226 - UK - RECIFE - 226,2 02 15 008366,RASTEIRA NAPA VEG/ELAST SPIDER V25,1,"59,9",149,"59,9",199,149,199,CALCADOS PERTHO LTDA-ME,NICOLLI ROSSETTI,UNCLE K,VERAO 2025,CALCADOS,SANDALIA,NACIONAL,NAPA VEGGIE/ELASTICO,CALCADOS,RASTEIRA,SPIDERV25,2/27/2026,1
226 - UK - RECIFE - 226,2 02 14 008770,RASTEIRA NOBUCK VEG VERT V26,2,110,378,55,189,189,189,CALCADOS PERTHO LTDA-ME,NICOLLI ROSSETTI,UNCLE K,VERAO 2026,CALCADOS,SANDALIA  RASTEIRA,NACIONAL,NOBUCK VEGGIE,CALCADOS,RASTEIRA,VERTV26,12/22/2025,1
240 - UK - RECIFE 3 - 240,2 02 14 008770,RASTEIRA NOBUCK VEG VERT V26,2,110,378,55,189,189,189,CALCADOS PERTHO LTDA-ME,NICOLLI ROSSETTI,UNCLE K,VERAO 2026,CALCADOS,SANDALIA  RASTEIRA,NACIONAL,NOBUCK VEGGIE,CALCADOS,RASTEIRA,VERTV26,12/10/2025,1
242 - UK - RECIFE 4 - 242,2 02 14 008770,RASTEIRA NOBUCK VEG VERT V26,2,110,378,55,189,189,189,CALCADOS PERTHO LTDA-ME,NICOLLI ROSSETTI,UNCLE K,VERAO 2026,CALCADOS,SANDALIA  RASTEIRA,NACIONAL,NOBUCK VEGGIE,CALCADOS,RASTEIRA,VERTV26,12/2/2025,1
242 - UK - RECIFE 4 - 242,2 02 15 008880,PAPETE CAMURCA VEG BOHO I26,18,1512,5022,84,279,279,279,CALCADOS PERTHO LTDA-ME,NICOLLI ROSSETTI,UNCLE K,INVERNO 2026,CALCADOS,SANDALIA,NACIONAL,CAMURCA VEGGIE,CALCADOS,PAPETE,BOHOI26,3/19/2026,1
240 - UK - RECIFE 3 - 240,2 02 16 008739,SAPATILHA NOBUCK VEG BOTANIK V26,1,53,139,53,179,139,179,CALCADOS PERTHO LTDA-ME,NICOLLI ROSSETTI,UNCLE K,VERAO 2026,CALCADOS,SAPATILHA,NACIONAL,NOBUCK VEGGIE,CALCADOS,SAPATILHA,BOTANIKV26,10/27/2025,1
242 - UK - RECIFE 4 - 242,2 02 14 008590,RASTEIRA NOB/NAPA VEG SPIDER I25,2,124,298,62,199,149,199,CALCADOS PERTHO LTDA-ME,NICOLLI ROSSETTI,UNCLE K,INVERNO 2025,CALCADOS,SANDALIA  RASTEIRA,NACIONAL,NOBUCK/NAPA VEGGIE,CALCADOS,RASTEIRA,SPIDERI25,7/8/2025,1
242 - UK - RECIFE 4 - 242,2 02 15 008870,PAPETE ELASTICO LAND I26,14,1064,3626,76,259,259,259,CALCADOS PERTHO LTDA-ME,NICOLLI ROSSETTI,UNCLE K,INVERNO 2026,CALCADOS,SANDALIA,NACIONAL,ELASTICO,CALCADOS,PAPETE,LANDI26,2/11/2026,1
240 - UK - RECIFE 3 - 240,2 02 15 008868,RASTEIRA NAPA VEG IKEBANA I26,1,46,159,46,159,159,159,CALCADOS PERTHO LTDA-ME,NICOLLI ROSSETTI,UNCLE K,INVERNO 2026,CALCADOS,SANDALIA,NACIONAL,NAPA VEGGIE,CALCADOS,RASTEIRA,IKEBANAI26,3/12/2026,1
226 - UK - RECIFE - 226,2 02 15 008868,RASTEIRA NAPA VEG IKEBANA I26,1,46,159,46,159,159,159,CALCADOS PERTHO LTDA-ME,NICOLLI ROSSETTI,UNCLE K,INVERNO 2026,CALCADOS,SANDALIA,NACIONAL,NAPA VEGGIE,CALCADOS,RASTEIRA,IKEBANAI26,2/27/2026,1
240 - UK - RECIFE 3 - 240,2 02 15 008868,RASTEIRA NAPA VEG IKEBANA I26,11,506,1749,46,159,159,159,CALCADOS PERTHO LTDA-ME,NICOLLI ROSSETTI,UNCLE K,INVERNO 2026,CALCADOS,SANDALIA,NACIONAL,NAPA VEGGIE,CALCADOS,RASTEIRA,IKEBANAI26,2/11/2026,1
238 - UK - RECIFE 2 - 238,2 02 15 008869,RASTEIRA NOBUCK VEG SPIDER I26,11,682,2189,62,199,199,199,CALCADOS PERTHO LTDA-ME,NICOLLI ROSSETTI,UNCLE K,INVERNO 2026,CALCADOS,SANDALIA,NACIONAL,NOBUCK VEGGIE,CALCADOS,RASTEIRA,SPIDERI26,2/18/2026,1
226 - UK - RECIFE - 226,2 02 15 008869,RASTEIRA NOBUCK VEG SPIDER I26,2,124,398,62,199,199,199,CALCADOS PERTHO LTDA-ME,NICOLLI ROSSETTI,UNCLE K,INVERNO 2026,CALCADOS,SANDALIA,NACIONAL,NOBUCK VEGGIE,CALCADOS,RASTEIRA,SPIDERI26,3/19/2026,1
242 - UK - RECIFE 4 - 242,2 02 15 008868,RASTEIRA NAPA VEG IKEBANA I26,2,92,318,46,159,159,159,CALCADOS PERTHO LTDA-ME,NICOLLI ROSSETTI,UNCLE K,INVERNO 2026,CALCADOS,SANDALIA,NACIONAL,NAPA VEGGIE,CALCADOS,RASTEIRA,IKEBANAI26,3/10/2026,1
242 - UK - RECIFE 4 - 242,2 02 15 008005,ANABELA NOBUCK NICKY V24,2,149,198,"74,5",259,99,259,CALCADOS PERTHO LTDA-ME,NICOLLI ROSSETTI,UNCLE K,VERAO 2024,CALCADOS,SANDALIA,NACIONAL,NOBUCK,CALCADOS,ANABELA,NICKYV24,4/17/2024,1
238 - UK - RECIFE 2 - 238,2 02 15 007417,RASTEIRA SINTETICO SPIDER V23,1,"45,5",99,"45,5",199,99,149,CALCADOS PERTHO LTDA-ME,NICOLLI ROSSETTI,UNCLE K,VERAO 2023,CALCADOS,SANDALIA,NACIONAL,SINTETICO,CALCADOS,SANDALIA  RASTEIRA,SPIDERV23,10/19/2023,1
238 - UK - RECIFE 2 - 238,2 04 01 008718,CHAVEIRO COURO 70598 V26,1,"22,64",69,"22,64",69,69,69,MARJU INDUSTRIA E COMERCIO DE COURO EIRELI,MARJU,UNCLE K,VERAO 2026,ACESSORIOS,ACESSORIOS,NACIONAL,COURO,ACESSORIOS,CHAVEIRO,70598V26,1/19/2026,1
238 - UK - RECIFE 2 - 238,2 04 01 008683,PORTA CELULAR COURO 70576 V26,1,"66,5",199,"66,5",199,199,199,MARJU INDUSTRIA E COMERCIO DE COURO EIRELI,MARJU,UNCLE K,VERAO 2026,ACESSORIOS,ACESSORIOS,NACIONAL,COURO,ACESSORIOS,PORTA CELULAR,70576V26,11/29/2025,1
240 - UK - RECIFE 3 - 240,2 04 01 008681,PORTA DOC COURO 70351 V26,3,"132,63",417,"44,21",139,139,139,MARJU INDUSTRIA E COMERCIO DE COURO EIRELI,MARJU,UNCLE K,VERAO 2026,ACESSORIOS,ACESSORIOS,NACIONAL,COURO,ACESSORIOS,PORTA DOCUMENTO,70351FV26,10/24/2025,1
240 - UK - RECIFE 3 - 240,2 04 01 008656,ALCA CADARCO/COURO 70591 V26,2,"105,62",318,"52,81",159,159,159,MARJU INDUSTRIA E COMERCIO DE COURO EIRELI,MARJU,UNCLE K,VERAO 2026,ACESSORIOS,ACESSORIOS,NACIONAL,CADARCO/COURO,ACESSORIOS,ALCA DE BOLSA,70591V26,2/27/2026,1
240 - UK - RECIFE 3 - 240,2 04 01 008777,PORTA DOC COURO 70351 V26,1,"44,2",139,"44,2",139,139,139,MARJU INDUSTRIA E COMERCIO DE COURO EIRELI,MARJU,UNCLE K,VERAO 2026,ACESSORIOS,ACESSORIOS,NACIONAL,COURO,ACESSORIOS,PORTA DOCUMENTO,70351V26,3/18/2026,1
226 - UK - RECIFE - 226,2 04 01 008777,PORTA DOC COURO 70351 V26,1,"44,2",139,"44,2",139,139,139,MARJU INDUSTRIA E COMERCIO DE COURO EIRELI,MARJU,UNCLE K,VERAO 2026,ACESSORIOS,ACESSORIOS,NACIONAL,COURO,ACESSORIOS,PORTA DOCUMENTO,70351V26,3/17/2026,1
226 - UK - RECIFE - 226,2 04 01 008908,BAG CHARM SINTETICO 70622 I26,6,168,534,28,89,89,89,MARJU INDUSTRIA E COMERCIO DE COURO EIRELI,MARJU,UNCLE K,INVERNO 2026,ACESSORIOS,ACESSORIOS,NACIONAL,SINTETICO,ACESSORIOS,CHAVEIRO,70622I26,3/4/2026,1
242 - UK - RECIFE 4 - 242,2 04 01 008467,ALCA CADARCO/COURO 70490 I25,1,"36,54",119,"36,54",119,119,119,MARJU INDUSTRIA E COMERCIO DE COURO EIRELI,MARJU,UNCLE K,INVERNO 2025,ACESSORIOS,ACESSORIOS,NACIONAL,CADARCO/COURO,ACESSORIOS,ALCA DE BOLSA,70490I25,11/28/2025,1
226 - UK - RECIFE - 226,2 04 07 008651,CARTEIRA COURO 70347 V26,1,"75,67",229,"75,67",229,229,229,MARJU INDUSTRIA E COMERCIO DE COURO EIRELI,MARJU,UNCLE K,VERAO 2026,ACESSORIOS,CARTEIRA COURO,NACIONAL,COURO,CARTEIRAS,CARTEIRA COURO,70347V26,3/5/2026,1
240 - UK - RECIFE 3 - 240,2 04 07 008702,CARTEIRA COURO 70499 V26,2,"105,72",338,"52,86",169,169,169,MARJU INDUSTRIA E COMERCIO DE COURO EIRELI,MARJU,UNCLE K,VERAO 2026,ACESSORIOS,CARTEIRA COURO,NACIONAL,COURO,CARTEIRAS,CARTEIRA COURO,70499V26,12/17/2025,1
238 - UK - RECIFE 2 - 238,2 04 07 008375,CARTEIRA COURO 70444 V25,1,54,119,54,179,119,179,MARJU INDUSTRIA E COMERCIO DE COURO EIRELI,MARJU,UNCLE K,VERAO 2025,ACESSORIOS,CARTEIRA COURO,NACIONAL,COURO,CARTEIRAS,CARTEIRA COURO,70444V25,10/30/2024,1
226 - UK - RECIFE - 226,2 04 19 008377,CARTEIRA PU 70533 V25,2,"158,92",298,"79,46",219,149,219,MARJU INDUSTRIA E COMERCIO DE COURO EIRELI,MARJU,UNCLE K,VERAO 2025,ACESSORIOS,CARTEIRAS,NACIONAL,PU,CARTEIRAS,CARTEIRA,70533V25,2/14/2026,1
238 - UK - RECIFE 2 - 238,2 04 01 007831,CINTO ELASTICO/COURO 70483 V24,1,"27,68",49,"27,68",89,49,89,MARJU INDUSTRIA E COMERCIO DE COURO EIRELI,MARJU,UNCLE K,VERAO 2024,ACESSORIOS,ACESSORIOS,NACIONAL,ELASTICO/COURO,ACESSORIOS,CINTO,70483V24,9/6/2023,1
226 - UK - RECIFE - 226,2 04 01 007846,ALCA BOLSA M CADARCO 70490 V24,1,"26,46",69,"26,46",89,69,89,MARJU INDUSTRIA E COMERCIO DE COURO EIRELI,MARJU,UNCLE K,VERAO 2024,ACESSORIOS,ACESSORIOS,NACIONAL,CADARCO,ACESSORIOS,ALCA DE BOLSA,70490V24,1/9/2026,1
238 - UK - RECIFE 2 - 238,2 04 07 008203,CARTEIRA COURO 70377 I24,3,"104,7",357,"34,9",119,119,119,MARJU INDUSTRIA E COMERCIO DE COURO EIRELI,MARJU,UNCLE K,INVERNO 2024,ACESSORIOS,CARTEIRA COURO,NACIONAL,COURO,MASCULINO,CARTEIRA MASCULINA,70377I24,12/24/2025,1
240 - UK - RECIFE 3 - 240,2 04 07 008202,CARTEIRA COURO 70376 I24,3,"159,33",537,"53,11",179,179,179,MARJU INDUSTRIA E COMERCIO DE COURO EIRELI,MARJU,UNCLE K,INVERNO 2024,ACESSORIOS,CARTEIRA COURO,NACIONAL,COURO,MASCULINO,CARTEIRA MASCULINA,70376I24,8/13/2024,1
242 - UK - RECIFE 4 - 242,2 04 07 008202,CARTEIRA COURO 70376 I24,1,"53,11",179,"53,11",179,179,179,MARJU INDUSTRIA E COMERCIO DE COURO EIRELI,MARJU,UNCLE K,INVERNO 2024,ACESSORIOS,CARTEIRA COURO,NACIONAL,COURO,MASCULINO,CARTEIRA MASCULINA,70376I24,7/12/2025,1
240 - UK - RECIFE 3 - 240,2 04 07 008200,CARTEIRA COURO 70374 I24,3,"151,44",507,"50,48",169,169,169,MARJU INDUSTRIA E COMERCIO DE COURO EIRELI,MARJU,UNCLE K,INVERNO 2024,ACESSORIOS,CARTEIRA COURO,NACIONAL,COURO,MASCULINO,CARTEIRA MASCULINA,70374I24,8/13/2024,1
238 - UK - RECIFE 2 - 238,2 04 07 008200,CARTEIRA COURO 70374 I24,2,"100,96",338,"50,48",169,169,169,MARJU INDUSTRIA E COMERCIO DE COURO EIRELI,MARJU,UNCLE K,INVERNO 2024,ACESSORIOS,CARTEIRA COURO,NACIONAL,COURO,MASCULINO,CARTEIRA MASCULINA,70374I24,10/16/2024,1
242 - UK - RECIFE 4 - 242,2 04 07 008201,CARTEIRA COURO 70375 I24,3,"149,85",507,"49,95",169,169,169,MARJU INDUSTRIA E COMERCIO DE COURO EIRELI,MARJU,UNCLE K,INVERNO 2024,ACESSORIOS,CARTEIRA COURO,NACIONAL,COURO,MASCULINO,CARTEIRA MASCULINA,70375I24,7/12/2025,1
238 - UK - RECIFE 2 - 238,2 04 13 007770,NECESSAIRE NYLON 70266 I23,4,"103,84",236,"25,96",79,59,79,MARJU INDUSTRIA E COMERCIO DE COURO EIRELI,MARJU,UNCLE K,INVERNO 2023,ACESSORIOS,NECESSAIRES,NACIONAL,NYLON,NECESSAIRES,NECESSAIRE,70266I23,12/22/2025,1
240 - UK - RECIFE 3 - 240,2 04 01 007824,GUARDA CHUVA POLIESTER GOMOS P,2,"109,8",358,"54,9",169,179,179,GUARDACHUVARIA CONTORNOS,CONTORNOS 2,UNCLE K,VERAO 2024,ACESSORIOS,ACESSORIOS,NACIONAL,POLIESTER,ACESSORIOS,GUARDA-CHUVA,GOMOSPV24,3/5/2026,1
242 - UK - RECIFE 4 - 242,2 04 01 007825,GUARDA-CHUVA POLIESTER GOMOS G,1,"67,9",199,"67,9",199,199,199,GUARDACHUVARIA CONTORNOS,CONTORNOS 2,UNCLE K,VERAO 2024,ACESSORIOS,ACESSORIOS,NACIONAL,POLIESTER,ACESSORIOS,GUARDA-CHUVA,GOMOSGV24,3/3/2026,1
242 - UK - RECIFE 4 - 242,2 02 18 007421,TENIS LONA ALOHA V23,1,84,149,84,299,149,279,RC INDUSTRIA DE CALCADOS EIRELI,PRIMMA SCARPA,UNCLE K,VERAO 2023,CALCADOS,TENIS,NACIONAL,LONA,CALCADOS,TENIS,ALOHAV23,6/19/2023,1
238 - UK - RECIFE 2 - 238,2 02 15 008767,PAPETE NOBUCK VEG OPEN V26,1,90,329,90,329,329,329,INDUSTRIA E COMERCIO DE CALCADOS S SANTOS LTDA,SUZANA SANTOS,UNCLE K,VERAO 2026,CALCADOS,SANDALIA,NACIONAL,NOBUCK VEGGIE,CALCADOS,PAPETE,OPENV26,11/22/2025,1
226 - UK - RECIFE - 226,2 02 15 008600,PAPETE CAMURCA VEG MALTA I25,1,88,229,88,299,229,299,INDUSTRIA E COMERCIO DE CALCADOS S SANTOS LTDA,SUZANA SANTOS,UNCLE K,INVERNO 2025,CALCADOS,SANDALIA,NACIONAL,CAMURCA VEGGIE,CALCADOS,PAPETE,MALTAI25,8/25/2025,1
238 - UK - RECIFE 2 - 238,2 02 15 008767,PAPETE NOBUCK VEG OPEN V26,1,90,329,90,329,329,329,INDUSTRIA E COMERCIO DE CALCADOS S SANTOS LTDA,SUZANA SANTOS,UNCLE K,VERAO 2026,CALCADOS,SANDALIA,NACIONAL,NOBUCK VEGGIE,CALCADOS,PAPETE,OPENV26,12/29/2025,1
238 - UK - RECIFE 2 - 238,2 02 17 008270,SAPATO NOBUCK VEG FRANCIS V25,4,368,698,92,349,"174,5",349,INDUSTRIA E COMERCIO DE CALCADOS S SANTOS LTDA,SUZANA SANTOS,UNCLE K,VERAO 2025,CALCADOS,SAPATO,NACIONAL,NOBUCK VEGGIE,CALCADOS,SAPATO BONECA,FRANCISV25,8/18/2025,1
242 - UK - RECIFE 4 - 242,2 02 17 008270,SAPATO NOBUCK VEG FRANCIS V25,1,92,"174,5",92,349,"174,5",349,INDUSTRIA E COMERCIO DE CALCADOS S SANTOS LTDA,SUZANA SANTOS,UNCLE K,VERAO 2025,CALCADOS,SAPATO,NACIONAL,NOBUCK VEGGIE,CALCADOS,SAPATO BONECA,FRANCISV25,11/21/2025,1
226 - UK - RECIFE - 226,2 02 17 008270,SAPATO NOBUCK VEG FRANCIS V25,1,92,"174,5",92,349,"174,5",349,INDUSTRIA E COMERCIO DE CALCADOS S SANTOS LTDA,SUZANA SANTOS,UNCLE K,VERAO 2025,CALCADOS,SAPATO,NACIONAL,NOBUCK VEGGIE,CALCADOS,SAPATO BONECA,FRANCISV25,8/1/2024,1
226 - UK - RECIFE - 226,2 02 15 008765,PAPETE TRAMA VEG KITTY V26,1,63,259,63,259,259,259,INDUSTRIA E COMERCIO DE CALCADOS S.SANTOS LTDA,RENATA MELLO,UNCLE K,VERAO 2026,CALCADOS,SANDALIA,NACIONAL,TRAMA VEGGIE,CALCADOS,PAPETE,KITTYV26,1/28/2026,1
238 - UK - RECIFE 2 - 238,2 02 15 008765,PAPETE TRAMA VEG KITTY V26,1,63,259,63,259,259,259,INDUSTRIA E COMERCIO DE CALCADOS S.SANTOS LTDA,RENATA MELLO,UNCLE K,VERAO 2026,CALCADOS,SANDALIA,NACIONAL,TRAMA VEGGIE,CALCADOS,PAPETE,KITTYV26,3/12/2026,1
242 - UK - RECIFE 4 - 242,2 02 14 008764,RASTEIRA NOBUCK VEG BIJOUX V26,3,147,477,49,159,159,159,INDUSTRIA E COMERCIO DE CALCADOS S.SANTOS LTDA,RENATA MELLO,UNCLE K,VERAO 2026,CALCADOS,SANDALIA  RASTEIRA,NACIONAL,NOBUCK VEGGIE,CALCADOS,RASTEIRA,BIJOUXV26,11/7/2025,1
226 - UK - RECIFE - 226,2 02 14 008764,RASTEIRA NOBUCK VEG BIJOUX V26,1,49,159,49,159,159,159,INDUSTRIA E COMERCIO DE CALCADOS S.SANTOS LTDA,RENATA MELLO,UNCLE K,VERAO 2026,CALCADOS,SANDALIA  RASTEIRA,NACIONAL,NOBUCK VEGGIE,CALCADOS,RASTEIRA,BIJOUXV26,1/29/2026,1
238 - UK - RECIFE 2 - 238,2 02 15 008849,RASTEIRA NAPA/CAMURCA VEG EMBAU V26,1,36,149,36,149,149,149,INDUSTRIA E COMERCIO DE CALCADOS S.SANTOS LTDA,RENATA MELLO,UNCLE K,ALTO VERAO 2026,CALCADOS,SANDALIA,NACIONAL,NAPA/CAMURCA VEGGIE,CALCADOS,RASTEIRA,EMBAUV26,3/4/2026,1
242 - UK - RECIFE 4 - 242,2 02 15 008849,RASTEIRA NAPA/CAMURCA VEG EMBAU V26,2,72,298,36,149,149,149,INDUSTRIA E COMERCIO DE CALCADOS S.SANTOS LTDA,RENATA MELLO,UNCLE K,ALTO VERAO 2026,CALCADOS,SANDALIA,NACIONAL,NAPA/CAMURCA VEGGIE,CALCADOS,RASTEIRA,EMBAUV26,12/16/2025,1
240 - UK - RECIFE 3 - 240,2 02 15 008849,RASTEIRA NAPA/CAMURCA VEG EMBAU V26,1,36,149,36,149,149,149,INDUSTRIA E COMERCIO DE CALCADOS S.SANTOS LTDA,RENATA MELLO,UNCLE K,ALTO VERAO 2026,CALCADOS,SANDALIA,NACIONAL,NAPA/CAMURCA VEGGIE,CALCADOS,RASTEIRA,EMBAUV26,1/26/2026,1
240 - UK - RECIFE 3 - 240,2 02 15 008849,RASTEIRA NAPA/CAMURCA VEG EMBAU V26,1,36,149,36,149,149,149,INDUSTRIA E COMERCIO DE CALCADOS S.SANTOS LTDA,RENATA MELLO,UNCLE K,ALTO VERAO 2026,CALCADOS,SANDALIA,NACIONAL,NAPA/CAMURCA VEGGIE,CALCADOS,RASTEIRA,EMBAUV26,2/28/2026,1
238 - UK - RECIFE 2 - 238,2 02 15 008766,PLATAFORMA VEGGIE PAX V26,1,60,259,60,259,259,259,INDUSTRIA E COMERCIO DE CALCADOS S.SANTOS LTDA,RENATA MELLO,UNCLE K,VERAO 2026,CALCADOS,SANDALIA,NACIONAL,VEGGIE,CALCADOS,PLATAFORMA,PAXV26,11/6/2025,1
242 - UK - RECIFE 4 - 242,2 02 15 008848,RASTEIRA NAPA/CAMURCA VEG MARAU V26,1,36,149,36,149,149,149,INDUSTRIA E COMERCIO DE CALCADOS S.SANTOS LTDA,RENATA MELLO,UNCLE K,ALTO VERAO 2026,CALCADOS,SANDALIA,NACIONAL,NAPA/CAMURCA VEGGIE,CALCADOS,RASTEIRA,MARAUV26,3/9/2026,1
238 - UK - RECIFE 2 - 238,2 02 15 008741,PLATAFORMA NAPA VEG DUNA V26,1,77,329,77,329,329,329,INDUSTRIA E COMERCIO DE CALCADOS S.SANTOS LTDA,RENATA MELLO,UNCLE K,VERAO 2026,CALCADOS,SANDALIA,NACIONAL,NAPA VEGGIE,CALCADOS,PLATAFORMA,DUNAV26,10/6/2025,1
226 - UK - RECIFE - 226,2 02 14 008846,RASTEIRA CAMURCA VEGGIE ESPELHO V26,2,90,358,45,179,179,179,INDUSTRIA E COMERCIO DE CALCADOS S.SANTOS LTDA,RENATA MELLO,UNCLE K,ALTO VERAO 2026,CALCADOS,SANDALIA,NACIONAL,CAMURCA VEGGIE,CALCADOS,RASTEIRA,ESPELHOV26,1/24/2026,1
242 - UK - RECIFE 4 - 242,2 02 14 008846,RASTEIRA CAMURCA VEGGIE ESPELHO V26,1,45,179,45,179,179,179,INDUSTRIA E COMERCIO DE CALCADOS S.SANTOS LTDA,RENATA MELLO,UNCLE K,ALTO VERAO 2026,CALCADOS,SANDALIA,NACIONAL,CAMURCA VEGGIE,CALCADOS,RASTEIRA,ESPELHOV26,3/2/2026,1
238 - UK - RECIFE 2 - 238,2 02 14 008773,RASTEIRA NAPA VEG QUINTA V26,1,36,129,36,129,129,129,INDUSTRIA E COMERCIO DE CALCADOS S.SANTOS LTDA,RENATA MELLO,UNCLE K,VERAO 2026,CALCADOS,SANDALIA  RASTEIRA,NACIONAL,NAPA VEGGIE,CALCADOS,RASTEIRA,QUINTAV26,12/5/2025,1
238 - UK - RECIFE 2 - 238,2 02 15 008772,PLATAFORMA NOBUCK VEG DIGGY V26,1,76,329,76,329,329,329,INDUSTRIA E COMERCIO DE CALCADOS S.SANTOS LTDA,RENATA MELLO,UNCLE K,VERAO 2026,CALCADOS,SANDALIA,NACIONAL,NOBUCK VEGGIE,CALCADOS,PLATAFORMA,DIGGYV26,3/3/2026,1
238 - UK - RECIFE 2 - 238,2 02 15 008772,PLATAFORMA NOBUCK VEG DIGGY V26,1,76,329,76,329,329,329,INDUSTRIA E COMERCIO DE CALCADOS S.SANTOS LTDA,RENATA MELLO,UNCLE K,VERAO 2026,CALCADOS,SANDALIA,NACIONAL,NOBUCK VEGGIE,CALCADOS,PLATAFORMA,DIGGYV26,12/26/2025,1
238 - UK - RECIFE 2 - 238,2 02 18 008749,TENIS VEGGIE KA V26,1,84,349,84,349,349,349,INDUSTRIA E COMERCIO DE CALCADOS S.SANTOS LTDA,RENATA MELLO,UNCLE K,VERAO 2026,CALCADOS,TENIS,NACIONAL,VEGGIE,CALCADOS,TENIS,KAV26,11/14/2025,1
238 - UK - RECIFE 2 - 238,2 02 15 008740,PAPETE NAPA VEG CANYON V26,1,57,189,57,189,189,189,INDUSTRIA E COMERCIO DE CALCADOS S.SANTOS LTDA,RENATA MELLO,UNCLE K,VERAO 2026,CALCADOS,SANDALIA,NACIONAL,NAPA VEGGIE,CALCADOS,PAPETE,CANYONV26,8/25/2025,1
226 - UK - RECIFE - 226,2 02 15 007586,RASTEIRA CARMUCA VEGGIE VILLE V23,1,40,79,40,139,79,129,INDUSTRIA E COMERCIO DE CALCADOS S.SANTOS LTDA,RENATA MELLO,UNCLE K,VERAO 2023,CALCADOS,SANDALIA,NACIONAL,SINTETICO,CALCADOS,SANDALIA  RASTEIRA,VILLEV23,12/23/2022,1
240 - UK - RECIFE 3 - 240,2 02 18 008605,TENIS COURO RIO I25,1,149,469,149,469,469,469,CALCADOS SHELTER INDUSTRIA E COMERCIA LTDA EPP,SHELTER,UNCLE K,INVERNO 2025,CALCADOS,TENIS,NACIONAL,COURO,CALCADOS,TENIS,RIOI25,8/22/2025,1
240 - UK - RECIFE 3 - 240,2 02 18 008605,TENIS COURO RIO I25,2,298,938,149,469,469,469,CALCADOS SHELTER INDUSTRIA E COMERCIA LTDA EPP,SHELTER,UNCLE K,INVERNO 2025,CALCADOS,TENIS,NACIONAL,COURO,CALCADOS,TENIS,RIOI25,3/9/2026,1
238 - UK - RECIFE 2 - 238,2 02 18 008605,TENIS COURO RIO I25,1,149,469,149,469,469,469,CALCADOS SHELTER INDUSTRIA E COMERCIA LTDA EPP,SHELTER,UNCLE K,INVERNO 2025,CALCADOS,TENIS,NACIONAL,COURO,CALCADOS,TENIS,RIOI25,4/1/2025,1
226 - UK - RECIFE - 226,2 02 18 00818,TENIS COURO RIO I24,2,284,898,142,449,449,449,CALCADOS SHELTER INDUSTRIA E COMERCIA LTDA EPP,SHELTER,UNCLE K,INVERNO 2024,CALCADOS,TENIS,NACIONAL,COURO,CALCADOS,TENIS,RIOI24,8/13/2025,1
226 - UK - RECIFE - 226,2 02 18 00818,TENIS COURO RIO I24,1,142,449,142,449,449,449,CALCADOS SHELTER INDUSTRIA E COMERCIA LTDA EPP,SHELTER,UNCLE K,INVERNO 2024,CALCADOS,TENIS,NACIONAL,COURO,CALCADOS,TENIS,RIOI24,12/19/2024,1
240 - UK - RECIFE 3 - 240,2 02 18 00818,TENIS COURO RIO I24,1,142,449,142,449,449,449,CALCADOS SHELTER INDUSTRIA E COMERCIA LTDA EPP,SHELTER,UNCLE K,INVERNO 2024,CALCADOS,TENIS,NACIONAL,COURO,CALCADOS,TENIS,RIOI24,5/9/2024,1
238 - UK - RECIFE 2 - 238,2 03 11 007926,MOCHILA NYLON BNT BUK V24,1,150,549,150,549,549,549,BAG PLANET BOLSAS E ACESSORIOS LTDA,BAG PLANET BOLSAS E ACESSORIOS LTDA,UNCLE K,VERAO 2024,MOCHILAS,MOCHILA NYLON,IMPORTADO,NYLON BNT,MOCHILAS BASICAS,MOCHILA,BUKV24,6/20/2024,1
238 - UK - RECIFE 2 - 238,2 03 11 007925,MOCHILA NYLON BNT MINI BUK V24,2,280,998,140,499,499,499,BAG PLANET BOLSAS E ACESSORIOS LTDA,BAG PLANET BOLSAS E ACESSORIOS LTDA,UNCLE K,VERAO 2024,MOCHILAS,MOCHILA NYLON,IMPORTADO,NYLON BNT,MOCHILAS BASICAS,MOCHILA,MINIBUKV24,3/20/2025,1
240 - UK - RECIFE 3 - 240,2 03 11 007749,MOCHILA NYLON BNT MINI BUK I23,1,140,499,140,499,499,499,BAG PLANET BOLSAS E ACESSORIOS LTDA,BAG PLANET BOLSAS E ACESSORIOS LTDA,UNCLE K,INVERNO 2023,MOCHILAS,MOCHILA NYLON,IMPORTADO,NYLON BNT,MOCHILAS BASICAS,MOCHILA,MINIBUKI23,11/14/2024,1
240 - UK - RECIFE 3 - 240,2 03 11 007765,MOCHILA NYLON RUBBER BIG BUK I23,1,160,399,160,589,399,589,BAG PLANET BOLSAS E ACESSORIOS LTDA,BAG PLANET BOLSAS E ACESSORIOS LTDA,UNCLE K,INVERNO 2023,MOCHILAS,MOCHILA NYLON,IMPORTADO,NYLON EMBORRACHADO,MOCHILAS BASICAS,MOCHILA,206098I23RB,3/13/2026,1
226 - UK - RECIFE - 226,2 02 15 008878,SANDALIA COURO TOTIS I26,12,"1035,6",3348,"86,3",279,279,279,NIVAN CALCADOS LTDA,AYE AYE,UNCLE K,INVERNO 2026,CALCADOS,SANDALIA,NACIONAL,COURO,CALCADOS,RASTEIRA,TOTISI26,3/11/2026,1
242 - UK - RECIFE 4 - 242,2 02 15 008878,SANDALIA COURO TOTIS I26,16,"1380,8",4464,"86,3",279,279,279,NIVAN CALCADOS LTDA,AYE AYE,UNCLE K,INVERNO 2026,CALCADOS,SANDALIA,NACIONAL,COURO,CALCADOS,RASTEIRA,TOTISI26,3/16/2026,1
240 - UK - RECIFE 3 - 240,2 02 15 008878,SANDALIA COURO TOTIS I26,16,"1380,8",4464,"86,3",279,279,279,NIVAN CALCADOS LTDA,AYE AYE,UNCLE K,INVERNO 2026,CALCADOS,SANDALIA,NACIONAL,COURO,CALCADOS,RASTEIRA,TOTISI26,3/13/2026,1
238 - UK - RECIFE 2 - 238,2 02 15 008878,SANDALIA COURO TOTIS I26,1,"86,3",279,"86,3",279,279,279,NIVAN CALCADOS LTDA,AYE AYE,UNCLE K,INVERNO 2026,CALCADOS,SANDALIA,NACIONAL,COURO,CALCADOS,RASTEIRA,TOTISI26,3/17/2026,1
240 - UK - RECIFE 3 - 240,2 02 14 008734,RASTEIRA COURO GRASS V26,1,"84,4",269,"84,4",269,269,269,NIVAN CALCADOS LTDA,AYE AYE,UNCLE K,VERAO 2026,CALCADOS,SANDALIA  RASTEIRA,NACIONAL,COURO,CALCADOS,RASTEIRA,GRASSV26,1/26/2026,1
226 - UK - RECIFE - 226,2 02 14 008734,RASTEIRA COURO GRASS V26,3,"253,2",807,"84,4",269,269,269,NIVAN CALCADOS LTDA,AYE AYE,UNCLE K,VERAO 2026,CALCADOS,SANDALIA  RASTEIRA,NACIONAL,COURO,CALCADOS,RASTEIRA,GRASSV26,11/21/2025,1
226 - UK - RECIFE - 226,2 02 14 008734,RASTEIRA COURO GRASS V26,1,"84,4",269,"84,4",269,269,269,NIVAN CALCADOS LTDA,AYE AYE,UNCLE K,VERAO 2026,CALCADOS,SANDALIA  RASTEIRA,NACIONAL,COURO,CALCADOS,RASTEIRA,GRASSV26,1/15/2026,1
226 - UK - RECIFE - 226,2 02 14 008734,RASTEIRA COURO GRASS V26,1,"84,4",269,"84,4",269,269,269,NIVAN CALCADOS LTDA,AYE AYE,UNCLE K,VERAO 2026,CALCADOS,SANDALIA  RASTEIRA,NACIONAL,COURO,CALCADOS,RASTEIRA,GRASSV26,12/24/2025,1
238 - UK - RECIFE 2 - 238,2 02 14 008733,RASTEIRA COURO GOLDEN V26,2,168,538,84,269,269,269,NIVAN CALCADOS LTDA,AYE AYE,UNCLE K,VERAO 2026,CALCADOS,SANDALIA  RASTEIRA,NACIONAL,COURO,CALCADOS,RASTEIRA,GOLDENV26,1/22/2026,1
226 - UK - RECIFE - 226,2 02 14 008769,RASTEIRA COURO RIVER V26,2,155,498,"77,5",249,249,249,NIVAN CALCADOS LTDA,AYE AYE,UNCLE K,VERAO 2026,CALCADOS,SANDALIA  RASTEIRA,NACIONAL,COURO,CALCADOS,RASTEIRA,RIVERV26,12/20/2025,1
238 - UK - RECIFE 2 - 238,2 02 14 008769,RASTEIRA COURO RIVER V26,2,155,498,"77,5",249,249,249,NIVAN CALCADOS LTDA,AYE AYE,UNCLE K,VERAO 2026,CALCADOS,SANDALIA  RASTEIRA,NACIONAL,COURO,CALCADOS,RASTEIRA,RIVERV26,3/9/2026,1
238 - UK - RECIFE 2 - 238,2 02 14 008769,RASTEIRA COURO RIVER V26,6,465,1494,"77,5",249,249,249,NIVAN CALCADOS LTDA,AYE AYE,UNCLE K,VERAO 2026,CALCADOS,SANDALIA  RASTEIRA,NACIONAL,COURO,CALCADOS,RASTEIRA,RIVERV26,11/6/2025,1
226 - UK - RECIFE - 226,2 02 14 008769,RASTEIRA COURO RIVER V26,1,"77,5",249,"77,5",249,249,249,NIVAN CALCADOS LTDA,AYE AYE,UNCLE K,VERAO 2026,CALCADOS,SANDALIA  RASTEIRA,NACIONAL,COURO,CALCADOS,RASTEIRA,RIVERV26,2/27/2026,1
238 - UK - RECIFE 2 - 238,2 02 17 008745,MULE COURO BALLOON V26,1,"107,8",349,"107,8",349,349,349,NIVAN CALCADOS LTDA,AYE AYE,UNCLE K,VERAO 2026,CALCADOS,SAPATO,NACIONAL,COURO,CALCADOS,MULE,BALLOONV26,11/26/2025,1
226 - UK - RECIFE - 226,2 02 17 008745,MULE COURO BALLOON V26,2,"215,6",698,"107,8",349,349,349,NIVAN CALCADOS LTDA,AYE AYE,UNCLE K,VERAO 2026,CALCADOS,SAPATO,NACIONAL,COURO,CALCADOS,MULE,BALLOONV26,1/9/2026,1
238 - UK - RECIFE 2 - 238,2 02 15 008358,RASTEIRA COURO SILVER V25,2,"159,4",538,"79,7",269,269,269,NIVAN CALCADOS LTDA,AYE AYE,UNCLE K,VERAO 2025,CALCADOS,SANDALIA,NACIONAL,COURO,CALCADOS,RASTEIRA,SILVERV25,8/18/2025,1
240 - UK - RECIFE 3 - 240,2 02 14 008598,RASTEIRA COURO SILVER I25,1,"79,7",269,"79,7",269,269,269,NIVAN CALCADOS LTDA,AYE AYE,UNCLE K,INVERNO 2025,CALCADOS,SANDALIA  RASTEIRA,NACIONAL,COURO,CALCADOS,RASTEIRA,SILVERI25,8/9/2025,1
242 - UK - RECIFE 4 - 242,2 02 14 008598,RASTEIRA COURO SILVER I25,1,"79,7",269,"79,7",269,269,269,NIVAN CALCADOS LTDA,AYE AYE,UNCLE K,INVERNO 2025,CALCADOS,SANDALIA  RASTEIRA,NACIONAL,COURO,CALCADOS,RASTEIRA,SILVERI25,8/13/2025,1
240 - UK - RECIFE 3 - 240,2 04 01 07777,COPO UNCLE K,12,"239,4",708,"19,95",59,59,59,SANTA CLARA BRINDES,SANTA CLARA BRINDES,UNCLE K,INVERNO 2023,,,,,,,,2/11/2026,1
238 - UK - RECIFE 2 - 238,2 02 15 008361,PAPETE ELASTICO SERENA V25,1,"74,3",259,"74,3",259,259,249,CALCADOS R.M.S LTDA,RMS,UNCLE K,VERAO 2025,CALCADOS,SANDALIA,NACIONAL,ELASTICO,CALCADOS,PAPETE,SERENAV25,9/2/2024,1
242 - UK - RECIFE 4 - 242,2 02 15 008735,PAPETE COURO FIGARO V26,2,156,518,78,259,259,259,CALCADOS R.M.S LTDA,RMS,UNCLE K,VERAO 2026,CALCADOS,SANDALIA,NACIONAL,COURO,CALCADOS,PAPETE,FIGAROV26,11/18/2025,1
240 - UK - RECIFE 3 - 240,2 02 15 008735,PAPETE COURO FIGARO V26,1,78,259,78,259,259,259,CALCADOS R.M.S LTDA,RMS,UNCLE K,VERAO 2026,CALCADOS,SANDALIA,NACIONAL,COURO,CALCADOS,PAPETE,FIGAROV26,11/4/2025,1
242 - UK - RECIFE 4 - 242,2 02 15 007984,PLATAFORMA LONA TRANCOSO V24,1,"99,9",149,"99,9",329,149,329,NEW PORT IND. COM. IMP. E EXP DE CALCADOS LTDA,A3 ESPADRILLES,UNCLE K,VERAO 2024,CALCADOS,SANDALIA,NACIONAL,LONA,CALCADOS,PLATAFORMA,TRANCOSOV24,9/26/2023,1
226 - UK - RECIFE - 226,2 04 01 008173,TOALHA 70542 V24,16,"475,2",1424,"29,7",89,89,89,EUQUERONUVEM PERSONALIZADOS LTDA,EU QUERO NUVEM,UNCLE K,VERAO 2024,ACESSORIOS,ACESSORIOS,NACIONAL,POLIESTER,ACESSORIOS,TOALHA,70542V24,3/6/2026,1
238 - UK - RECIFE 2 - 238,2 03 11 008301,MOCHILA NYLON BNT MINI BUK V25,2,248,998,124,499,499,499,TRUST - IMPORTACAO E EXPORTACAO EIRELI,TTL BRAZIL (DTX),UNCLE K,VERAO 2025,MOCHILAS,MOCHILA NYLON,IMPORTADO,NYLON BNT,MOCHILAS BASICAS,MOCHILA,MINIBUKBNTV25,12/16/2024,1
226 - UK - RECIFE - 226,2 03 11 008301,MOCHILA NYLON BNT MINI BUK V25,1,124,499,124,499,499,499,TRUST - IMPORTACAO E EXPORTACAO EIRELI,TTL BRAZIL (DTX),UNCLE K,VERAO 2025,MOCHILAS,MOCHILA NYLON,IMPORTADO,NYLON BNT,MOCHILAS BASICAS,MOCHILA,MINIBUKBNTV25,3/14/2026,1
240 - UK - RECIFE 3 - 240,2 03 11 008301,MOCHILA NYLON BNT MINI BUK V25,2,248,998,124,499,499,499,TRUST - IMPORTACAO E EXPORTACAO EIRELI,TTL BRAZIL (DTX),UNCLE K,VERAO 2025,MOCHILAS,MOCHILA NYLON,IMPORTADO,NYLON BNT,MOCHILAS BASICAS,MOCHILA,MINIBUKBNTV25,12/16/2024,1
242 - UK - RECIFE 4 - 242,2 03 11 008301,MOCHILA NYLON BNT MINI BUK V25,1,124,499,124,499,499,499,TRUST - IMPORTACAO E EXPORTACAO EIRELI,TTL BRAZIL (DTX),UNCLE K,VERAO 2025,MOCHILAS,MOCHILA NYLON,IMPORTADO,NYLON BNT,MOCHILAS BASICAS,MOCHILA,MINIBUKBNTV25,1/19/2026,1
226 - UK - RECIFE - 226,2 03 11 008303,MOCHILA NYLON BNT BIG BUK V25,1,144,589,144,589,589,589,TRUST - IMPORTACAO E EXPORTACAO EIRELI,TTL BRAZIL (DTX),UNCLE K,VERAO 2025,MOCHILAS,MOCHILA NYLON,IMPORTADO,NYLON BNT,MOCHILAS BASICAS,MOCHILA,BIGBUKBNTV25,12/5/2025,1
242 - UK - RECIFE 4 - 242,2 03 11 008394,MOCHILA NYLON BNT 61048 V25,1,155,569,155,569,569,569,TRUST - IMPORTACAO E EXPORTACAO EIRELI,TTL BRAZIL (DTX),UNCLE K,VERAO 2025,MOCHILAS,MOCHILA NYLON,IMPORTADO,NYLON BNT,MOCHILAS/MALAS,MOCHILA,61048V25,3/3/2026,1
238 - UK - RECIFE 2 - 238,2 02 15 008882,SANDALIA NEOPRENE MEDUSA I26,3,372,1197,124,399,399,399,CALCADOS NATORE RAPERE LTDA,NATORE,UNCLE K,INVERNO 2026,CALCADOS,SANDALIA,NACIONAL,NEOPRENE,CALCADOS,SANDALIA SALTO,MEDUSAI26,3/5/2026,1
238 - UK - RECIFE 2 - 238,2 02 15 008882,SANDALIA NEOPRENE MEDUSA I26,1,124,399,124,399,399,399,CALCADOS NATORE RAPERE LTDA,NATORE,UNCLE K,INVERNO 2026,CALCADOS,SANDALIA,NACIONAL,NEOPRENE,CALCADOS,SANDALIA SALTO,MEDUSAI26,3/10/2026,1
240 - UK - RECIFE 3 - 240,2 02 15 008883,SANDALIA NEOPRENE TRIANON I26,15,1860,5985,124,399,399,399,CALCADOS NATORE RAPERE LTDA,NATORE,UNCLE K,INVERNO 2026,CALCADOS,SANDALIA,NACIONAL,NEOPRENE,CALCADOS,SANDALIA SALTO,TRIANONI26,3/3/2026,1
238 - UK - RECIFE 2 - 238,2 02 15 008883,SANDALIA NEOPRENE TRIANON I26,4,496,1596,124,399,399,399,CALCADOS NATORE RAPERE LTDA,NATORE,UNCLE K,INVERNO 2026,CALCADOS,SANDALIA,NACIONAL,NEOPRENE,CALCADOS,SANDALIA SALTO,TRIANONI26,3/10/2026,1
238 - UK - RECIFE 2 - 238,2 02 15 008883,SANDALIA NEOPRENE TRIANON I26,3,372,1197,124,399,399,399,CALCADOS NATORE RAPERE LTDA,NATORE,UNCLE K,INVERNO 2026,CALCADOS,SANDALIA,NACIONAL,NEOPRENE,CALCADOS,SANDALIA SALTO,TRIANONI26,3/11/2026,1
242 - UK - RECIFE 4 - 242,2 01 04 008387,BOLSA NY SOFT 61233 V25,2,180,738,90,369,369,369,ITIBAG COMERCIO DE BOLSAS E ACESSORIOS LTDA EPP,ITIBAG,UNCLE K,VERAO 2025,BOLSAS,BOLSA NYLON,IMPORTADO,NYLON SOFT,BOLSAS NYLON IMPORTADO,BOLSA MULTIUSO,61233V25,3/10/2026,1
240 - UK - RECIFE 3 - 240,2 01 04 008387,BOLSA NY SOFT 61233 V25,1,90,369,90,369,369,369,ITIBAG COMERCIO DE BOLSAS E ACESSORIOS LTDA EPP,ITIBAG,UNCLE K,VERAO 2025,BOLSAS,BOLSA NYLON,IMPORTADO,NYLON SOFT,BOLSAS NYLON IMPORTADO,BOLSA MULTIUSO,61233V25,2/26/2025,1
238 - UK - RECIFE 2 - 238,2 03 11 008425,MOCHILA NY SOFT BUK V25,1,139,399,139,549,399,549,ITIBAG COMERCIO DE BOLSAS E ACESSORIOS LTDA EPP,ITIBAG,UNCLE K,VERAO 2025,MOCHILAS,MOCHILA NYLON,IMPORTADO,NYLON SOFT,MOCHILAS BASICAS,MOCHILA,BUKSFV25,11/19/2024,1
242 - UK - RECIFE 4 - 242,2 01 04 008549,BOLSA NY BNT 61144 I25,2,320,1158,160,579,579,579,SERRAMAR DISTRIBUIDORA LTDA,SERRAMAR,UNCLE K,INVERNO 2025,BOLSAS,BOLSA NYLON,IMPORTADO,NYLON BNT,BOLSAS NYLON IMPORTADO,BOLSA MULTIUSO,61144I25,2/11/2026,1
226 - UK - RECIFE - 226,2 01 04 008549,BOLSA NY BNT 61144 I25,1,160,579,160,579,579,579,SERRAMAR DISTRIBUIDORA LTDA,SERRAMAR,UNCLE K,INVERNO 2025,BOLSAS,BOLSA NYLON,IMPORTADO,NYLON BNT,BOLSAS NYLON IMPORTADO,BOLSA MULTIUSO,61144I25,4/15/2025,1
242 - UK - RECIFE 4 - 242,2 01 04 008549,BOLSA NY BNT 61144 I25,1,160,579,160,579,579,579,SERRAMAR DISTRIBUIDORA LTDA,SERRAMAR,UNCLE K,INVERNO 2025,BOLSAS,BOLSA NYLON,IMPORTADO,NYLON BNT,BOLSAS NYLON IMPORTADO,BOLSA MULTIUSO,61144I25,10/17/2025,1
242 - UK - RECIFE 4 - 242,2 01 04 008556,BOLSA NY TWILL 61320 I25,1,95,349,95,349,349,349,SERRAMAR DISTRIBUIDORA LTDA,SERRAMAR,UNCLE K,INVERNO 2025,BOLSAS,BOLSA NYLON,IMPORTADO,NYLON TWILL,BOLSAS NYLON IMPORTADO,BOLSA MULTIUSO,61320I25,5/9/2025,1
238 - UK - RECIFE 2 - 238,2 01 04 008554,BOLSA NY TWILL 61308 I25,1,135,489,135,489,489,489,SERRAMAR DISTRIBUIDORA LTDA,SERRAMAR,UNCLE K,INVERNO 2025,BOLSAS,BOLSA NYLON,IMPORTADO,NYLON TWILL,BOLSAS NYLON IMPORTADO,BOLSA TRANSPASSE,61308I25,5/19/2025,1
226 - UK - RECIFE - 226,2 01 04 008548,BOLSA NY BNT 61317 I25,1,"158,55",479,"158,55",559,479,559,SERRAMAR DISTRIBUIDORA LTDA,SERRAMAR,UNCLE K,INVERNO 2025,BOLSAS,BOLSA NYLON,IMPORTADO,NYLON BNT,BOLSAS NYLON IMPORTADO,BOLSA MULTIUSO,61317I25,4/15/2025,1
238 - UK - RECIFE 2 - 238,2 01 04 008546,BOLSA NY BNT 61316 I25,1,120,429,120,429,429,429,SERRAMAR DISTRIBUIDORA LTDA,SERRAMAR,UNCLE K,INVERNO 2025,BOLSAS,BOLSA NYLON,IMPORTADO,NYLON BNT,BOLSAS NYLON IMPORTADO,BOLSA TRANSPASSE,61316I25,4/22/2025,1
226 - UK - RECIFE - 226,2 04 02 008924,COLAR RESINA CI26J,6,156,534,26,89,89,89,BIJOU FASHION BIJOUTERIAS LTDA,BIJOU FASHION BIJOUTERIAS LTDA,UNCLE K,INVERNO 2026,ACESSORIOS,BIJUTERIA,NACIONAL,RESINA,BIJUTERIA,COLAR,CI26J,3/12/2026,1
240 - UK - RECIFE 3 - 240,2 04 02 008923,COLAR METAL/RESINA CI26C,6,180,594,30,99,99,99,BIJOU FASHION BIJOUTERIAS LTDA,BIJOU FASHION BIJOUTERIAS LTDA,UNCLE K,INVERNO 2026,ACESSORIOS,BIJUTERIA,NACIONAL,METAL/RESINA,BIJUTERIA,COLAR,CI26C,3/16/2026,1
240 - UK - RECIFE 3 - 240,2 04 02 008689,COLAR RESINA/CAMURCA CV26E,3,120,387,40,129,129,129,BIJOU FASHION BIJOUTERIAS LTDA,BIJOU FASHION BIJOUTERIAS LTDA,UNCLE K,VERAO 2026,ACESSORIOS,BIJUTERIA,NACIONAL,RESINA/CAMURCA,BIJUTERIA,COLAR,CV26EV26,3/14/2026,1
242 - UK - RECIFE 4 - 242,2 04 02 008689,COLAR RESINA/CAMURCA CV26E,2,80,258,40,129,129,129,BIJOU FASHION BIJOUTERIAS LTDA,BIJOU FASHION BIJOUTERIAS LTDA,UNCLE K,VERAO 2026,ACESSORIOS,BIJUTERIA,NACIONAL,RESINA/CAMURCA,BIJUTERIA,COLAR,CV26EV26,3/4/2026,1
238 - UK - RECIFE 2 - 238,2 04 02 008689,COLAR RESINA/CAMURCA CV26E,8,320,1032,40,129,129,129,BIJOU FASHION BIJOUTERIAS LTDA,BIJOU FASHION BIJOUTERIAS LTDA,UNCLE K,VERAO 2026,ACESSORIOS,BIJUTERIA,NACIONAL,RESINA/CAMURCA,BIJUTERIA,COLAR,CV26EV26,2/19/2026,1
242 - UK - RECIFE 4 - 242,2 04 02 008689,COLAR RESINA/CAMURCA CV26E,2,80,258,40,129,129,129,BIJOU FASHION BIJOUTERIAS LTDA,BIJOU FASHION BIJOUTERIAS LTDA,UNCLE K,VERAO 2026,ACESSORIOS,BIJUTERIA,NACIONAL,RESINA/CAMURCA,BIJUTERIA,COLAR,CV26EV26,3/7/2026,1
240 - UK - RECIFE 3 - 240,2 04 02 008689,COLAR RESINA/CAMURCA CV26E,4,160,516,40,129,129,129,BIJOU FASHION BIJOUTERIAS LTDA,BIJOU FASHION BIJOUTERIAS LTDA,UNCLE K,VERAO 2026,ACESSORIOS,BIJUTERIA,NACIONAL,RESINA/CAMURCA,BIJUTERIA,COLAR,CV26EV26,2/26/2026,1
238 - UK - RECIFE 2 - 238,2 04 02 008647,COLAR RESINA CV26B,3,111,357,37,119,119,119,BIJOU FASHION BIJOUTERIAS LTDA,BIJOU FASHION BIJOUTERIAS LTDA,UNCLE K,VERAO 2026,ACESSORIOS,BIJUTERIA,NACIONAL,RESINA,BIJUTERIA,COLAR,CV26BV26,1/22/2026,1
226 - UK - RECIFE - 226,2 04 02 008647,COLAR RESINA CV26B,1,37,119,37,119,119,119,BIJOU FASHION BIJOUTERIAS LTDA,BIJOU FASHION BIJOUTERIAS LTDA,UNCLE K,VERAO 2026,ACESSORIOS,BIJUTERIA,NACIONAL,RESINA,BIJUTERIA,COLAR,CV26BV26,3/6/2026,1
242 - UK - RECIFE 4 - 242,2 04 01 008472,GUARDA CHUVA POLIESTER GOMOS P,5,"334,5",895,"66,9",179,179,179,FLORENCA BRINDES LTDA EPP,FLORENCA BRINDES (GUARDA CHUVA),UNCLE K,INVERNO 2025,ACESSORIOS,ACESSORIOS,NACIONAL,POLIESTER,ACESSORIOS,GUARDA-CHUVA,GOMOSPI25,12/29/2025,1
240 - UK - RECIFE 3 - 240,2 04 01 008472,GUARDA CHUVA POLIESTER GOMOS P,2,"133,8",358,"66,9",179,179,179,FLORENCA BRINDES LTDA EPP,FLORENCA BRINDES (GUARDA CHUVA),UNCLE K,INVERNO 2025,ACESSORIOS,ACESSORIOS,NACIONAL,POLIESTER,ACESSORIOS,GUARDA-CHUVA,GOMOSPI25,2/13/2026,1
226 - UK - RECIFE - 226,2 02 17 008763,MOCASSIM COURO VALENCIA V26,1,"113,9",379,"113,9",379,379,379,INDUSTRIA DE CALCADOS MAZUQUE LTDA,MAZUQUE,UNCLE K,VERAO 2026,CALCADOS,SAPATO,NACIONAL,COURO,CALCADOS,MOCASSIM,VALENCIAV26,3/6/2026,1
238 - UK - RECIFE 2 - 238,2 02 15 008755,SANDALIA NEOPRENE TRIANON V26,4,488,1596,122,399,399,399,CONFORTARIA COMERCIO DE CALCADOS LTDA.,CALCADOS NATORE,UNCLE K,VERAO 2026,CALCADOS,SANDALIA,NACIONAL,NEOPRENE,CALCADOS,SANDALIA SALTO,TRIANONV26,12/23/2025,1
226 - UK - RECIFE - 226,2 02 15 008755,SANDALIA NEOPRENE TRIANON V26,2,244,798,122,399,399,399,CONFORTARIA COMERCIO DE CALCADOS LTDA.,CALCADOS NATORE,UNCLE K,VERAO 2026,CALCADOS,SANDALIA,NACIONAL,NEOPRENE,CALCADOS,SANDALIA SALTO,TRIANONV26,1/28/2026,1
238 - UK - RECIFE 2 - 238,2 03 11 008845,MOCHILA NY SOFT 61406 V26,2,188,758,94,379,379,379,VITOR ABREU COMERCIO DE BIJUTERIAS LTDA,VITOR ABREU,UNCLE K,VERAO 2026,MOCHILAS,MOCHILA NYLON,IMPORTADO,NYLON SOFT,MOCHILAS/MALAS,MOCHILA,61406V26,3/2/2026,1
238 - UK - RECIFE 2 - 238,2 03 11 61405,MOCHILA NY SOFT 61405 V26,4,396,1596,99,399,399,399,VITOR ABREU COMERCIO DE BIJUTERIAS LTDA,VITOR ABREU,UNCLE K,VERAO 2026,MOCHILAS,MOCHILA NYLON,IMPORTADO,NYLON SOFT,MOCHILAS/MALAS,MOCHILA,61405V26,2/18/2026,1
240 - UK - RECIFE 3 - 240,2 03 11 61405,MOCHILA NY SOFT 61405 V26,3,297,1197,99,399,399,399,VITOR ABREU COMERCIO DE BIJUTERIAS LTDA,VITOR ABREU,UNCLE K,VERAO 2026,MOCHILAS,MOCHILA NYLON,IMPORTADO,NYLON SOFT,MOCHILAS/MALAS,MOCHILA,61405V26,1/6/2026,1
226 - UK - RECIFE - 226,2 01 04 008839,BOLSA NY SOFT 61404 V26,2,145,598,"72,5",299,299,299,VITOR ABREU COMERCIO DE BIJUTERIAS LTDA,VITOR ABREU,UNCLE K,VERAO 2026,BOLSAS,BOLSA NYLON,IMPORTADO,NYLON SOFT,BOLSAS NYLON IMPORTADO,BOLSA MULTIUSO,61404V26,1/5/2026,1
240 - UK - RECIFE 3 - 240,2 01 04 008839,BOLSA NY SOFT 61404 V26,1,"72,5",299,"72,5",299,299,299,VITOR ABREU COMERCIO DE BIJUTERIAS LTDA,VITOR ABREU,UNCLE K,VERAO 2026,BOLSAS,BOLSA NYLON,IMPORTADO,NYLON SOFT,BOLSAS NYLON IMPORTADO,BOLSA MULTIUSO,61404V26,2/3/2026,1
226 - UK - RECIFE - 226,2 01 04 008789,BOLSA NY BNT 61042 V26,3,315,1107,105,369,369,369,TOVA EQUIPAMENTOS E ACESSORIOS LTDA,,UNCLE K,VERAO 2026,BOLSAS,BOLSA NYLON,IMPORTADO,NYLON BNT,BOLSAS NYLON IMPORTADO,BOLSA TRANSPASSE,61042V26,12/17/2025,1
238 - UK - RECIFE 2 - 238,2 01 04 008789,BOLSA NY BNT 61042 V26,1,105,369,105,369,369,369,TOVA EQUIPAMENTOS E ACESSORIOS LTDA,,UNCLE K,VERAO 2026,BOLSAS,BOLSA NYLON,IMPORTADO,NYLON BNT,BOLSAS NYLON IMPORTADO,BOLSA TRANSPASSE,61042V26,3/12/2026,1
240 - UK - RECIFE 3 - 240,2 01 04 008786,BOLSA NY BNT 61038 V26,4,468,1676,117,419,419,419,TOVA EQUIPAMENTOS E ACESSORIOS LTDA,,UNCLE K,VERAO 2026,BOLSAS,BOLSA NYLON,IMPORTADO,NYLON BNT,BOLSAS NYLON IMPORTADO,BOLSA MULTIUSO,61038V26,12/10/2025,1
226 - UK - RECIFE - 226,2 01 04 008801,BOLSA NY SOFT 61355 V26,1,180,619,180,619,619,619,TOVA EQUIPAMENTOS E ACESSORIOS LTDA,,UNCLE K,VERAO 2026,BOLSAS,BOLSA NYLON,IMPORTADO,NYLON SOFT,BOLSAS NYLON IMPORTADO,BOLSA MULTIUSO,61355V26,1/26/2026,1
238 - UK - RECIFE 2 - 238,2 01 04 008801,BOLSA NY SOFT 61355 V26,1,180,619,180,619,619,619,TOVA EQUIPAMENTOS E ACESSORIOS LTDA,,UNCLE K,VERAO 2026,BOLSAS,BOLSA NYLON,IMPORTADO,NYLON SOFT,BOLSAS NYLON IMPORTADO,BOLSA MULTIUSO,61355V26,1/15/2026,1
240 - UK - RECIFE 3 - 240,2 01 04 008787,BOLSA NY SOFT 61351 V26,2,280,978,140,489,489,489,TOVA EQUIPAMENTOS E ACESSORIOS LTDA,,UNCLE K,VERAO 2026,BOLSAS,BOLSA NYLON,IMPORTADO,NYLON SOFT,BOLSAS NYLON IMPORTADO,BOLSA MULTIUSO,61351V26,1/6/2026,1
226 - UK - RECIFE - 226,2 01 04 008797,BOLSA KING RUBBER 61144 V26,1,160,499,160,499,499,499,TOVA EQUIPAMENTOS E ACESSORIOS LTDA,,UNCLE K,VERAO 2026,BOLSAS,BOLSA NYLON,IMPORTADO,KING RUBBER,BOLSAS NYLON IMPORTADO,BOLSA MULTIUSO,61144KRV26,1/28/2026,1
240 - UK - RECIFE 3 - 240,2 01 04 008797,BOLSA KING RUBBER 61144 V26,2,320,998,160,499,499,499,TOVA EQUIPAMENTOS E ACESSORIOS LTDA,,UNCLE K,VERAO 2026,BOLSAS,BOLSA NYLON,IMPORTADO,KING RUBBER,BOLSAS NYLON IMPORTADO,BOLSA MULTIUSO,61144KRV26,1/6/2026,1
226 - UK - RECIFE - 226,2 03 11 008813,MOCHILA NY BNT 61151 V26,1,135,539,135,539,539,539,TOVA EQUIPAMENTOS E ACESSORIOS LTDA,,UNCLE K,VERAO 2026,MOCHILAS,MOCHILA NYLON,IMPORTADO,NYLON BNT,MOCHILAS/MALAS,MOCHILA,61151V26,3/15/2026,1
238 - UK - RECIFE 2 - 238,2 01 04 008796,BOLSA NY SOFT 61240 V26,3,435,1497,145,499,499,499,TOVA EQUIPAMENTOS E ACESSORIOS LTDA,,UNCLE K,VERAO 2026,BOLSAS,BOLSA NYLON,IMPORTADO,NYLON SOFT,BOLSAS NYLON IMPORTADO,BOLSA MULTIUSO,61240V26,12/16/2025,1
238 - UK - RECIFE 2 - 238,2 04 01 008902,GUARDA CHUVA NYLON BORDA P  I26,2,"133,8",358,"66,9",179,179,179,A.G. COMERCIO DE PRESENTES LTDA,LONDON GUARDA CHUVAS,UNCLE K,INVERNO 2026,ACESSORIOS,ACESSORIOS,NACIONAL,NYLON,ACESSORIOS,GUARDA-CHUVA,BORDAI26,3/3/2026,1
242 - UK - RECIFE 4 - 242,2 03 11 008811,MOCHILA NY BNT BUK V26,1,140,549,140,549,549,549,LOPE DIGITAL COMMERCE,LOPE DIGITAL COMMERCE,UNCLE K,VERAO 2026,MOCHILAS,MOCHILA NYLON,IMPORTADO,NYLON BNT,MOCHILAS BASICAS,MOCHILA,BUKBNTV26,3/3/2026,1
226 - UK - RECIFE - 226,2 02 17 007811,MOCASSIM COURO LOCAL I23,1,"146,9",249,"146,9",499,249,499,ART - MILLE ARTEFATOS DE COURO,ART-MILLE,UNCLE K,INVERNO 2023,CALCADOS,SAPATO,NACIONAL,COURO,MASCULINO,MOCASSIM,LOCAL COURO I23,7/24/2024,1
226 - UK - RECIFE - 226,2 02 15 007422,RAST COMF COURO CRISS CROSS V23,1,"100,3",199,"100,3",339,199,339,ART - MILLE ARTEFATOS DE COURO,ART-MILLE,UNCLE K,VERAO 2023,CALCADOS,SANDALIA,NACIONAL,COURO,CALCADOS,SANDALIA  RASTEIRA,CRISSCROSSV23,9/22/2022,1
226 - UK - RECIFE - 226,2 02 17 007310,SAPATO COURO NOMAD,1,"159,9",199,"159,9",520,199,520,ART - MILLE ARTEFATOS DE COURO,ART-MILLE,UNCLE K,INVERNO 2022,CALCADOS,SAPATO,NACIONAL,COURO,MASCULINO,SAPATO,NOMADBAIXOI22,12/18/2024,1
242 - UK - RECIFE 4 - 242,2 04 02 008661,COLAR METAL CV26H,2,70,218,35,109,109,109,VIRAGINI BIJOUTERIA LTDA,VIRAGINI,UNCLE K,VERAO 2026,ACESSORIOS,BIJUTERIA,NACIONAL,METAL,BIJUTERIA,COLAR,CV26HV26,3/3/2026,1
226 - UK - RECIFE - 226,2 02 15 008175,SANDALIA COURO LYON I24,1,"112,22",369,"112,22",369,369,369,VACC ARTEFATOS DE COURO LTDA,VACCARO,UNCLE K,INVERNO 2024,CALCADOS,SANDALIA,NACIONAL,COURO,CALCADOS,SANDALIA SALTO,LYONI24,2/15/2025,1
238 - UK - RECIFE 2 - 238,2 04 07 008977,CARTEIRA COURO 70426 I26,11,990,2959,90,269,269,269,BMCG INDUSTRIA E COMERCIO DE COURO LTDA EPP,BMCG,UNCLE K,INVERNO 2026,ACESSORIOS,CARTEIRA COURO,NACIONAL,COURO,CARTEIRAS,CARTEIRA COURO,70426I26,3/4/2026,1
240 - UK - RECIFE 3 - 240,2 04 07 008977,CARTEIRA COURO 70426 I26,4,360,1076,90,269,269,269,BMCG INDUSTRIA E COMERCIO DE COURO LTDA EPP,BMCG,UNCLE K,INVERNO 2026,ACESSORIOS,CARTEIRA COURO,NACIONAL,COURO,CARTEIRAS,CARTEIRA COURO,70426I26,3/12/2026,1
226 - UK - RECIFE - 226,2 04 07 008977,CARTEIRA COURO 70426 I26,4,360,1076,90,269,269,269,BMCG INDUSTRIA E COMERCIO DE COURO LTDA EPP,BMCG,UNCLE K,INVERNO 2026,ACESSORIOS,CARTEIRA COURO,NACIONAL,COURO,CARTEIRAS,CARTEIRA COURO,70426I26,3/15/2026,1
238 - UK - RECIFE 2 - 238,2 03 10 008975,MOCHILA COURO 61100 I26,5,1365,4095,273,819,819,819,BMCG INDUSTRIA E COMERCIO DE COURO LTDA EPP,BMCG,UNCLE K,INVERNO 2026,MOCHILAS,MOCHILA COURO,NACIONAL,COURO,MOCHILAS/MALAS,MOCHILA,61100I26,3/11/2026,1
226 - UK - RECIFE - 226,2 01 05 008994,BOLSA NY SATIN 61457 V26,12,"952,2",2628,"79,35",219,219,219,BMCG INDUSTRIA E COMERCIO DE COURO LTDA EPP,BMCG,UNCLE K,UPCYCLING,BOLSAS,BOLSA OUTROS,NACIONAL,SATIN,BOLSAS ESPECIAIS,BOLSA OMBRO,61457V26,3/17/2026,1
242 - UK - RECIFE 4 - 242,2 01 05 008993,BOLSA NY SATIN 61456 V26,9,"762,3",2241,"84,7",249,249,249,BMCG INDUSTRIA E COMERCIO DE COURO LTDA EPP,BMCG,UNCLE K,UPCYCLING,BOLSAS,BOLSA OUTROS,NACIONAL,SATIN,BOLSAS ESPECIAIS,BOLSA OMBRO,61456V26,3/17/2026,1
226 - UK - RECIFE - 226,2 01 04 008992,BOLSA NYLON 61455 V26,1,75,219,75,219,219,219,BMCG INDUSTRIA E COMERCIO DE COURO LTDA EPP,BMCG,UNCLE K,UPCYCLING,BOLSAS,BOLSA NYLON,NACIONAL,NYLON,BOLSAS NYLON BASICO,BOLSA TRANSPASSE,61455V26,2/22/2026,1
240 - UK - RECIFE 3 - 240,2 01 04 008992,BOLSA NYLON 61455 V26,1,75,219,75,219,219,219,BMCG INDUSTRIA E COMERCIO DE COURO LTDA EPP,BMCG,UNCLE K,UPCYCLING,BOLSAS,BOLSA NYLON,NACIONAL,NYLON,BOLSAS NYLON BASICO,BOLSA TRANSPASSE,61455V26,3/12/2026,1
238 - UK - RECIFE 2 - 238,2 01 04 008992,BOLSA NYLON 61455 V26,1,75,219,75,219,219,219,BMCG INDUSTRIA E COMERCIO DE COURO LTDA EPP,BMCG,UNCLE K,UPCYCLING,BOLSAS,BOLSA NYLON,NACIONAL,NYLON,BOLSAS NYLON BASICO,BOLSA TRANSPASSE,61455V26,3/11/2026,1
240 - UK - RECIFE 3 - 240,2 01 04 008992,BOLSA NYLON 61455 V26,2,150,438,75,219,219,219,BMCG INDUSTRIA E COMERCIO DE COURO LTDA EPP,BMCG,UNCLE K,UPCYCLING,BOLSAS,BOLSA NYLON,NACIONAL,NYLON,BOLSAS NYLON BASICO,BOLSA TRANSPASSE,61455V26,3/7/2026,1
242 - UK - RECIFE 4 - 242,2 01 04 008992,BOLSA NYLON 61455 V26,2,150,438,75,219,219,219,BMCG INDUSTRIA E COMERCIO DE COURO LTDA EPP,BMCG,UNCLE K,UPCYCLING,BOLSAS,BOLSA NYLON,NACIONAL,NYLON,BOLSAS NYLON BASICO,BOLSA TRANSPASSE,61455V26,3/13/2026,1
242 - UK - RECIFE 4 - 242,2 01 04 008991,BOLSA NYLON 61454 V26,1,65,199,65,199,199,199,BMCG INDUSTRIA E COMERCIO DE COURO LTDA EPP,BMCG,UNCLE K,UPCYCLING,BOLSAS,BOLSA NYLON,NACIONAL,NYLON,BOLSAS NYLON BASICO,BOLSA TRANSPASSE,61454V26,3/6/2026,1
242 - UK - RECIFE 4 - 242,2 01 04 008991,BOLSA NYLON 61454 V26,4,260,796,65,199,199,199,BMCG INDUSTRIA E COMERCIO DE COURO LTDA EPP,BMCG,UNCLE K,UPCYCLING,BOLSAS,BOLSA NYLON,NACIONAL,NYLON,BOLSAS NYLON BASICO,BOLSA TRANSPASSE,61454V26,3/17/2026,1
226 - UK - RECIFE - 226,2 01 04 008991,BOLSA NYLON 61454 V26,3,195,597,65,199,199,199,BMCG INDUSTRIA E COMERCIO DE COURO LTDA EPP,BMCG,UNCLE K,UPCYCLING,BOLSAS,BOLSA NYLON,NACIONAL,NYLON,BOLSAS NYLON BASICO,BOLSA TRANSPASSE,61454V26,3/6/2026,1
226 - UK - RECIFE - 226,2 01 04 008990,BOLSA NYLON 61453 V26,3,210,597,70,199,199,199,BMCG INDUSTRIA E COMERCIO DE COURO LTDA EPP,BMCG,UNCLE K,UPCYCLING,BOLSAS,BOLSA NYLON,NACIONAL,NYLON,BOLSAS NYLON BASICO,BOLSA MULTIUSO,61453V26,3/17/2026,1
226 - UK - RECIFE - 226,2 01 04 008990,BOLSA NYLON 61453 V26,2,140,398,70,199,199,199,BMCG INDUSTRIA E COMERCIO DE COURO LTDA EPP,BMCG,UNCLE K,UPCYCLING,BOLSAS,BOLSA NYLON,NACIONAL,NYLON,BOLSAS NYLON BASICO,BOLSA MULTIUSO,61453V26,3/10/2026,1
240 - UK - RECIFE 3 - 240,2 01 04 008989,BOLSA NYLON 61452 V26,1,90,249,90,249,249,249,BMCG INDUSTRIA E COMERCIO DE COURO LTDA EPP,BMCG,UNCLE K,UPCYCLING,BOLSAS,BOLSA NYLON,NACIONAL,NYLON,BOLSAS NYLON BASICO,BOLSA MULTIUSO,61452V26,3/13/2026,1
226 - UK - RECIFE - 226,2 01 04 008989,BOLSA NYLON 61452 V26,2,180,498,90,249,249,249,BMCG INDUSTRIA E COMERCIO DE COURO LTDA EPP,BMCG,UNCLE K,UPCYCLING,BOLSAS,BOLSA NYLON,NACIONAL,NYLON,BOLSAS NYLON BASICO,BOLSA MULTIUSO,61452V26,2/19/2026,1
226 - UK - RECIFE - 226,2 01 04 008989,BOLSA NYLON 61452 V26,7,630,1743,90,249,249,249,BMCG INDUSTRIA E COMERCIO DE COURO LTDA EPP,BMCG,UNCLE K,UPCYCLING,BOLSAS,BOLSA NYLON,NACIONAL,NYLON,BOLSAS NYLON BASICO,BOLSA MULTIUSO,61452V26,3/17/2026,1
238 - UK - RECIFE 2 - 238,2 01 04 008989,BOLSA NYLON 61452 V26,2,180,498,90,249,249,249,BMCG INDUSTRIA E COMERCIO DE COURO LTDA EPP,BMCG,UNCLE K,UPCYCLING,BOLSAS,BOLSA NYLON,NACIONAL,NYLON,BOLSAS NYLON BASICO,BOLSA MULTIUSO,61452V26,2/18/2026,1
226 - UK - RECIFE - 226,2 01 03 008988,BOLSA COURO 61459 V26,2,"175,24",538,"87,62",269,269,269,BMCG INDUSTRIA E COMERCIO DE COURO LTDA EPP,BMCG,UNCLE K,UPCYCLING,BOLSAS,BOLSA COURO,NACIONAL,COURO,BOLSAS COURO,BOLSA TRANSPASSE,61459V26,3/10/2026,1
238 - UK - RECIFE 2 - 238,2 01 03 008987,BOLSA COURO 61458 V26,3,"262,95",807,"87,65",269,269,269,BMCG INDUSTRIA E COMERCIO DE COURO LTDA EPP,BMCG,UNCLE K,UPCYCLING,BOLSAS,BOLSA COURO,NACIONAL,COURO,BOLSAS COURO,BOLSA OMBRO,61458V26,2/18/2026,1
242 - UK - RECIFE 4 - 242,2 01 03 008987,BOLSA COURO 61458 V26,4,"350,6",1076,"87,65",269,269,269,BMCG INDUSTRIA E COMERCIO DE COURO LTDA EPP,BMCG,UNCLE K,UPCYCLING,BOLSAS,BOLSA COURO,NACIONAL,COURO,BOLSAS COURO,BOLSA OMBRO,61458V26,2/20/2026,1
226 - UK - RECIFE - 226,2 01 03 008987,BOLSA COURO 61458 V26,5,"438,25",1345,"87,65",269,269,269,BMCG INDUSTRIA E COMERCIO DE COURO LTDA EPP,BMCG,UNCLE K,UPCYCLING,BOLSAS,BOLSA COURO,NACIONAL,COURO,BOLSAS COURO,BOLSA OMBRO,61458V26,3/11/2026,1
240 - UK - RECIFE 3 - 240,2 04 13 008275,NECESSAIRE NYLON 70266 V25,4,"114,92",276,"28,73",89,69,89,BMCG INDUSTRIA E COMERCIO DE COURO LTDA EPP,BMCG,UNCLE K,VERAO 2025,ACESSORIOS,NECESSAIRES,NACIONAL,NYLON,NECESSAIRES,NECESSAIRE,70266V25,8/21/2024,1
240 - UK - RECIFE 3 - 240,2 01 04 008931,BOLSA NYLON 61282 I26,4,620,1876,155,469,469,469,BMCG INDUSTRIA E COMERCIO DE COURO LTDA EPP,BMCG,UNCLE K,INVERNO 2026,BOLSAS,BOLSA NYLON,NACIONAL,NYLON,BOLSAS NYLON BASICO,BOLSA MULTIUSO,61282I26,3/19/2026,1
240 - UK - RECIFE 3 - 240,2 04 01 008659,POCHETE COURO 70605 V26,1,"139,59",399,"139,59",399,399,399,BMCG INDUSTRIA E COMERCIO DE COURO LTDA EPP,BMCG,UNCLE K,VERAO 2026,ACESSORIOS,ACESSORIOS,NACIONAL,COURO,ACESSORIOS,POCHETE,70605V26,12/17/2025,1
226 - UK - RECIFE - 226,2 04 01 008906,POCHETE NY SATIN 70359 I26,10,740,2190,74,219,219,219,BMCG INDUSTRIA E COMERCIO DE COURO LTDA EPP,BMCG,UNCLE K,INVERNO 2026,ACESSORIOS,ACESSORIOS,NACIONAL,SATIN,ACESSORIOS,POCHETE,70359I26,3/16/2026,1
242 - UK - RECIFE 4 - 242,2 04 01 008906,POCHETE NY SATIN 70359 I26,1,74,219,74,219,219,219,BMCG INDUSTRIA E COMERCIO DE COURO LTDA EPP,BMCG,UNCLE K,INVERNO 2026,ACESSORIOS,ACESSORIOS,NACIONAL,SATIN,ACESSORIOS,POCHETE,70359I26,3/18/2026,1
226 - UK - RECIFE - 226,2 04 01 008904,BOLSINHA DE MAO NY SATIN 70416 I26,6,258,834,43,139,139,139,BMCG INDUSTRIA E COMERCIO DE COURO LTDA EPP,BMCG,UNCLE K,INVERNO 2026,ACESSORIOS,ACESSORIOS,NACIONAL,SATIN,ACESSORIOS,BOLSA DE MAO,70416I26,3/16/2026,1
226 - UK - RECIFE - 226,2 04 13 008679,NECESSAIRE COURO 70419 V26,3,"121,8",357,"40,6",119,119,119,BMCG INDUSTRIA E COMERCIO DE COURO LTDA EPP,BMCG,UNCLE K,VERAO 2026,ACESSORIOS,NECESSAIRES,NACIONAL,COURO,NECESSAIRES,NECESSAIRE,70419V26,1/31/2026,1
242 - UK - RECIFE 4 - 242,2 03 10 008675,MOCHILA COURO 61100 V26,1,"271,36",819,"271,36",819,819,819,BMCG INDUSTRIA E COMERCIO DE COURO LTDA EPP,BMCG,UNCLE K,VERAO 2026,MOCHILAS,MOCHILA COURO,NACIONAL,COURO,MOCHILAS/MALAS,MOCHILA,61100V26,12/17/2025,1
242 - UK - RECIFE 4 - 242,2 01 03 008721,BOLSA COURO 61398 V26,2,334,1118,167,559,559,559,BMCG INDUSTRIA E COMERCIO DE COURO LTDA EPP,BMCG,UNCLE K,VERAO 2026,BOLSAS,BOLSA COURO,NACIONAL,COURO,BOLSAS COURO,BOLSA MULTIUSO,61398V26,12/10/2025,1
238 - UK - RECIFE 2 - 238,2 01 03 008721,BOLSA COURO 61398 V26,1,167,559,167,559,559,559,BMCG INDUSTRIA E COMERCIO DE COURO LTDA EPP,BMCG,UNCLE K,VERAO 2026,BOLSAS,BOLSA COURO,NACIONAL,COURO,BOLSAS COURO,BOLSA MULTIUSO,61398V26,12/5/2025,1
238 - UK - RECIFE 2 - 238,2 01 03 008719,BOLSA COURO 61382 V26,2,"397,34",1318,"198,67",659,659,659,BMCG INDUSTRIA E COMERCIO DE COURO LTDA EPP,BMCG,UNCLE K,VERAO 2026,BOLSAS,BOLSA COURO,NACIONAL,COURO,BOLSAS COURO,BOLSA MULTIUSO,61382V26,12/5/2025,1
240 - UK - RECIFE 3 - 240,2 01 03 008670,BOLSA COURO 61400 V26,2,"330,88",998,"165,44",499,499,499,BMCG INDUSTRIA E COMERCIO DE COURO LTDA EPP,BMCG,UNCLE K,VERAO 2026,BOLSAS,BOLSA COURO,NACIONAL,COURO,BOLSAS COURO,BOLSA TRANSPASSE,61400V26,12/17/2025,1
238 - UK - RECIFE 2 - 238,2 01 03 008669,BOLSA COURO 61380 V26,1,"176,81",599,"176,81",599,599,599,BMCG INDUSTRIA E COMERCIO DE COURO LTDA EPP,BMCG,UNCLE K,VERAO 2026,BOLSAS,BOLSA COURO,NACIONAL,COURO,BOLSAS COURO,BOLSA TRANSPASSE,61380V26,12/22/2025,1
240 - UK - RECIFE 3 - 240,2 03 10 008381,MOCHILA COURO 61064 V25,1,"248,05",799,"248,05",799,799,799,BMCG INDUSTRIA E COMERCIO DE COURO LTDA EPP,BMCG,UNCLE K,VERAO 2025,MOCHILAS,MOCHILA COURO,NACIONAL,COURO,MOCHILAS BASICAS,MOCHILA,61064V25,10/18/2024,1
226 - UK - RECIFE - 226,2 01 04 008252,BOLSA NYLON 61246 V25,1,"159,09","234,5","159,09",469,"234,5",469,BMCG INDUSTRIA E COMERCIO DE COURO LTDA EPP,BMCG,UNCLE K,VERAO 2025,BOLSAS,BOLSA NYLON,NACIONAL,NYLON/SINTETICO,BOLSAS NYLON BASICO,BOLSA MULTIUSO,61246V25,8/23/2024,1
238 - UK - RECIFE 2 - 238,2 03 10 008565,MOCHILA COURO 61064 I25,2,"521,34",1598,"260,67",799,799,799,BMCG INDUSTRIA E COMERCIO DE COURO LTDA EPP,BMCG,UNCLE K,INVERNO 2025,MOCHILAS,MOCHILA COURO,NACIONAL,COURO,MOCHILAS BASICAS,MOCHILA,61064I25,4/11/2025,1
238 - UK - RECIFE 2 - 238,2 04 13 008446,NECESSAIRE SINTETICO 70266 V25,4,"123,2",276,"30,8",99,69,99,BMCG INDUSTRIA E COMERCIO DE COURO LTDA EPP,BMCG,UNCLE K,VERAO 2025,ACESSORIOS,NECESSAIRES,NACIONAL,SINTETICO,NECESSAIRES,NECESSAIRE,70266ST,12/18/2024,1
240 - UK - RECIFE 3 - 240,2 02 18 008762,TENIS COURO RELAX V26,7,938,2933,134,419,419,419,BNM INDUSTRIA DE CALCADOS LTDA - ME,BNM,UNCLE K,VERAO 2026,CALCADOS,TENIS,NACIONAL,COURO,CALCADOS,TENIS,RELAXV26,10/24/2025,1
240 - UK - RECIFE 3 - 240,2 02 18 008762,TENIS COURO RELAX V26,2,268,838,134,419,419,419,BNM INDUSTRIA DE CALCADOS LTDA - ME,BNM,UNCLE K,VERAO 2026,CALCADOS,TENIS,NACIONAL,COURO,CALCADOS,TENIS,RELAXV26,3/14/2026,1
226 - UK - RECIFE - 226,2 02 16 008623,SAPATILHA COURO LEX I25,1,125,399,125,399,399,399,BNM INDUSTRIA DE CALCADOS LTDA - ME,BNM,UNCLE K,INVERNO 2025,CALCADOS,SAPATILHA,NACIONAL,COURO,CALCADOS,SAPATILHA,LEXI25,2/28/2026,1
226 - UK - RECIFE - 226,2 02 15 008761,SANDALIA COURO BINGO V26,3,345,1137,115,379,379,379,BNM INDUSTRIA DE CALCADOS LTDA - ME,BNM,UNCLE K,VERAO 2026,CALCADOS,SANDALIA,NACIONAL,COURO,CALCADOS,SANDALIA SALTO,BINGOV26,1/24/2026,1
240 - UK - RECIFE 3 - 240,2 02 15 008761,SANDALIA COURO BINGO V26,2,230,758,115,379,379,379,BNM INDUSTRIA DE CALCADOS LTDA - ME,BNM,UNCLE K,VERAO 2026,CALCADOS,SANDALIA,NACIONAL,COURO,CALCADOS,SANDALIA SALTO,BINGOV26,3/14/2026,1
238 - UK - RECIFE 2 - 238,2 02 15 008761,SANDALIA COURO BINGO V26,1,115,379,115,379,379,379,BNM INDUSTRIA DE CALCADOS LTDA - ME,BNM,UNCLE K,VERAO 2026,CALCADOS,SANDALIA,NACIONAL,COURO,CALCADOS,SANDALIA SALTO,BINGOV26,12/5/2025,1
240 - UK - RECIFE 3 - 240,2 02 15 008761,SANDALIA COURO BINGO V26,1,115,379,115,379,379,379,BNM INDUSTRIA DE CALCADOS LTDA - ME,BNM,UNCLE K,VERAO 2026,CALCADOS,SANDALIA,NACIONAL,COURO,CALCADOS,SANDALIA SALTO,BINGOV26,11/6/2025,1
238 - UK - RECIFE 2 - 238,2 02 15 008877,SANDALIA COURO RIFT I26,18,2088,6822,116,379,379,379,BNM INDUSTRIA DE CALCADOS LTDA - ME,BNM,UNCLE K,INVERNO 2026,CALCADOS,SANDALIA,NACIONAL,COURO,CALCADOS,SANDALIA SALTO,RIFTI26,2/23/2026,1
242 - UK - RECIFE 4 - 242,2 02 15 008877,SANDALIA COURO RIFT I26,1,116,379,116,379,379,379,BNM INDUSTRIA DE CALCADOS LTDA - ME,BNM,UNCLE K,INVERNO 2026,CALCADOS,SANDALIA,NACIONAL,COURO,CALCADOS,SANDALIA SALTO,RIFTI26,3/10/2026,1
238 - UK - RECIFE 2 - 238,2 02 15 008877,SANDALIA COURO RIFT I26,2,232,758,116,379,379,379,BNM INDUSTRIA DE CALCADOS LTDA - ME,BNM,UNCLE K,INVERNO 2026,CALCADOS,SANDALIA,NACIONAL,COURO,CALCADOS,SANDALIA SALTO,RIFTI26,3/12/2026,1
226 - UK - RECIFE - 226,2 02 15 008877,SANDALIA COURO RIFT I26,2,232,758,116,379,379,379,BNM INDUSTRIA DE CALCADOS LTDA - ME,BNM,UNCLE K,INVERNO 2026,CALCADOS,SANDALIA,NACIONAL,COURO,CALCADOS,SANDALIA SALTO,RIFTI26,3/2/2026,1
226 - UK - RECIFE - 226,2 02 15 008743,SANDALIA COURO NIMES V26,1,115,379,115,379,379,379,BNM INDUSTRIA DE CALCADOS LTDA - ME,BNM,UNCLE K,VERAO 2026,CALCADOS,SANDALIA,NACIONAL,COURO,CALCADOS,SANDALIA SALTO,NIMESV26,1/2/2026,1
240 - UK - RECIFE 3 - 240,2 02 15 008742,SANDALIA COURO BILLY V26,1,110,279,110,359,279,359,BNM INDUSTRIA DE CALCADOS LTDA - ME,BNM,UNCLE K,VERAO 2026,CALCADOS,SANDALIA,NACIONAL,COURO,CALCADOS,SANDALIA SALTO,BILLYV26,3/4/2026,1
240 - UK - RECIFE 3 - 240,2 02 15 008742,SANDALIA COURO BILLY V26,2,220,558,110,359,279,359,BNM INDUSTRIA DE CALCADOS LTDA - ME,BNM,UNCLE K,VERAO 2026,CALCADOS,SANDALIA,NACIONAL,COURO,CALCADOS,SANDALIA SALTO,BILLYV26,8/27/2025,1
238 - UK - RECIFE 2 - 238,2 02 06 008876,BOTA COURO CLOUD I26,3,414,1437,138,479,479,479,BNM INDUSTRIA DE CALCADOS LTDA - ME,BNM,UNCLE K,INVERNO 2026,CALCADOS,BOTA,NACIONAL,COURO,CALCADOS,BOTA,CLOUDI26,2/23/2026,1
242 - UK - RECIFE 4 - 242,2 02 18 007299,TENIS COURO RELAX I22,2,"199,8",398,"99,9",389,199,319,BNM INDUSTRIA DE CALCADOS LTDA - ME,BNM,UNCLE K,INVERNO 2022,CALCADOS,TENIS,NACIONAL,COURO,CALCADOS,TENIS,RELAXI22,6/27/2023,1
226 - UK - RECIFE - 226,2 02 17 008612,SAPATO COURO YORK I25,1,132,429,132,429,429,429,GRULLER & CASTRO LTDA - ME,GRULLER,UNCLE K,INVERNO 2025,CALCADOS,SAPATO SALTO,NACIONAL,COURO,CALCADOS,SAPATO SALTO,YORKI25,5/13/2025,1
242 - UK - RECIFE 4 - 242,2 02 17 007716,MOCASSIM COURO NEON I23,1,99,199,99,359,199,359,GRULLER & CASTRO LTDA - ME,GRULLER,UNCLE K,INVERNO 2023,CALCADOS,SAPATO,NACIONAL,COURO,CALCADOS,MOCASSIM,NEONI23,3/24/2023,1
226 - UK - RECIFE - 226,02 000006,MATERIAL CONSUMO SACO EM TNT PRETO,100,,360,,"3,6","3,6",,DEM BAS EMBALAGENS LTDA - EPP,DEMBAS,,,,,,,,,,3/10/2026,1
226 - UK - RECIFE - 226,2 02 15 007585,PLATAFORMA NOBUCK VEGGIE MARIANA V23,1,102,379,102,329,379,329,CAMILA FERRAZ IND. E COM. DE CALCADOS LTDA - EPP,CAMILA FERRAZ - CALCADOS BERVAL,UNCLE K,VERAO 2023,CALCADOS,SANDALIA,NACIONAL,SINTETICO,CALCADOS,SANDALIA PLATAFORMA ,MARIANAV23,10/18/2023,1
240 - UK - RECIFE 3 - 240,02 000004,MATERIAL CONSUMO SACO EM TNT,344,,,,,0,,MAD AND MAIDEN CONFECCOES LTDA - ME,MAD AND MAIDEN,,,,,,,,,,3/19/2026,1
242 - UK - RECIFE 4 - 242,2 02 15 008010,SANDALIA NAPA VEGGIE DECK V24,1,125,159,125,379,159,379,BELLE MODAS IND. E  COM. CALCADOS LTDA,ANA AGUIAR,UNCLE K,VERAO 2024,CALCADOS,SANDALIA,NACIONAL,NAPA VEGGIE,CALCADOS,PAPETE,DECKV24,10/25/2024,1
238 - UK - RECIFE 2 - 238,2 01 05 008705,BOLSA NY SATIN 61392 V26,1,133,399,133,399,399,399,"CAJU BOLSAS, SAPATOS E ACESSORIOS LTDA.",OPERA - TARSILA,UNCLE K,VERAO 2026,BOLSAS,BOLSA OUTROS,NACIONAL,SATIN,BOLSAS ESPECIAIS,BOLSA MULTIUSO,61392V26,2/4/2026,1
226 - UK - RECIFE - 226,2 01 03 008696,BOLSA COURO 61401 V26,2,244,858,122,429,429,429,"CAJU BOLSAS, SAPATOS E ACESSORIOS LTDA.",OPERA - TARSILA,UNCLE K,VERAO 2026,BOLSAS,BOLSA COURO,NACIONAL,COURO,BOLSAS COURO,BOLSA TRANSPASSE,61401V26,3/4/2026,1
242 - UK - RECIFE 4 - 242,2 01 05 008965,BOLSA PU NOBUCK 61264 I26,1,53,189,53,189,189,189,"CAJU BOLSAS, SAPATOS E ACESSORIOS LTDA.",OPERA - TARSILA,UNCLE K,INVERNO 2026,BOLSAS,BOLSA OUTROS,NACIONAL,PU NOBUCK,BOLSAS PU,BOLSA TRANSPASSE,61264I26,2/24/2026,1
226 - UK - RECIFE - 226,2 01 05 008965,BOLSA PU NOBUCK 61264 I26,2,106,378,53,189,189,189,"CAJU BOLSAS, SAPATOS E ACESSORIOS LTDA.",OPERA - TARSILA,UNCLE K,INVERNO 2026,BOLSAS,BOLSA OUTROS,NACIONAL,PU NOBUCK,BOLSAS PU,BOLSA TRANSPASSE,61264I26,2/25/2026,1
226 - UK - RECIFE - 226,2 01 05 008965,BOLSA PU NOBUCK 61264 I26,1,53,189,53,189,189,189,"CAJU BOLSAS, SAPATOS E ACESSORIOS LTDA.",OPERA - TARSILA,UNCLE K,INVERNO 2026,BOLSAS,BOLSA OUTROS,NACIONAL,PU NOBUCK,BOLSAS PU,BOLSA TRANSPASSE,61264I26,3/17/2026,1
240 - UK - RECIFE 3 - 240,2 01 05 008963,BOLSA PU NOBUCK 61263 I26,1,"93,75",299,"93,75",299,299,299,"CAJU BOLSAS, SAPATOS E ACESSORIOS LTDA.",OPERA - TARSILA,UNCLE K,INVERNO 2026,BOLSAS,BOLSA OUTROS,NACIONAL,PU NOBUCK,BOLSAS PU,BOLSA OMBRO,61263I26,2/24/2026,1
242 - UK - RECIFE 4 - 242,2 01 03 008935,BOLSA COURO 61300 I26,1,199,599,199,599,599,599,"CAJU BOLSAS, SAPATOS E ACESSORIOS LTDA.",OPERA - TARSILA,UNCLE K,INVERNO 2026,BOLSAS,BOLSA COURO,NACIONAL,COURO,BOLSAS COURO,BOLSA TRANSPASSE,61300I26,3/17/2026,1
226 - UK - RECIFE - 226,2 01 03 008650,BOLSA COURO 61386 V26,1,148,499,148,499,499,499,"CAJU BOLSAS, SAPATOS E ACESSORIOS LTDA.",OPERA - TARSILA,UNCLE K,VERAO 2026,BOLSAS,BOLSA COURO,NACIONAL,COURO,BOLSAS COURO,BOLSA OMBRO,61386V26,1/24/2026,1
240 - UK - RECIFE 3 - 240,2 01 03 008650,BOLSA COURO 61386 V26,1,148,499,148,499,499,499,"CAJU BOLSAS, SAPATOS E ACESSORIOS LTDA.",OPERA - TARSILA,UNCLE K,VERAO 2026,BOLSAS,BOLSA COURO,NACIONAL,COURO,BOLSAS COURO,BOLSA OMBRO,61386V26,1/17/2026,1
240 - UK - RECIFE 3 - 240,2 01 03 008650,BOLSA COURO 61386 V26,1,148,499,148,499,499,499,"CAJU BOLSAS, SAPATOS E ACESSORIOS LTDA.",OPERA - TARSILA,UNCLE K,VERAO 2026,BOLSAS,BOLSA COURO,NACIONAL,COURO,BOLSAS COURO,BOLSA OMBRO,61386V26,2/9/2026,1
242 - UK - RECIFE 4 - 242,2 01 05 008697,BOLSA NY SATIN 61370 V26,3,"304,5",897,"101,5",299,299,299,"CAJU BOLSAS, SAPATOS E ACESSORIOS LTDA.",OPERA - TARSILA,UNCLE K,VERAO 2026,BOLSAS,BOLSA OUTROS,NACIONAL,SATIN,BOLSAS ESPECIAIS,BOLSA TRANSPASSE,61370V26,12/10/2025,1
238 - UK - RECIFE 2 - 238,2 01 05 008697,BOLSA NY SATIN 61370 V26,5,"507,5",1495,"101,5",299,299,299,"CAJU BOLSAS, SAPATOS E ACESSORIOS LTDA.",OPERA - TARSILA,UNCLE K,VERAO 2026,BOLSAS,BOLSA OUTROS,NACIONAL,SATIN,BOLSAS ESPECIAIS,BOLSA TRANSPASSE,61370V26,12/16/2025,1
242 - UK - RECIFE 4 - 242,2 01 05 008703,BOLSA PU 61377 V26,1,112,369,112,369,369,369,"CAJU BOLSAS, SAPATOS E ACESSORIOS LTDA.",OPERA - TARSILA,UNCLE K,VERAO 2026,BOLSAS,BOLSA OUTROS,NACIONAL,PU,BOLSAS PU,BOLSA OMBRO,61377V26,12/20/2025,1
226 - UK - RECIFE - 226,2 01 03 008649,BOLSA COURO 61385 V26,1,139,499,139,499,499,499,"CAJU BOLSAS, SAPATOS E ACESSORIOS LTDA.",OPERA - TARSILA,UNCLE K,VERAO 2026,BOLSAS,BOLSA COURO,NACIONAL,COURO,BOLSAS COURO,BOLSA MULTIUSO,61385V26,2/28/2026,1
242 - UK - RECIFE 4 - 242,2 01 05 008536,BOLSA PU SOFT 61289 I25,1,99,219,99,309,219,309,"CAJU BOLSAS, SAPATOS E ACESSORIOS LTDA.",OPERA - TARSILA,UNCLE K,INVERNO 2025,BOLSAS,BOLSA OUTROS,NACIONAL,PU SOFT,BOLSAS PU,BOLSA OMBRO,61289I25,8/13/2025,1
238 - UK - RECIFE 2 - 238,2 01 05 008674,BOLSA PU 61265 V26,1,"61,5",219,"61,5",219,219,219,"CAJU BOLSAS, SAPATOS E ACESSORIOS LTDA.",OPERA - TARSILA,UNCLE K,VERAO 2026,BOLSAS,BOLSA OUTROS,NACIONAL,PU,BOLSAS PU,BOLSA TRANSPASSE,61265V26,9/20/2025,1
240 - UK - RECIFE 3 - 240,2 01 05 008674,BOLSA PU 61265 V26,1,"61,5",219,"61,5",219,219,219,"CAJU BOLSAS, SAPATOS E ACESSORIOS LTDA.",OPERA - TARSILA,UNCLE K,VERAO 2026,BOLSAS,BOLSA OUTROS,NACIONAL,PU,BOLSAS PU,BOLSA TRANSPASSE,61265V26,12/21/2025,1
226 - UK - RECIFE - 226,2 04 13 008652,NECESSAIRE NY SATIN 70559 V26,1,55,169,55,169,169,169,"CAJU BOLSAS, SAPATOS E ACESSORIOS LTDA.",OPERA - TARSILA,UNCLE K,VERAO 2026,ACESSORIOS,NECESSAIRES,NACIONAL,SATIN,NECESSAIRES,NECESSAIRE,70559V26,3/4/2026,1
242 - UK - RECIFE 4 - 242,2 04 13 008653,NECESSAIRE NY SATIN 70546 V26,2,90,278,45,139,139,139,"CAJU BOLSAS, SAPATOS E ACESSORIOS LTDA.",OPERA - TARSILA,UNCLE K,VERAO 2026,ACESSORIOS,NECESSAIRES,NACIONAL,SATIN,NECESSAIRES,NECESSAIRE,70546V26,2/27/2026,1
226 - UK - RECIFE - 226,2 04 13 008135,NECESSAIRE NY OYAPOQUE 70517 I24,1,55,152,55,179,152,179,"CAJU BOLSAS, SAPATOS E ACESSORIOS LTDA.",OPERA - TARSILA,UNCLE K,INVERNO 2024,ACESSORIOS,NECESSAIRES,NACIONAL,NYLON,NECESSAIRES,NECESSAIRE,70517I24,8/16/2024,1
226 - UK - RECIFE - 226,2 04 13 008186,NECESSAIRE VELA 70530 UK REVELA,3,102,357,34,119,119,119,"CAJU BOLSAS, SAPATOS E ACESSORIOS LTDA.",OPERA - TARSILA,UNCLE K,UK REVELA,ACESSORIOS,NECESSAIRES,NACIONAL,VELA,NECESSAIRES,NECESSAIRE,70530UKREVELA,2/24/2026,1
238 - UK - RECIFE 2 - 238,2 04 01 007858,POCHETE NYLON LISTRA 70495 V24,1,74,139,74,239,139,239,"CAJU BOLSAS, SAPATOS E ACESSORIOS LTDA.",OPERA - TARSILA,UNCLE K,VERAO 2024,ACESSORIOS,ACESSORIOS,NACIONAL,NYLON LISTRADO,ACESSORIOS,POCHETE,70495V24,9/27/2024,1
242 - UK - RECIFE 4 - 242,2 04 13 008731,NECESSAIRE NY ESTAMPADO 70557 V26,1,38,129,38,129,129,129,"CAJU BOLSAS, SAPATOS E ACESSORIOS LTDA.",OPERA - TARSILA,UNCLE K,VERAO 2026,ACESSORIOS,NECESSAIRES,NACIONAL,NYLON ESTAMPADO,NECESSAIRES,NECESSAIRE,70557V26,12/2/2025,1
226 - UK - RECIFE - 226,2 01 05 008722,BOLSA LONA 61202 V26,1,81,259,81,259,259,259,"CAJU BOLSAS, SAPATOS E ACESSORIOS LTDA.",OPERA - TARSILA,UNCLE K,VERAO 2026,BOLSAS,BOLSA OUTROS,NACIONAL,LONA,BOLSAS ESPECIAIS,BOLSA OMBRO,61202V26,1/5/2026,1
240 - UK - RECIFE 3 - 240,2 01 05 008182,BOLSA VELA 61193 UK REVELA,2,"250,8",758,"125,4",379,379,379,"CAJU BOLSAS, SAPATOS E ACESSORIOS LTDA.",OPERA - TARSILA,UNCLE K,UK REVELA,BOLSAS,BOLSA OUTROS,NACIONAL,VELA,BOLSAS ESPECIAIS,BOLSA OMBRO,61193UKREVELA,4/12/2025,1
226 - UK - RECIFE - 226,2 03 11 007134,MOCHILA NYLON MATELASSE 60802 V22,1,107,279,107,349,279,349,"CAJU BOLSAS, SAPATOS E ACESSORIOS LTDA.",OPERA - TARSILA,UNCLE K,VERAO 2022,MOCHILAS,MOCHILA NYLON,NACIONAL,NYLON MATELASSE,MOCHILAS/MALAS,MOCHILA,60802 V22,3/6/2026,1
226 - UK - RECIFE - 226,2 04 02 007968,COLAR METAL/RESINA CV24I V24,1,38,49,38,139,49,139,SRR COUTINHO COMERCIO DE BIJUTERIAS EM GERAL ME,SANDRA BIJOUX,UNCLE K,VERAO 2024,ACESSORIOS,BIJUTERIA,NACIONAL,METAL/RESINA,BIJUTERIA,COLAR,CV24IV24,11/23/2024,1
238 - UK - RECIFE 2 - 238,2 04 02 007484,CORDINHA PARA OCULOS FITA CV23D,2,"33,4",78,"16,7",59,39,59,SRR COUTINHO COMERCIO DE BIJUTERIAS EM GERAL ME,SANDRA BIJOUX,UNCLE K,VERAO 2023,ACESSORIOS,BIJUTERIA,NACIONAL,FITA,BIJUTERIA,CORDINHA PARA OCULOS,CV23D,2/27/2025,1
226 - UK - RECIFE - 226,2 04 02 007486,COLAR RESINA/METAL CV23F,1,25,39,25,89,39,89,SRR COUTINHO COMERCIO DE BIJUTERIAS EM GERAL ME,SANDRA BIJOUX,UNCLE K,VERAO 2023,ACESSORIOS,BIJUTERIA,NACIONAL,RESINA/METAL,BIJUTERIA,COLAR,CV23F,3/6/2026,1
226 - UK - RECIFE - 226,2 02 14 008757,RASTEIRA NOBUCK VEG OASIS V26,1,"59,9",199,"59,9",199,199,199,CALCADOS PERTHO LTDA-ME,NICOLLI ROSSETTI,UNCLE K,VERAO 2026,CALCADOS,SANDALIA  RASTEIRA,NACIONAL,NOBUCK VEGGIE,CALCADOS,RASTEIRA,OASISV26,2/10/2026,1
238 - UK - RECIFE 2 - 238,2 02 14 008757,RASTEIRA NOBUCK VEG OASIS V26,1,"59,9",199,"59,9",199,199,199,CALCADOS PERTHO LTDA-ME,NICOLLI ROSSETTI,UNCLE K,VERAO 2026,CALCADOS,SANDALIA  RASTEIRA,NACIONAL,NOBUCK VEGGIE,CALCADOS,RASTEIRA,OASISV26,11/28/2025,1
242 - UK - RECIFE 4 - 242,2 02 14 008750,RASTEIRA NOBUCK VEG JARDIN V26,1,46,129,46,159,129,159,CALCADOS PERTHO LTDA-ME,NICOLLI ROSSETTI,UNCLE K,VERAO 2026,CALCADOS,SANDALIA  RASTEIRA,NACIONAL,NOBUCK VEGGIE,CALCADOS,RASTEIRA,JARDINV26,1/19/2026,1
226 - UK - RECIFE - 226,2 02 15 008366,RASTEIRA NAPA VEG/ELAST SPIDER V25,2,"119,8",298,"59,9",199,149,199,CALCADOS PERTHO LTDA-ME,NICOLLI ROSSETTI,UNCLE K,VERAO 2025,CALCADOS,SANDALIA,NACIONAL,NAPA VEGGIE/ELASTICO,CALCADOS,RASTEIRA,SPIDERV25,8/13/2025,1
242 - UK - RECIFE 4 - 242,2 02 14 008775,RASTEIRA VEGGIE SPRING V26,3,"125,7",417,"41,9",139,139,139,CALCADOS PERTHO LTDA-ME,NICOLLI ROSSETTI,UNCLE K,VERAO 2026,CALCADOS,SANDALIA  RASTEIRA,NACIONAL,VEGGIE,CALCADOS,RASTEIRA,SPRINGV26,12/10/2025,1
226 - UK - RECIFE - 226,2 02 14 008775,RASTEIRA VEGGIE SPRING V26,1,"41,9",139,"41,9",139,139,139,CALCADOS PERTHO LTDA-ME,NICOLLI ROSSETTI,UNCLE K,VERAO 2026,CALCADOS,SANDALIA  RASTEIRA,NACIONAL,VEGGIE,CALCADOS,RASTEIRA,SPRINGV26,1/20/2026,1
242 - UK - RECIFE 4 - 242,2 02 14 008774,RASTEIRA CAMURCA VEG CINQ V26,1,"39,9",139,"39,9",139,139,139,CALCADOS PERTHO LTDA-ME,NICOLLI ROSSETTI,UNCLE K,VERAO 2026,CALCADOS,SANDALIA  RASTEIRA,NACIONAL,CAMURCA VEGGIE,CALCADOS,RASTEIRA,CINQV26,1/10/2026,1
240 - UK - RECIFE 3 - 240,2 02 14 008770,RASTEIRA NOBUCK VEG VERT V26,2,110,378,55,189,189,189,CALCADOS PERTHO LTDA-ME,NICOLLI ROSSETTI,UNCLE K,VERAO 2026,CALCADOS,SANDALIA  RASTEIRA,NACIONAL,NOBUCK VEGGIE,CALCADOS,RASTEIRA,VERTV26,3/13/2026,1
238 - UK - RECIFE 2 - 238,2 02 14 008770,RASTEIRA NOBUCK VEG VERT V26,2,110,378,55,189,189,189,CALCADOS PERTHO LTDA-ME,NICOLLI ROSSETTI,UNCLE K,VERAO 2026,CALCADOS,SANDALIA  RASTEIRA,NACIONAL,NOBUCK VEGGIE,CALCADOS,RASTEIRA,VERTV26,12/2/2025,1
242 - UK - RECIFE 4 - 242,2 02 15 008881,RASTEIRA NAPA VEG FISHY I26,18,1017,3582,"56,5",199,199,199,CALCADOS PERTHO LTDA-ME,NICOLLI ROSSETTI,UNCLE K,INVERNO 2026,CALCADOS,SANDALIA,NACIONAL,NAPA VEGGIE,CALCADOS,RASTEIRA,FISHYI26,3/19/2026,1
238 - UK - RECIFE 2 - 238,2 02 15 008870,PAPETE ELASTICO LAND I26,16,1216,4144,76,259,259,259,CALCADOS PERTHO LTDA-ME,NICOLLI ROSSETTI,UNCLE K,INVERNO 2026,CALCADOS,SANDALIA,NACIONAL,ELASTICO,CALCADOS,PAPETE,LANDI26,2/18/2026,1
226 - UK - RECIFE - 226,2 02 15 008870,PAPETE ELASTICO LAND I26,1,76,259,76,259,259,259,CALCADOS PERTHO LTDA-ME,NICOLLI ROSSETTI,UNCLE K,INVERNO 2026,CALCADOS,SANDALIA,NACIONAL,ELASTICO,CALCADOS,PAPETE,LANDI26,2/21/2026,1
226 - UK - RECIFE - 226,2 02 15 008870,PAPETE ELASTICO LAND I26,1,76,259,76,259,259,259,CALCADOS PERTHO LTDA-ME,NICOLLI ROSSETTI,UNCLE K,INVERNO 2026,CALCADOS,SANDALIA,NACIONAL,ELASTICO,CALCADOS,PAPETE,LANDI26,3/10/2026,1
226 - UK - RECIFE - 226,2 02 15 008869,RASTEIRA NOBUCK VEG SPIDER I26,1,62,199,62,199,199,199,CALCADOS PERTHO LTDA-ME,NICOLLI ROSSETTI,UNCLE K,INVERNO 2026,CALCADOS,SANDALIA,NACIONAL,NOBUCK VEGGIE,CALCADOS,RASTEIRA,SPIDERI26,3/4/2026,1
242 - UK - RECIFE 4 - 242,2 02 15 008869,RASTEIRA NOBUCK VEG SPIDER I26,1,62,199,62,199,199,199,CALCADOS PERTHO LTDA-ME,NICOLLI ROSSETTI,UNCLE K,INVERNO 2026,CALCADOS,SANDALIA,NACIONAL,NOBUCK VEGGIE,CALCADOS,RASTEIRA,SPIDERI26,3/17/2026,1
238 - UK - RECIFE 2 - 238,2 02 15 008868,RASTEIRA NAPA VEG IKEBANA I26,2,92,318,46,159,159,159,CALCADOS PERTHO LTDA-ME,NICOLLI ROSSETTI,UNCLE K,INVERNO 2026,CALCADOS,SANDALIA,NACIONAL,NAPA VEGGIE,CALCADOS,RASTEIRA,IKEBANAI26,3/18/2026,1
238 - UK - RECIFE 2 - 238,2 02 15 007994,FLAT ELASTICO NEW DANTE V24,1,54,99,54,179,99,179,CALCADOS PERTHO LTDA-ME,NICOLLI ROSSETTI,UNCLE K,VERAO 2024,CALCADOS,SANDALIA,NACIONAL,ELASTICO,CALCADOS,RASTEIRA,NEWDANTEV24,8/30/2024,1
226 - UK - RECIFE - 226,2 04 07 008978,CARTEIRA COURO 70499 I26,4,218,676,"54,5",169,169,169,MARJU INDUSTRIA E COMERCIO DE COURO EIRELI,MARJU,UNCLE K,INVERNO 2026,ACESSORIOS,CARTEIRA COURO,NACIONAL,COURO,CARTEIRAS,CARTEIRA COURO,70499I26,3/9/2026,1
240 - UK - RECIFE 3 - 240,2 04 07 008978,CARTEIRA COURO 70499 I26,6,327,1014,"54,5",169,169,169,MARJU INDUSTRIA E COMERCIO DE COURO EIRELI,MARJU,UNCLE K,INVERNO 2026,ACESSORIOS,CARTEIRA COURO,NACIONAL,COURO,CARTEIRAS,CARTEIRA COURO,70499I26,3/4/2026,1
240 - UK - RECIFE 3 - 240,2 04 01 008777,PORTA DOC COURO 70351 V26,3,"132,6",417,"44,2",139,139,139,MARJU INDUSTRIA E COMERCIO DE COURO EIRELI,MARJU,UNCLE K,VERAO 2026,ACESSORIOS,ACESSORIOS,NACIONAL,COURO,ACESSORIOS,PORTA DOCUMENTO,70351V26,2/6/2026,1
238 - UK - RECIFE 2 - 238,2 04 01 008777,PORTA DOC COURO 70351 V26,1,"44,2",139,"44,2",139,139,139,MARJU INDUSTRIA E COMERCIO DE COURO EIRELI,MARJU,UNCLE K,VERAO 2026,ACESSORIOS,ACESSORIOS,NACIONAL,COURO,ACESSORIOS,PORTA DOCUMENTO,70351V26,1/2/2026,1
226 - UK - RECIFE - 226,2 04 01 008640,PORTA PASSAPORTE COURO 70350 V26,1,53,119,53,159,119,159,MARJU INDUSTRIA E COMERCIO DE COURO EIRELI,MARJU,UNCLE K,VERAO 2026,ACESSORIOS,ACESSORIOS,NACIONAL,COURO,ACESSORIOS,PORTA PASSAPORTE,70350V26,3/6/2026,1
226 - UK - RECIFE - 226,2 04 07 008651,CARTEIRA COURO 70347 V26,1,"75,67",229,"75,67",229,229,229,MARJU INDUSTRIA E COMERCIO DE COURO EIRELI,MARJU,UNCLE K,VERAO 2026,ACESSORIOS,CARTEIRA COURO,NACIONAL,COURO,CARTEIRAS,CARTEIRA COURO,70347V26,3/14/2026,1
238 - UK - RECIFE 2 - 238,2 04 01 007846,ALCA BOLSA M CADARCO 70490 V24,1,"26,46",69,"26,46",89,69,89,MARJU INDUSTRIA E COMERCIO DE COURO EIRELI,MARJU,UNCLE K,VERAO 2024,ACESSORIOS,ACESSORIOS,NACIONAL,CADARCO,ACESSORIOS,ALCA DE BOLSA,70490V24,11/18/2025,1
238 - UK - RECIFE 2 - 238,2 04 07 008202,CARTEIRA COURO 70376 I24,2,"106,22",358,"53,11",179,179,179,MARJU INDUSTRIA E COMERCIO DE COURO EIRELI,MARJU,UNCLE K,INVERNO 2024,ACESSORIOS,CARTEIRA COURO,NACIONAL,COURO,MASCULINO,CARTEIRA MASCULINA,70376I24,10/31/2025,1
238 - UK - RECIFE 2 - 238,2 03 11 007979,MOCHILA NYLON BUK V24,1,132,529,132,529,529,529,MARJU INDUSTRIA E COMERCIO DE COURO EIRELI,MARJU,UNCLE K,VERAO 2024,MOCHILAS,MOCHILA NYLON,NACIONAL,NYLON,MOCHILAS BASICAS,MOCHILA,BUKNYLONV24,3/12/2026,1
240 - UK - RECIFE 3 - 240,2 02 06 007719,GALOCHA BORRACHA MONSOON I23,1,87,199,87,299,199,299,MOULD IND. DE MATRIZES LTDA,CHERRY,UNCLE K,INVERNO 2023,CALCADOS,BOTA,NACIONAL,BORRACHA,CALCADOS,GALOCHA,MONSOONI23,9/5/2025,1
226 - UK - RECIFE - 226,2 04 01 007639,GUARDA CHUVA POLIESTER MINI FUN P,2,"103,8",338,"51,9",169,169,169,GUARDACHUVARIA CONTORNOS,CONTORNOS 2,UNCLE K,INVERNO 2023,ACESSORIOS,ACESSORIOS,NACIONAL,POLIESTER,ACESSORIOS,GUARDA-CHUVA,MINIFUNPI23,2/28/2026,1
238 - UK - RECIFE 2 - 238,2 04 01 007639,GUARDA CHUVA POLIESTER MINI FUN P,1,"51,9",169,"51,9",169,169,169,GUARDACHUVARIA CONTORNOS,CONTORNOS 2,UNCLE K,INVERNO 2023,ACESSORIOS,ACESSORIOS,NACIONAL,POLIESTER,ACESSORIOS,GUARDA-CHUVA,MINIFUNPI23,7/15/2024,1
238 - UK - RECIFE 2 - 238,2 02 18 007828,TENIS LONA ALOHA V24,1,89,149,89,299,149,299,RC INDUSTRIA DE CALCADOS EIRELI,PRIMMA SCARPA,UNCLE K,VERAO 2024,CALCADOS,TENIS,NACIONAL,LONA,CALCADOS,TENIS,ALOHAV24,11/9/2023,1
240 - UK - RECIFE 3 - 240,2 02 17 008270,SAPATO NOBUCK VEG FRANCIS V25,1,92,"174,5",92,349,"174,5",349,INDUSTRIA E COMERCIO DE CALCADOS S SANTOS LTDA,SUZANA SANTOS,UNCLE K,VERAO 2025,CALCADOS,SAPATO,NACIONAL,NOBUCK VEGGIE,CALCADOS,SAPATO BONECA,FRANCISV25,6/7/2025,1
226 - UK - RECIFE - 226,2 02 15 008765,PAPETE TRAMA VEG KITTY V26,1,63,259,63,259,259,259,INDUSTRIA E COMERCIO DE CALCADOS S.SANTOS LTDA,RENATA MELLO,UNCLE K,VERAO 2026,CALCADOS,SANDALIA,NACIONAL,TRAMA VEGGIE,CALCADOS,PAPETE,KITTYV26,1/24/2026,1
240 - UK - RECIFE 3 - 240,2 02 15 008849,RASTEIRA NAPA/CAMURCA VEG EMBAU V26,2,72,298,36,149,149,149,INDUSTRIA E COMERCIO DE CALCADOS S.SANTOS LTDA,RENATA MELLO,UNCLE K,ALTO VERAO 2026,CALCADOS,SANDALIA,NACIONAL,NAPA/CAMURCA VEGGIE,CALCADOS,RASTEIRA,EMBAUV26,3/17/2026,1
240 - UK - RECIFE 3 - 240,2 02 15 008848,RASTEIRA NAPA/CAMURCA VEG MARAU V26,2,72,298,36,149,149,149,INDUSTRIA E COMERCIO DE CALCADOS S.SANTOS LTDA,RENATA MELLO,UNCLE K,ALTO VERAO 2026,CALCADOS,SANDALIA,NACIONAL,NAPA/CAMURCA VEGGIE,CALCADOS,RASTEIRA,MARAUV26,3/10/2026,1
226 - UK - RECIFE - 226,2 02 15 008848,RASTEIRA NAPA/CAMURCA VEG MARAU V26,1,36,149,36,149,149,149,INDUSTRIA E COMERCIO DE CALCADOS S.SANTOS LTDA,RENATA MELLO,UNCLE K,ALTO VERAO 2026,CALCADOS,SANDALIA,NACIONAL,NAPA/CAMURCA VEGGIE,CALCADOS,RASTEIRA,MARAUV26,1/3/2026,1
226 - UK - RECIFE - 226,2 02 15 008847,PAPETE NAPA/CAMURCA VEG GRUMARI V26,1,56,229,56,229,229,229,INDUSTRIA E COMERCIO DE CALCADOS S.SANTOS LTDA,RENATA MELLO,UNCLE K,ALTO VERAO 2026,CALCADOS,,NACIONAL,NAPA/CAMURCA VEGGIE,CALCADOS,PAPETE,GRUMARIV26,12/9/2025,1
242 - UK - RECIFE 4 - 242,2 02 15 008847,PAPETE NAPA/CAMURCA VEG GRUMARI V26,4,224,916,56,229,229,229,INDUSTRIA E COMERCIO DE CALCADOS S.SANTOS LTDA,RENATA MELLO,UNCLE K,ALTO VERAO 2026,CALCADOS,,NACIONAL,NAPA/CAMURCA VEGGIE,CALCADOS,PAPETE,GRUMARIV26,12/10/2025,1
238 - UK - RECIFE 2 - 238,2 02 14 008846,RASTEIRA CAMURCA VEGGIE ESPELHO V26,5,225,895,45,179,179,179,INDUSTRIA E COMERCIO DE CALCADOS S.SANTOS LTDA,RENATA MELLO,UNCLE K,ALTO VERAO 2026,CALCADOS,SANDALIA,NACIONAL,CAMURCA VEGGIE,CALCADOS,RASTEIRA,ESPELHOV26,12/22/2025,1
242 - UK - RECIFE 4 - 242,2 02 14 008846,RASTEIRA CAMURCA VEGGIE ESPELHO V26,1,45,179,45,179,179,179,INDUSTRIA E COMERCIO DE CALCADOS S.SANTOS LTDA,RENATA MELLO,UNCLE K,ALTO VERAO 2026,CALCADOS,SANDALIA,NACIONAL,CAMURCA VEGGIE,CALCADOS,RASTEIRA,ESPELHOV26,12/16/2025,1
226 - UK - RECIFE - 226,2 02 14 008773,RASTEIRA NAPA VEG QUINTA V26,3,108,387,36,129,129,129,INDUSTRIA E COMERCIO DE CALCADOS S.SANTOS LTDA,RENATA MELLO,UNCLE K,VERAO 2026,CALCADOS,SANDALIA  RASTEIRA,NACIONAL,NAPA VEGGIE,CALCADOS,RASTEIRA,QUINTAV26,1/11/2026,1
238 - UK - RECIFE 2 - 238,2 02 14 008773,RASTEIRA NAPA VEG QUINTA V26,1,36,129,36,129,129,129,INDUSTRIA E COMERCIO DE CALCADOS S.SANTOS LTDA,RENATA MELLO,UNCLE K,VERAO 2026,CALCADOS,SANDALIA  RASTEIRA,NACIONAL,NAPA VEGGIE,CALCADOS,RASTEIRA,QUINTAV26,2/23/2026,1
240 - UK - RECIFE 3 - 240,2 02 15 008772,PLATAFORMA NOBUCK VEG DIGGY V26,1,76,329,76,329,329,329,INDUSTRIA E COMERCIO DE CALCADOS S.SANTOS LTDA,RENATA MELLO,UNCLE K,VERAO 2026,CALCADOS,SANDALIA,NACIONAL,NOBUCK VEGGIE,CALCADOS,PLATAFORMA,DIGGYV26,3/16/2026,1
240 - UK - RECIFE 3 - 240,2 02 18 008749,TENIS VEGGIE KA V26,4,336,1396,84,349,349,349,INDUSTRIA E COMERCIO DE CALCADOS S.SANTOS LTDA,RENATA MELLO,UNCLE K,VERAO 2026,CALCADOS,TENIS,NACIONAL,VEGGIE,CALCADOS,TENIS,KAV26,9/12/2025,1
242 - UK - RECIFE 4 - 242,2 02 18 008749,TENIS VEGGIE KA V26,1,84,349,84,349,349,349,INDUSTRIA E COMERCIO DE CALCADOS S.SANTOS LTDA,RENATA MELLO,UNCLE K,VERAO 2026,CALCADOS,TENIS,NACIONAL,VEGGIE,CALCADOS,TENIS,KAV26,3/3/2026,1
238 - UK - RECIFE 2 - 238,2 04 01 008038,KIT MEIAS ALGODAO HAPPY I24,3,"42,6",177,"14,2",59,59,59,BRICAM COMERCIO VAREJISTA DE ARTIGOS E PRODUTOS LTDA,BRICAM COMERCIO VAREJISTA DE ARTIGOS E P,UNCLE K,INVERNO 2024,ACESSORIOS,ACESSORIOS,NACIONAL,ALGODAO,ACESSORIOS,MEIA,KITHAPPYI24,3/2/2026,1
240 - UK - RECIFE 3 - 240,2 04 01 008038,KIT MEIAS ALGODAO HAPPY I24,2,"28,4",118,"14,2",59,59,59,BRICAM COMERCIO VAREJISTA DE ARTIGOS E PRODUTOS LTDA,BRICAM COMERCIO VAREJISTA DE ARTIGOS E P,UNCLE K,INVERNO 2024,ACESSORIOS,ACESSORIOS,NACIONAL,ALGODAO,ACESSORIOS,MEIA,KITHAPPYI24,3/3/2026,1
242 - UK - RECIFE 4 - 242,2 04 01 008040,MEIA 7/8 ALGODAO PLAYER I24,1,"7,45","17,5","7,45",35,"17,5",35,BRICAM COMERCIO VAREJISTA DE ARTIGOS E PRODUTOS LTDA,BRICAM COMERCIO VAREJISTA DE ARTIGOS E P,UNCLE K,INVERNO 2024,ACESSORIOS,ACESSORIOS,NACIONAL,ALGODAO,ACESSORIOS,MEIA,PLAYERI24,8/5/2025,1
226 - UK - RECIFE - 226,2 02 18 007276,TENIS KNIT KITE I22,1,"119,8",249,"119,8",429,249,389,CALCADOS SHELTER INDUSTRIA E COMERCIA LTDA EPP,SHELTER,UNCLE K,INVERNO 2022,CALCADOS,TENIS,NACIONAL,KNIT,CALCADOS,TENIS,KITEI22,6/1/2022,1
242 - UK - RECIFE 4 - 242,2 03 11 008108,MOCHILA NY BNT MINI BUK I24,1,140,499,140,499,499,499,BAG PLANET BOLSAS E ACESSORIOS LTDA,BAG PLANET BOLSAS E ACESSORIOS LTDA,UNCLE K,INVERNO 2024,MOCHILAS,MOCHILA NYLON,IMPORTADO,NYLON BNT,MOCHILAS BASICAS,MOCHILA,MINIBUKBNTI24,11/1/2024,1
242 - UK - RECIFE 4 - 242,2 03 11 007926,MOCHILA NYLON BNT BUK V24,2,300,1098,150,549,549,549,BAG PLANET BOLSAS E ACESSORIOS LTDA,BAG PLANET BOLSAS E ACESSORIOS LTDA,UNCLE K,VERAO 2024,MOCHILAS,MOCHILA NYLON,IMPORTADO,NYLON BNT,MOCHILAS BASICAS,MOCHILA,BUKV24,6/5/2024,1
242 - UK - RECIFE 4 - 242,2 03 11 007925,MOCHILA NYLON BNT MINI BUK V24,2,280,998,140,499,499,499,BAG PLANET BOLSAS E ACESSORIOS LTDA,BAG PLANET BOLSAS E ACESSORIOS LTDA,UNCLE K,VERAO 2024,MOCHILAS,MOCHILA NYLON,IMPORTADO,NYLON BNT,MOCHILAS BASICAS,MOCHILA,MINIBUKV24,10/5/2024,1
240 - UK - RECIFE 3 - 240,2 04 01 007850,POCHETE NYLON RUBBER 70505V24,1,90,299,90,299,299,299,BAG PLANET BOLSAS E ACESSORIOS LTDA,BAG PLANET BOLSAS E ACESSORIOS LTDA,UNCLE K,VERAO 2024,ACESSORIOS,ACESSORIOS,IMPORTADO,NYLON EMBORRACHADO,ACESSORIOS,POCHETE,70505V24,2/5/2026,1
240 - UK - RECIFE 3 - 240,2 01 04 007519,BOLSA NYLON RUBBER 60984 V23,1,120,359,120,399,359,389,BAG PLANET BOLSAS E ACESSORIOS LTDA,BAG PLANET BOLSAS E ACESSORIOS LTDA,UNCLE K,VERAO 2023,BOLSAS,BOLSA NYLON,IMPORTADO,NYLON EMBORRACHADO,BOLSAS NYLON IMPORTADO,BOLSA TRANSPASSE,60984V23,5/28/2024,1
238 - UK - RECIFE 2 - 238,2 02 15 008753,PLATAFORMA COURO PLATO V26,1,"101,2",329,"101,2",329,329,329,NIVAN CALCADOS LTDA,AYE AYE,UNCLE K,VERAO 2026,CALCADOS,SANDALIA,NACIONAL,COURO,CALCADOS,PLATAFORMA,PLATOV26,11/26/2025,1
242 - UK - RECIFE 4 - 242,2 02 14 008752,RASTEIRA COURO SILVER V26,2,162,538,81,269,269,269,NIVAN CALCADOS LTDA,AYE AYE,UNCLE K,VERAO 2026,CALCADOS,SANDALIA  RASTEIRA,NACIONAL,COURO,CALCADOS,RASTEIRA,SILVERV26,3/3/2026,1
242 - UK - RECIFE 4 - 242,2 02 14 008752,RASTEIRA COURO SILVER V26,1,81,269,81,269,269,269,NIVAN CALCADOS LTDA,AYE AYE,UNCLE K,VERAO 2026,CALCADOS,SANDALIA  RASTEIRA,NACIONAL,COURO,CALCADOS,RASTEIRA,SILVERV26,2/24/2026,1
240 - UK - RECIFE 3 - 240,2 02 14 008752,RASTEIRA COURO SILVER V26,3,243,807,81,269,269,269,NIVAN CALCADOS LTDA,AYE AYE,UNCLE K,VERAO 2026,CALCADOS,SANDALIA  RASTEIRA,NACIONAL,COURO,CALCADOS,RASTEIRA,SILVERV26,9/12/2025,1
240 - UK - RECIFE 3 - 240,2 02 14 008752,RASTEIRA COURO SILVER V26,1,81,269,81,269,269,269,NIVAN CALCADOS LTDA,AYE AYE,UNCLE K,VERAO 2026,CALCADOS,SANDALIA  RASTEIRA,NACIONAL,COURO,CALCADOS,RASTEIRA,SILVERV26,1/26/2026,1
240 - UK - RECIFE 3 - 240,2 02 15 008878,SANDALIA COURO TOTIS I26,1,"86,3",279,"86,3",279,279,279,NIVAN CALCADOS LTDA,AYE AYE,UNCLE K,INVERNO 2026,CALCADOS,SANDALIA,NACIONAL,COURO,CALCADOS,RASTEIRA,TOTISI26,3/17/2026,1
226 - UK - RECIFE - 226,2 02 14 008734,RASTEIRA COURO GRASS V26,1,"84,4",269,"84,4",269,269,269,NIVAN CALCADOS LTDA,AYE AYE,UNCLE K,VERAO 2026,CALCADOS,SANDALIA  RASTEIRA,NACIONAL,COURO,CALCADOS,RASTEIRA,GRASSV26,2/17/2026,1
238 - UK - RECIFE 2 - 238,2 02 15 008267,RASTEIRA COURO GOLDEN V25,4,"342,8",1076,"85,7",269,269,269,NIVAN CALCADOS LTDA,AYE AYE,UNCLE K,VERAO 2025,CALCADOS,SANDALIA,NACIONAL,COURO,CALCADOS,RASTEIRA,GOLDENV25,8/18/2025,1
238 - UK - RECIFE 2 - 238,2 02 14 008769,RASTEIRA COURO RIVER V26,1,"77,5",249,"77,5",249,249,249,NIVAN CALCADOS LTDA,AYE AYE,UNCLE K,VERAO 2026,CALCADOS,SANDALIA  RASTEIRA,NACIONAL,COURO,CALCADOS,RASTEIRA,RIVERV26,3/12/2026,1
226 - UK - RECIFE - 226,2 02 14 008769,RASTEIRA COURO RIVER V26,1,"77,5",249,"77,5",249,249,249,NIVAN CALCADOS LTDA,AYE AYE,UNCLE K,VERAO 2026,CALCADOS,SANDALIA  RASTEIRA,NACIONAL,COURO,CALCADOS,RASTEIRA,RIVERV26,1/24/2026,1
242 - UK - RECIFE 4 - 242,2 02 15 008744,PAPETE COURO TIM V26,1,112,359,112,359,359,359,NIVAN CALCADOS LTDA,AYE AYE,UNCLE K,VERAO 2026,CALCADOS,SANDALIA,NACIONAL,NAPA VEGGIE,CALCADOS,PAPETE,TIMV26,11/12/2025,1
242 - UK - RECIFE 4 - 242,2 02 15 008358,RASTEIRA COURO SILVER V25,1,"79,7",269,"79,7",269,269,269,NIVAN CALCADOS LTDA,AYE AYE,UNCLE K,VERAO 2025,CALCADOS,SANDALIA,NACIONAL,COURO,CALCADOS,RASTEIRA,SILVERV25,12/12/2024,1
226 - UK - RECIFE - 226,2 02 14 008598,RASTEIRA COURO SILVER I25,1,"79,7",269,"79,7",269,269,269,NIVAN CALCADOS LTDA,AYE AYE,UNCLE K,INVERNO 2025,CALCADOS,SANDALIA  RASTEIRA,NACIONAL,COURO,CALCADOS,RASTEIRA,SILVERI25,2/12/2026,1
226 - UK - RECIFE - 226,2 02 14 008598,RASTEIRA COURO SILVER I25,1,"79,7",269,"79,7",269,269,269,NIVAN CALCADOS LTDA,AYE AYE,UNCLE K,INVERNO 2025,CALCADOS,SANDALIA  RASTEIRA,NACIONAL,COURO,CALCADOS,RASTEIRA,SILVERI25,2/20/2026,1
226 - UK - RECIFE - 226,2 04 01 008241,GARRAFA ALUMINIO ACQUA V25,2,"118,6",178,"59,3",199,89,199,SANTA CLARA BRINDES,SANTA CLARA BRINDES,UNCLE K,VERAO 2025,ACESSORIOS,ACESSORIOS,NACIONAL,ALUMINIO,ACESSORIOS,GARRAFA,ACQUAV25,3/6/2026,1
242 - UK - RECIFE 4 - 242,2 04 01 007841,CHAPEU BUCKET NYLON 70486 V24,4,"311,6",656,"77,9",199,164,199,GOMES CONFECCOES LTDA,GOMES,UNCLE K,VERAO 2024,ACESSORIOS,ACESSORIOS,NACIONAL,NYLON,ACESSORIOS,CHAPEU,70486V24,1/23/2026,1
238 - UK - RECIFE 2 - 238,2 02 15 008007,PAPETE COURO JAZZ V24,1,"72,9",249,"72,9",249,249,249,ARLETE WAGNER DA SILVA,PRIMMA SCARPA,UNCLE K,VERAO 2024,CALCADOS,SANDALIA,NACIONAL,COURO,CALCADOS,BIRKEN,JAZZ24,11/26/2024,1
226 - UK - RECIFE - 226,2 02 15 008367,PAPETE COURO JAZZ V25,2,"153,8",259,"76,9",259,"129,5",259,CALCADOS R.M.S LTDA,RMS,UNCLE K,VERAO 2025,CALCADOS,SANDALIA,NACIONAL,COURO,CALCADOS,PAPETE,JAZZV25,10/15/2024,1
242 - UK - RECIFE 4 - 242,2 02 15 008361,PAPETE ELASTICO SERENA V25,1,"74,3",259,"74,3",259,259,249,CALCADOS R.M.S LTDA,RMS,UNCLE K,VERAO 2025,CALCADOS,SANDALIA,NACIONAL,ELASTICO,CALCADOS,PAPETE,SERENAV25,3/3/2026,1
226 - UK - RECIFE - 226,2 02 15 008735,PAPETE COURO FIGARO V26,3,234,777,78,259,259,259,CALCADOS R.M.S LTDA,RMS,UNCLE K,VERAO 2026,CALCADOS,SANDALIA,NACIONAL,COURO,CALCADOS,PAPETE,FIGAROV26,3/6/2026,1
242 - UK - RECIFE 4 - 242,2 02 15 007983,ANABELA LONA FRADE V24,1,123,159,123,399,159,399,NEW PORT IND. COM. IMP. E EXP DE CALCADOS LTDA,A3 ESPADRILLES,UNCLE K,VERAO 2024,CALCADOS,SANDALIA,NACIONAL,LONA,CALCADOS,ANABELA,FRADEV24,11/9/2024,1
238 - UK - RECIFE 2 - 238,2 04 01 008173,TOALHA 70542 V24,10,297,890,"29,7",89,89,89,EUQUERONUVEM PERSONALIZADOS LTDA,EU QUERO NUVEM,UNCLE K,VERAO 2024,ACESSORIOS,ACESSORIOS,NACIONAL,POLIESTER,ACESSORIOS,TOALHA,70542V24,3/2/2026,1
226 - UK - RECIFE - 226,2 03 11 008304,MOCHILA NYLON BNT 61049 V25,1,182,669,182,669,669,669,TRUST - IMPORTACAO E EXPORTACAO EIRELI,TTL BRAZIL (DTX),UNCLE K,VERAO 2025,MOCHILAS,MOCHILA NYLON,IMPORTADO,NYLON BNT,MOCHILAS/MALAS,MOCHILA,61049V25,1/2/2026,1
238 - UK - RECIFE 2 - 238,2 03 11 008304,MOCHILA NYLON BNT 61049 V25,1,182,669,182,669,669,669,TRUST - IMPORTACAO E EXPORTACAO EIRELI,TTL BRAZIL (DTX),UNCLE K,VERAO 2025,MOCHILAS,MOCHILA NYLON,IMPORTADO,NYLON BNT,MOCHILAS/MALAS,MOCHILA,61049V25,12/10/2025,1
242 - UK - RECIFE 4 - 242,2 03 11 008302,MOCHILA NYLON BNT BUK V25,3,390,1647,130,549,549,549,TRUST - IMPORTACAO E EXPORTACAO EIRELI,TTL BRAZIL (DTX),UNCLE K,VERAO 2025,MOCHILAS,MOCHILA NYLON,IMPORTADO,NYLON BNT,MOCHILAS BASICAS,MOCHILA,BUKBNTV25,3/7/2026,1
242 - UK - RECIFE 4 - 242,2 03 11 008302,MOCHILA NYLON BNT BUK V25,1,130,549,130,549,549,549,TRUST - IMPORTACAO E EXPORTACAO EIRELI,TTL BRAZIL (DTX),UNCLE K,VERAO 2025,MOCHILAS,MOCHILA NYLON,IMPORTADO,NYLON BNT,MOCHILAS BASICAS,MOCHILA,BUKBNTV25,3/13/2026,1
240 - UK - RECIFE 3 - 240,2 03 11 008302,MOCHILA NYLON BNT BUK V25,1,130,549,130,549,549,549,TRUST - IMPORTACAO E EXPORTACAO EIRELI,TTL BRAZIL (DTX),UNCLE K,VERAO 2025,MOCHILAS,MOCHILA NYLON,IMPORTADO,NYLON BNT,MOCHILAS BASICAS,MOCHILA,BUKBNTV25,8/25/2025,1
242 - UK - RECIFE 4 - 242,2 03 11 008302,MOCHILA NYLON BNT BUK V25,2,260,1098,130,549,549,549,TRUST - IMPORTACAO E EXPORTACAO EIRELI,TTL BRAZIL (DTX),UNCLE K,VERAO 2025,MOCHILAS,MOCHILA NYLON,IMPORTADO,NYLON BNT,MOCHILAS BASICAS,MOCHILA,BUKBNTV25,7/22/2025,1
240 - UK - RECIFE 3 - 240,2 03 11 008302,MOCHILA NYLON BNT BUK V25,1,130,549,130,549,549,549,TRUST - IMPORTACAO E EXPORTACAO EIRELI,TTL BRAZIL (DTX),UNCLE K,VERAO 2025,MOCHILAS,MOCHILA NYLON,IMPORTADO,NYLON BNT,MOCHILAS BASICAS,MOCHILA,BUKBNTV25,2/18/2026,1
240 - UK - RECIFE 3 - 240,2 02 15 008882,SANDALIA NEOPRENE MEDUSA I26,1,124,399,124,399,399,399,CALCADOS NATORE RAPERE LTDA,NATORE,UNCLE K,INVERNO 2026,CALCADOS,SANDALIA,NACIONAL,NEOPRENE,CALCADOS,SANDALIA SALTO,MEDUSAI26,3/12/2026,1
238 - UK - RECIFE 2 - 238,2 02 15 008883,SANDALIA NEOPRENE TRIANON I26,2,248,798,124,399,399,399,CALCADOS NATORE RAPERE LTDA,NATORE,UNCLE K,INVERNO 2026,CALCADOS,SANDALIA,NACIONAL,NEOPRENE,CALCADOS,SANDALIA SALTO,TRIANONI26,3/19/2026,1
242 - UK - RECIFE 4 - 242,2 02 15 008882,SANDALIA NEOPRENE MEDUSA I26,2,248,798,124,399,399,399,CALCADOS NATORE RAPERE LTDA,NATORE,UNCLE K,INVERNO 2026,CALCADOS,SANDALIA,NACIONAL,NEOPRENE,CALCADOS,SANDALIA SALTO,MEDUSAI26,3/4/2026,1
242 - UK - RECIFE 4 - 242,2 01 04 008448,BOLSA NY SOFT FLUFFY 61224 V25,3,360,1047,120,499,349,499,ITIBAG COMERCIO DE BOLSAS E ACESSORIOS LTDA EPP,ITIBAG,UNCLE K,VERAO 2025,BOLSAS,BOLSA NYLON,IMPORTADO,NY SOFT FLUFFY,BOLSAS NYLON IMPORTADO,BOLSA MULTIUSO,61224V25,12/18/2024,1
226 - UK - RECIFE - 226,2 01 04 008387,BOLSA NY SOFT 61233 V25,2,180,738,90,369,369,369,ITIBAG COMERCIO DE BOLSAS E ACESSORIOS LTDA EPP,ITIBAG,UNCLE K,VERAO 2025,BOLSAS,BOLSA NYLON,IMPORTADO,NYLON SOFT,BOLSAS NYLON IMPORTADO,BOLSA MULTIUSO,61233V25,2/26/2026,1
238 - UK - RECIFE 2 - 238,2 01 05 008534,BOLSA PU/NEOPRENE 61322 I25,1,145,339,145,499,339,499,SERRAMAR DISTRIBUIDORA LTDA,SERRAMAR,UNCLE K,INVERNO 2025,BOLSAS,BOLSA OUTROS,IMPORTADO,PU/NEOPRENE,BOLSAS PU,BOLSA TRANSPASSE,61322I25,11/12/2025,1
240 - UK - RECIFE 3 - 240,2 01 04 008549,BOLSA NY BNT 61144 I25,1,160,579,160,579,579,579,SERRAMAR DISTRIBUIDORA LTDA,SERRAMAR,UNCLE K,INVERNO 2025,BOLSAS,BOLSA NYLON,IMPORTADO,NYLON BNT,BOLSAS NYLON IMPORTADO,BOLSA MULTIUSO,61144I25,7/10/2025,1
238 - UK - RECIFE 2 - 238,2 03 11 008572,MOCHILA NY TWILL 61151 I25,1,145,539,145,539,539,539,SERRAMAR DISTRIBUIDORA LTDA,SERRAMAR,UNCLE K,INVERNO 2025,MOCHILAS,MOCHILA NYLON,IMPORTADO,NYLON TWILL,MOCHILAS/MALAS,MOCHILA,61151I25,7/11/2025,1
226 - UK - RECIFE - 226,2 01 04 008556,BOLSA NY TWILL 61320 I25,1,95,349,95,349,349,349,SERRAMAR DISTRIBUIDORA LTDA,SERRAMAR,UNCLE K,INVERNO 2025,BOLSAS,BOLSA NYLON,IMPORTADO,NYLON TWILL,BOLSAS NYLON IMPORTADO,BOLSA MULTIUSO,61320I25,5/12/2025,1
242 - UK - RECIFE 4 - 242,2 03 11 008571,MOCHILA NY BNT 61048 I25,1,"188,69",569,"188,69",569,569,569,SERRAMAR DISTRIBUIDORA LTDA,SERRAMAR,UNCLE K,INVERNO 2025,MOCHILAS,MOCHILA NYLON,IMPORTADO,NYLON BNT,MOCHILAS/MALAS,MOCHILA,61048BNTI25,2/23/2026,1
238 - UK - RECIFE 2 - 238,2 04 02 008924,COLAR RESINA CI26J,3,78,267,26,89,89,89,BIJOU FASHION BIJOUTERIAS LTDA,BIJOU FASHION BIJOUTERIAS LTDA,UNCLE K,INVERNO 2026,ACESSORIOS,BIJUTERIA,NACIONAL,RESINA,BIJUTERIA,COLAR,CI26J,3/12/2026,1
226 - UK - RECIFE - 226,2 04 02 008689,COLAR RESINA/CAMURCA CV26E,10,400,1290,40,129,129,129,BIJOU FASHION BIJOUTERIAS LTDA,BIJOU FASHION BIJOUTERIAS LTDA,UNCLE K,VERAO 2026,ACESSORIOS,BIJUTERIA,NACIONAL,RESINA/CAMURCA,BIJUTERIA,COLAR,CV26EV26,3/11/2026,1
238 - UK - RECIFE 2 - 238,2 04 02 008689,COLAR RESINA/CAMURCA CV26E,10,400,1290,40,129,129,129,BIJOU FASHION BIJOUTERIAS LTDA,BIJOU FASHION BIJOUTERIAS LTDA,UNCLE K,VERAO 2026,ACESSORIOS,BIJUTERIA,NACIONAL,RESINA/CAMURCA,BIJUTERIA,COLAR,CV26EV26,3/2/2026,1
226 - UK - RECIFE - 226,2 04 01 008658,ALCA CORDA 70603 V26,1,30,99,30,99,99,99,BIJOU FASHION BIJOUTERIAS LTDA,BIJOU FASHION BIJOUTERIAS LTDA,UNCLE K,VERAO 2026,ACESSORIOS,ACESSORIOS,NACIONAL,CORDA,ACESSORIOS,ALCA DE BOLSA,70603V26,11/24/2025,1
226 - UK - RECIFE - 226,2 04 02 008921,COLAR RESINA CI26A,3,96,297,32,99,99,99,BIJOU FASHION BIJOUTERIAS LTDA,BIJOU FASHION BIJOUTERIAS LTDA,UNCLE K,INVERNO 2026,ACESSORIOS,BIJUTERIA,NACIONAL,RESINA,BIJUTERIA,COLAR,CI26A,3/18/2026,1
226 - UK - RECIFE - 226,2 04 02 008921,COLAR RESINA CI26A,3,96,297,32,99,99,99,BIJOU FASHION BIJOUTERIAS LTDA,BIJOU FASHION BIJOUTERIAS LTDA,UNCLE K,INVERNO 2026,ACESSORIOS,BIJUTERIA,NACIONAL,RESINA,BIJUTERIA,COLAR,CI26A,3/12/2026,1
240 - UK - RECIFE 3 - 240,2 04 02 008690,COLAR RESINA CV26F,12,336,1188,28,99,99,99,BIJOU FASHION BIJOUTERIAS LTDA,BIJOU FASHION BIJOUTERIAS LTDA,UNCLE K,VERAO 2026,ACESSORIOS,BIJUTERIA,NACIONAL,RESINA,BIJUTERIA,COLAR,CV26FV26,3/16/2026,1
226 - UK - RECIFE - 226,2 04 02 008647,COLAR RESINA CV26B,3,111,357,37,119,119,119,BIJOU FASHION BIJOUTERIAS LTDA,BIJOU FASHION BIJOUTERIAS LTDA,UNCLE K,VERAO 2026,ACESSORIOS,BIJUTERIA,NACIONAL,RESINA,BIJUTERIA,COLAR,CV26BV26,1/5/2026,1
226 - UK - RECIFE - 226,2 02 15 008415,PAPETE NAPA VEG REMY V25,1,"64,5","104,5","64,5",209,"104,5",209,TERMOLINE INDUSTRIA E COMERCIO LTDA,AZLA,UNCLE K,VERAO 2025,CALCADOS,SANDALIA,NACIONAL,NAPA VEGGIE,CALCADOS,PAPETE,REMYV25,12/9/2024,1
238 - UK - RECIFE 2 - 238,2 02 15 008415,PAPETE NAPA VEG REMY V25,1,"64,5","104,5","64,5",209,"104,5",209,TERMOLINE INDUSTRIA E COMERCIO LTDA,AZLA,UNCLE K,VERAO 2025,CALCADOS,SANDALIA,NACIONAL,NAPA VEGGIE,CALCADOS,PAPETE,REMYV25,3/14/2026,1
238 - UK - RECIFE 2 - 238,2 02 18 008617,TENIS COURO GRID I25,2,"145,8",598,"72,9",299,299,299,C. TORRES DIAS INJETADOS ME,CALCADOS TORRES,UNCLE K,INVERNO 2025,CALCADOS,TENIS,NACIONAL,COURO,CALCADOS,TENIS,GRIDI25,5/5/2025,1
242 - UK - RECIFE 4 - 242,2 02 18 008871,TENIS COURO PHILLY I26,16,1280,4784,80,299,299,299,C. TORRES DIAS INJETADOS ME,CALCADOS TORRES,UNCLE K,INVERNO 2026,CALCADOS,TENIS,NACIONAL,COURO,CALCADOS,TENIS,PHILLYI26,2/11/2026,1
226 - UK - RECIFE - 226,2 02 18 008871,TENIS COURO PHILLY I26,1,80,299,80,299,299,299,C. TORRES DIAS INJETADOS ME,CALCADOS TORRES,UNCLE K,INVERNO 2026,CALCADOS,TENIS,NACIONAL,COURO,CALCADOS,TENIS,PHILLYI26,3/3/2026,1
238 - UK - RECIFE 2 - 238,2 02 18 008747,TENIS COURO GRID V26,1,"72,9",299,"72,9",299,299,299,VISPATE CALCADOS LTDA,VISPATE,UNCLE K,VERAO 2026,CALCADOS,TENIS,NACIONAL,COURO,CALCADOS,TENIS,GRIDV26,3/3/2026,1
238 - UK - RECIFE 2 - 238,2 02 15 008755,SANDALIA NEOPRENE TRIANON V26,1,122,399,122,399,399,399,CONFORTARIA COMERCIO DE CALCADOS LTDA.,CALCADOS NATORE,UNCLE K,VERAO 2026,CALCADOS,SANDALIA,NACIONAL,NEOPRENE,CALCADOS,SANDALIA SALTO,TRIANONV26,3/11/2026,1
226 - UK - RECIFE - 226,2 03 11 008845,MOCHILA NY SOFT 61406 V26,6,564,2274,94,379,379,379,VITOR ABREU COMERCIO DE BIJUTERIAS LTDA,VITOR ABREU,UNCLE K,VERAO 2026,MOCHILAS,MOCHILA NYLON,IMPORTADO,NYLON SOFT,MOCHILAS/MALAS,MOCHILA,61406V26,1/5/2026,1
238 - UK - RECIFE 2 - 238,2 03 11 61405,MOCHILA NY SOFT 61405 V26,2,198,798,99,399,399,399,VITOR ABREU COMERCIO DE BIJUTERIAS LTDA,VITOR ABREU,UNCLE K,VERAO 2026,MOCHILAS,MOCHILA NYLON,IMPORTADO,NYLON SOFT,MOCHILAS/MALAS,MOCHILA,61405V26,3/2/2026,1
226 - UK - RECIFE - 226,2 03 11 61405,MOCHILA NY SOFT 61405 V26,6,594,2394,99,399,399,399,VITOR ABREU COMERCIO DE BIJUTERIAS LTDA,VITOR ABREU,UNCLE K,VERAO 2026,MOCHILAS,MOCHILA NYLON,IMPORTADO,NYLON SOFT,MOCHILAS/MALAS,MOCHILA,61405V26,1/5/2026,1
238 - UK - RECIFE 2 - 238,2 01 04 008840,BOLSA NY SOFT 61407 V26,1,"86,5",349,"86,5",349,349,349,VITOR ABREU COMERCIO DE BIJUTERIAS LTDA,VITOR ABREU,UNCLE K,VERAO 2026,BOLSAS,BOLSA NYLON,IMPORTADO,NYLON SOFT,BOLSAS NYLON IMPORTADO,BOLSA MULTIUSO,61407V26,3/14/2026,1
240 - UK - RECIFE 3 - 240,2 01 04 008839,BOLSA NY SOFT 61404 V26,1,"72,5",299,"72,5",299,299,299,VITOR ABREU COMERCIO DE BIJUTERIAS LTDA,VITOR ABREU,UNCLE K,VERAO 2026,BOLSAS,BOLSA NYLON,IMPORTADO,NYLON SOFT,BOLSAS NYLON IMPORTADO,BOLSA MULTIUSO,61404V26,1/6/2026,1
240 - UK - RECIFE 3 - 240,2 01 04 008789,BOLSA NY BNT 61042 V26,1,105,369,105,369,369,369,TOVA EQUIPAMENTOS E ACESSORIOS LTDA,,UNCLE K,VERAO 2026,BOLSAS,BOLSA NYLON,IMPORTADO,NYLON BNT,BOLSAS NYLON IMPORTADO,BOLSA TRANSPASSE,61042V26,12/18/2025,1
242 - UK - RECIFE 4 - 242,2 01 04 008789,BOLSA NY BNT 61042 V26,1,105,369,105,369,369,369,TOVA EQUIPAMENTOS E ACESSORIOS LTDA,,UNCLE K,VERAO 2026,BOLSAS,BOLSA NYLON,IMPORTADO,NYLON BNT,BOLSAS NYLON IMPORTADO,BOLSA TRANSPASSE,61042V26,12/16/2025,1
226 - UK - RECIFE - 226,2 01 04 008788,BOLSA NY BNT 61040 V26,2,240,878,120,439,439,439,TOVA EQUIPAMENTOS E ACESSORIOS LTDA,,UNCLE K,VERAO 2026,BOLSAS,BOLSA NYLON,IMPORTADO,NYLON BNT,BOLSAS NYLON IMPORTADO,BOLSA MULTIUSO,61040BNTV26,12/17/2025,1
226 - UK - RECIFE - 226,2 01 04 008787,BOLSA NY SOFT 61351 V26,1,140,489,140,489,489,489,TOVA EQUIPAMENTOS E ACESSORIOS LTDA,,UNCLE K,VERAO 2026,BOLSAS,BOLSA NYLON,IMPORTADO,NYLON SOFT,BOLSAS NYLON IMPORTADO,BOLSA MULTIUSO,61351V26,1/5/2026,1
226 - UK - RECIFE - 226,2 01 04 008798,BOLSA KING RUBBER 61040 V26,3,375,1317,125,439,439,439,TOVA EQUIPAMENTOS E ACESSORIOS LTDA,,UNCLE K,VERAO 2026,BOLSAS,BOLSA NYLON,IMPORTADO,KING RUBBER,BOLSAS NYLON IMPORTADO,BOLSA MULTIUSO,61040KRV26,3/6/2026,1
242 - UK - RECIFE 4 - 242,2 01 04 008798,BOLSA KING RUBBER 61040 V26,2,250,878,125,439,439,439,TOVA EQUIPAMENTOS E ACESSORIOS LTDA,,UNCLE K,VERAO 2026,BOLSAS,BOLSA NYLON,IMPORTADO,KING RUBBER,BOLSAS NYLON IMPORTADO,BOLSA MULTIUSO,61040KRV26,1/6/2026,1
238 - UK - RECIFE 2 - 238,2 01 04 008798,BOLSA KING RUBBER 61040 V26,5,625,2195,125,439,439,439,TOVA EQUIPAMENTOS E ACESSORIOS LTDA,,UNCLE K,VERAO 2026,BOLSAS,BOLSA NYLON,IMPORTADO,KING RUBBER,BOLSAS NYLON IMPORTADO,BOLSA MULTIUSO,61040KRV26,1/6/2026,1
242 - UK - RECIFE 4 - 242,2 01 04 008797,BOLSA KING RUBBER 61144 V26,2,320,998,160,499,499,499,TOVA EQUIPAMENTOS E ACESSORIOS LTDA,,UNCLE K,VERAO 2026,BOLSAS,BOLSA NYLON,IMPORTADO,KING RUBBER,BOLSAS NYLON IMPORTADO,BOLSA MULTIUSO,61144KRV26,1/6/2026,1
226 - UK - RECIFE - 226,2 03 11 008815,MOCHILA KING RUBBER 61049 V26,1,173,669,173,669,669,669,TOVA EQUIPAMENTOS E ACESSORIOS LTDA,,UNCLE K,VERAO 2026,MOCHILAS,MOCHILA NYLON,IMPORTADO,KING RUBBER,MOCHILAS/MALAS,MOCHILA,61049V26,1/8/2026,1
238 - UK - RECIFE 2 - 238,2 03 11 008814,MOCHILA KING RUBBER 61047 V26,3,435,1767,145,589,589,589,TOVA EQUIPAMENTOS E ACESSORIOS LTDA,,UNCLE K,VERAO 2026,MOCHILAS,MOCHILA NYLON,IMPORTADO,KING RUBBER,MOCHILAS/MALAS,MOCHILA,61047V26,3/18/2026,1
240 - UK - RECIFE 3 - 240,2 03 11 008813,MOCHILA NY BNT 61151 V26,2,270,1078,135,539,539,539,TOVA EQUIPAMENTOS E ACESSORIOS LTDA,,UNCLE K,VERAO 2026,MOCHILAS,MOCHILA NYLON,IMPORTADO,NYLON BNT,MOCHILAS/MALAS,MOCHILA,61151V26,12/10/2025,1
226 - UK - RECIFE - 226,2 01 04 008796,BOLSA NY SOFT 61240 V26,2,290,998,145,499,499,499,TOVA EQUIPAMENTOS E ACESSORIOS LTDA,,UNCLE K,VERAO 2026,BOLSAS,BOLSA NYLON,IMPORTADO,NYLON SOFT,BOLSAS NYLON IMPORTADO,BOLSA MULTIUSO,61240V26,12/17/2025,1
226 - UK - RECIFE - 226,2 03 11 008812,MOCHILA NY BNT BIG BUK V26,1,145,589,145,589,589,589,LOPE DIGITAL COMMERCE,LOPE DIGITAL COMMERCE,UNCLE K,VERAO 2026,MOCHILAS,MOCHILA NYLON,IMPORTADO,NYLON BNT,MOCHILAS BASICAS,MOCHILA,BIGBUKBNTV26,1/8/2026,1
226 - UK - RECIFE - 226,2 04 01 005239,CAPA PARA BANCO BIKE LYCRA 207652,4,90,276,"22,5",69,69,69,"OPERA BOLSAS, SAPATOS E ACESSORIOS LTDA - ME",TARSILA BOLSAS E SAPATOS,UNCLE K,VERAO 2016,ACESSORIOS,ACESSORIOS,NACIONAL,LYCRA,ACESSORIOS,CAPA BANCO BIKE,207652,2/15/2023,1
242 - UK - RECIFE 4 - 242,2 02 18 007424,TENIS COURO RELAX V23,1,"111,23",199,"111,23",389,199,349,ART - MILLE ARTEFATOS DE COURO,ART-MILLE,UNCLE K,VERAO 2023,CALCADOS,TENIS,NACIONAL,COURO,CALCADOS,TENIS,RELAXV23,2/10/2026,1
226 - UK - RECIFE - 226,2 02 17 007811,MOCASSIM COURO LOCAL I23,1,"146,9",249,"146,9",499,249,499,ART - MILLE ARTEFATOS DE COURO,ART-MILLE,UNCLE K,INVERNO 2023,CALCADOS,SAPATO,NACIONAL,COURO,MASCULINO,MOCASSIM,LOCAL COURO I23,4/12/2025,1
226 - UK - RECIFE - 226,2 02 17 007302,TOPSIDER NOBUCK NEW FRONTIER,1,"124,5",199,"124,5",390,199,390,ART - MILLE ARTEFATOS DE COURO,ART-MILLE,UNCLE K,INVERNO 2022,CALCADOS,SAPATO,NACIONAL,NOBUCK,MASCULINO,TOPSIDER,NEWFRONTIERI22,8/21/2025,1
240 - UK - RECIFE 3 - 240,2 02 17 007310,SAPATO COURO NOMAD,1,"159,9",199,"159,9",520,199,520,ART - MILLE ARTEFATOS DE COURO,ART-MILLE,UNCLE K,INVERNO 2022,CALCADOS,SAPATO,NACIONAL,COURO,MASCULINO,SAPATO,NOMADBAIXOI22,7/18/2025,1
238 - UK - RECIFE 2 - 238,3 03 05 03751,SUNGA LISTRA LATERAL INF,-1,"-16,3","-49,9","16,3","49,9","49,9","49,9",TRES C BLUE MAR CONFECCAO E COMERCIO LTDA - ME,COSTAO DA PRAIA,BB BASICO,,,,,,,,,8/24/2024,1
226 - UK - RECIFE - 226,2 04 02 008055,PULSEIRA CORDA/METAL PI24A I24,1,"19,5","34,5","19,5",69,"34,5",69,VIRAGINI BIJOUTERIA LTDA,VIRAGINI,UNCLE K,INVERNO 2024,ACESSORIOS,BIJUTERIA,NACIONAL,CORDA/METAL,BIJUTERIA,PULSEIRA,PI24AI24,11/23/2024,1
238 - UK - RECIFE 2 - 238,2 04 13 008985,NECESSAIRE SINTETICO 70615 I26,6,276,834,46,139,139,139,BMCG INDUSTRIA E COMERCIO DE COURO LTDA EPP,BMCG,UNCLE K,INVERNO 2026,ACESSORIOS,NECESSAIRES,NACIONAL,SINTETICO,NECESSAIRES,NECESSAIRE,70615I26,3/11/2026,1
238 - UK - RECIFE 2 - 238,2 01 05 008994,BOLSA NY SATIN 61457 V26,2,"158,7",438,"79,35",219,219,219,BMCG INDUSTRIA E COMERCIO DE COURO LTDA EPP,BMCG,UNCLE K,UPCYCLING,BOLSAS,BOLSA OUTROS,NACIONAL,SATIN,BOLSAS ESPECIAIS,BOLSA OMBRO,61457V26,3/16/2026,1
226 - UK - RECIFE - 226,2 01 05 008993,BOLSA NY SATIN 61456 V26,7,"592,9",1743,"84,7",249,249,249,BMCG INDUSTRIA E COMERCIO DE COURO LTDA EPP,BMCG,UNCLE K,UPCYCLING,BOLSAS,BOLSA OUTROS,NACIONAL,SATIN,BOLSAS ESPECIAIS,BOLSA OMBRO,61456V26,3/17/2026,1
226 - UK - RECIFE - 226,2 01 04 008992,BOLSA NYLON 61455 V26,6,450,1314,75,219,219,219,BMCG INDUSTRIA E COMERCIO DE COURO LTDA EPP,BMCG,UNCLE K,UPCYCLING,BOLSAS,BOLSA NYLON,NACIONAL,NYLON,BOLSAS NYLON BASICO,BOLSA TRANSPASSE,61455V26,3/17/2026,1
242 - UK - RECIFE 4 - 242,2 01 04 008992,BOLSA NYLON 61455 V26,4,300,876,75,219,219,219,BMCG INDUSTRIA E COMERCIO DE COURO LTDA EPP,BMCG,UNCLE K,UPCYCLING,BOLSAS,BOLSA NYLON,NACIONAL,NYLON,BOLSAS NYLON BASICO,BOLSA TRANSPASSE,61455V26,3/17/2026,1
226 - UK - RECIFE - 226,2 01 04 008991,BOLSA NYLON 61454 V26,3,195,597,65,199,199,199,BMCG INDUSTRIA E COMERCIO DE COURO LTDA EPP,BMCG,UNCLE K,UPCYCLING,BOLSAS,BOLSA NYLON,NACIONAL,NYLON,BOLSAS NYLON BASICO,BOLSA TRANSPASSE,61454V26,3/17/2026,1
238 - UK - RECIFE 2 - 238,2 01 04 008990,BOLSA NYLON 61453 V26,1,70,199,70,199,199,199,BMCG INDUSTRIA E COMERCIO DE COURO LTDA EPP,BMCG,UNCLE K,UPCYCLING,BOLSAS,BOLSA NYLON,NACIONAL,NYLON,BOLSAS NYLON BASICO,BOLSA MULTIUSO,61453V26,3/10/2026,1
242 - UK - RECIFE 4 - 242,2 01 04 008990,BOLSA NYLON 61453 V26,2,140,398,70,199,199,199,BMCG INDUSTRIA E COMERCIO DE COURO LTDA EPP,BMCG,UNCLE K,UPCYCLING,BOLSAS,BOLSA NYLON,NACIONAL,NYLON,BOLSAS NYLON BASICO,BOLSA MULTIUSO,61453V26,3/17/2026,1
238 - UK - RECIFE 2 - 238,2 04 13 008275,NECESSAIRE NYLON 70266 V25,1,"28,73",69,"28,73",89,69,89,BMCG INDUSTRIA E COMERCIO DE COURO LTDA EPP,BMCG,UNCLE K,VERAO 2025,ACESSORIOS,NECESSAIRES,NACIONAL,NYLON,NECESSAIRES,NECESSAIRE,70266V25,3/2/2026,1
238 - UK - RECIFE 2 - 238,2 04 13 008275,NECESSAIRE NYLON 70266 V25,2,"57,46",138,"28,73",89,69,89,BMCG INDUSTRIA E COMERCIO DE COURO LTDA EPP,BMCG,UNCLE K,VERAO 2025,ACESSORIOS,NECESSAIRES,NACIONAL,NYLON,NECESSAIRES,NECESSAIRE,70266V25,3/11/2026,1
240 - UK - RECIFE 3 - 240,2 01 04 008933,BOLSA NYLON 61335 I26,4,"666,24",1836,"166,56",459,459,459,BMCG INDUSTRIA E COMERCIO DE COURO LTDA EPP,BMCG,UNCLE K,INVERNO 2026,BOLSAS,BOLSA NYLON,NACIONAL,NYLON,BOLSAS NYLON BASICO,BOLSA TRANSPASSE,61335I26,3/19/2026,1
238 - UK - RECIFE 2 - 238,2 01 04 008933,BOLSA NYLON 61335 I26,4,"666,24",1836,"166,56",459,459,459,BMCG INDUSTRIA E COMERCIO DE COURO LTDA EPP,BMCG,UNCLE K,INVERNO 2026,BOLSAS,BOLSA NYLON,NACIONAL,NYLON,BOLSAS NYLON BASICO,BOLSA TRANSPASSE,61335I26,3/18/2026,1
242 - UK - RECIFE 4 - 242,2 01 04 008666,BOLSA NYLON 61283 V26,3,"491,43",1437,"163,81",479,479,479,BMCG INDUSTRIA E COMERCIO DE COURO LTDA EPP,BMCG,UNCLE K,VERAO 2026,BOLSAS,BOLSA NYLON,NACIONAL,NYLON,BOLSAS NYLON BASICO,BOLSA MULTIUSO,61283V26,12/10/2025,1
240 - UK - RECIFE 3 - 240,2 01 04 008665,BOLSA NYLON 61335 V26,4,"630,28",1796,"157,57",449,449,449,BMCG INDUSTRIA E COMERCIO DE COURO LTDA EPP,BMCG,UNCLE K,VERAO 2026,BOLSAS,BOLSA NYLON,NACIONAL,NYLON,BOLSAS NYLON BASICO,BOLSA TRANSPASSE,61335V26,12/10/2025,1
238 - UK - RECIFE 2 - 238,2 01 04 008664,BOLSA NYLON 61281 V26,1,"157,72",459,"157,72",459,459,459,BMCG INDUSTRIA E COMERCIO DE COURO LTDA EPP,BMCG,UNCLE K,VERAO 2026,BOLSAS,BOLSA NYLON,NACIONAL,NYLON,BOLSAS NYLON BASICO,BOLSA TRANSPASSE,61281V26,8/25/2025,1
242 - UK - RECIFE 4 - 242,2 01 04 008663,BOLSA NYLON 61282 V26,1,"145,06",459,"145,06",459,459,459,BMCG INDUSTRIA E COMERCIO DE COURO LTDA EPP,BMCG,UNCLE K,VERAO 2026,BOLSAS,BOLSA NYLON,NACIONAL,NYLON,BOLSAS NYLON BASICO,BOLSA MULTIUSO,61282V26,2/6/2026,1
242 - UK - RECIFE 4 - 242,2 04 01 008645,CLUTCH PU 70590 V26,1,"37,18",119,"37,18",119,119,119,BMCG INDUSTRIA E COMERCIO DE COURO LTDA EPP,BMCG,UNCLE K,VERAO 2026,ACESSORIOS,ACESSORIOS,NACIONAL,PU,ACESSORIOS,CLUTCH,70590V26,2/2/2026,1
226 - UK - RECIFE - 226,2 04 01 008645,CLUTCH PU 70590 V26,1,"37,18",119,"37,18",119,119,119,BMCG INDUSTRIA E COMERCIO DE COURO LTDA EPP,BMCG,UNCLE K,VERAO 2026,ACESSORIOS,ACESSORIOS,NACIONAL,PU,ACESSORIOS,CLUTCH,70590V26,3/8/2026,1
242 - UK - RECIFE 4 - 242,2 04 01 008906,POCHETE NY SATIN 70359 I26,9,666,1971,74,219,219,219,BMCG INDUSTRIA E COMERCIO DE COURO LTDA EPP,BMCG,UNCLE K,INVERNO 2026,ACESSORIOS,ACESSORIOS,NACIONAL,SATIN,ACESSORIOS,POCHETE,70359I26,3/16/2026,1
242 - UK - RECIFE 4 - 242,2 04 01 008905,DOLEIRA NY SATIN 70578 I26,9,333,1071,37,119,119,119,BMCG INDUSTRIA E COMERCIO DE COURO LTDA EPP,BMCG,UNCLE K,INVERNO 2026,ACESSORIOS,ACESSORIOS,NACIONAL,SATIN,ACESSORIOS,DOLEIRA,70578I26,3/16/2026,1
242 - UK - RECIFE 4 - 242,2 04 01 008905,DOLEIRA NY SATIN 70578 I26,2,74,238,37,119,119,119,BMCG INDUSTRIA E COMERCIO DE COURO LTDA EPP,BMCG,UNCLE K,INVERNO 2026,ACESSORIOS,ACESSORIOS,NACIONAL,SATIN,ACESSORIOS,DOLEIRA,70578I26,3/17/2026,1
242 - UK - RECIFE 4 - 242,2 01 03 008667,BOLSA COURO 61379 V26,2,"352,28",1138,"176,14",569,569,569,BMCG INDUSTRIA E COMERCIO DE COURO LTDA EPP,BMCG,UNCLE K,VERAO 2026,BOLSAS,BOLSA COURO,NACIONAL,COURO,BOLSAS COURO,BOLSA MULTIUSO,61379V26,12/17/2025,1
226 - UK - RECIFE - 226,2 04 13 008679,NECESSAIRE COURO 70419 V26,1,"40,6",119,"40,6",119,119,119,BMCG INDUSTRIA E COMERCIO DE COURO LTDA EPP,BMCG,UNCLE K,VERAO 2026,ACESSORIOS,NECESSAIRES,NACIONAL,COURO,NECESSAIRES,NECESSAIRE,70419V26,3/18/2026,1
240 - UK - RECIFE 3 - 240,2 03 10 008675,MOCHILA COURO 61100 V26,2,"542,72",1638,"271,36",819,819,819,BMCG INDUSTRIA E COMERCIO DE COURO LTDA EPP,BMCG,UNCLE K,VERAO 2026,MOCHILAS,MOCHILA COURO,NACIONAL,COURO,MOCHILAS/MALAS,MOCHILA,61100V26,12/17/2025,1
240 - UK - RECIFE 3 - 240,2 01 03 008721,BOLSA COURO 61398 V26,2,334,1118,167,559,559,559,BMCG INDUSTRIA E COMERCIO DE COURO LTDA EPP,BMCG,UNCLE K,VERAO 2026,BOLSAS,BOLSA COURO,NACIONAL,COURO,BOLSAS COURO,BOLSA MULTIUSO,61398V26,12/10/2025,1
238 - UK - RECIFE 2 - 238,2 01 03 008670,BOLSA COURO 61400 V26,1,"165,44",499,"165,44",499,499,499,BMCG INDUSTRIA E COMERCIO DE COURO LTDA EPP,BMCG,UNCLE K,VERAO 2026,BOLSAS,BOLSA COURO,NACIONAL,COURO,BOLSAS COURO,BOLSA TRANSPASSE,61400V26,9/2/2025,1
226 - UK - RECIFE - 226,2 01 03 008514,BOLSA COURO 61063 I25,1,"141,41",349,"141,41",459,349,459,BMCG INDUSTRIA E COMERCIO DE COURO LTDA EPP,BMCG,UNCLE K,INVERNO 2025,BOLSAS,BOLSA COURO,NACIONAL,COURO,BOLSAS COURO,BOLSA MULTIUSO,61063I25,8/26/2025,1
226 - UK - RECIFE - 226,2 03 10 008565,MOCHILA COURO 61064 I25,2,"521,34",1598,"260,67",799,799,799,BMCG INDUSTRIA E COMERCIO DE COURO LTDA EPP,BMCG,UNCLE K,INVERNO 2025,MOCHILAS,MOCHILA COURO,NACIONAL,COURO,MOCHILAS BASICAS,MOCHILA,61064I25,4/2/2025,1
240 - UK - RECIFE 3 - 240,2 04 13 008446,NECESSAIRE SINTETICO 70266 V25,1,"30,8",69,"30,8",99,69,99,BMCG INDUSTRIA E COMERCIO DE COURO LTDA EPP,BMCG,UNCLE K,VERAO 2025,ACESSORIOS,NECESSAIRES,NACIONAL,SINTETICO,NECESSAIRES,NECESSAIRE,70266ST,10/11/2025,1
242 - UK - RECIFE 4 - 242,2 02 18 008762,TENIS COURO RELAX V26,1,134,419,134,419,419,419,BNM INDUSTRIA DE CALCADOS LTDA - ME,BNM,UNCLE K,VERAO 2026,CALCADOS,TENIS,NACIONAL,COURO,CALCADOS,TENIS,RELAXV26,10/24/2025,1
238 - UK - RECIFE 2 - 238,2 02 18 008762,TENIS COURO RELAX V26,1,134,419,134,419,419,419,BNM INDUSTRIA DE CALCADOS LTDA - ME,BNM,UNCLE K,VERAO 2026,CALCADOS,TENIS,NACIONAL,COURO,CALCADOS,TENIS,RELAXV26,1/29/2026,1
226 - UK - RECIFE - 226,2 02 18 008762,TENIS COURO RELAX V26,2,268,838,134,419,419,419,BNM INDUSTRIA DE CALCADOS LTDA - ME,BNM,UNCLE K,VERAO 2026,CALCADOS,TENIS,NACIONAL,COURO,CALCADOS,TENIS,RELAXV26,3/9/2026,1
238 - UK - RECIFE 2 - 238,2 02 18 008624,TENIS COURO RELAX I25,1,131,419,131,419,419,419,BNM INDUSTRIA DE CALCADOS LTDA - ME,BNM,UNCLE K,INVERNO 2025,CALCADOS,TENIS,NACIONAL,COURO,CALCADOS,TENIS,RELAXI25,2/11/2026,1
226 - UK - RECIFE - 226,2 02 18 008624,TENIS COURO RELAX I25,1,131,419,131,419,419,419,BNM INDUSTRIA DE CALCADOS LTDA - ME,BNM,UNCLE K,INVERNO 2025,CALCADOS,TENIS,NACIONAL,COURO,CALCADOS,TENIS,RELAXI25,8/6/2025,1
242 - UK - RECIFE 4 - 242,2 02 15 008761,SANDALIA COURO BINGO V26,1,115,379,115,379,379,379,BNM INDUSTRIA DE CALCADOS LTDA - ME,BNM,UNCLE K,VERAO 2026,CALCADOS,SANDALIA,NACIONAL,COURO,CALCADOS,SANDALIA SALTO,BINGOV26,1/23/2026,1
242 - UK - RECIFE 4 - 242,2 02 15 008761,SANDALIA COURO BINGO V26,1,115,379,115,379,379,379,BNM INDUSTRIA DE CALCADOS LTDA - ME,BNM,UNCLE K,VERAO 2026,CALCADOS,SANDALIA,NACIONAL,COURO,CALCADOS,SANDALIA SALTO,BINGOV26,12/26/2025,1
226 - UK - RECIFE - 226,2 02 15 008877,SANDALIA COURO RIFT I26,2,232,758,116,379,379,379,BNM INDUSTRIA DE CALCADOS LTDA - ME,BNM,UNCLE K,INVERNO 2026,CALCADOS,SANDALIA,NACIONAL,COURO,CALCADOS,SANDALIA SALTO,RIFTI26,3/8/2026,1
238 - UK - RECIFE 2 - 238,2 02 15 008877,SANDALIA COURO RIFT I26,1,116,379,116,379,379,379,BNM INDUSTRIA DE CALCADOS LTDA - ME,BNM,UNCLE K,INVERNO 2026,CALCADOS,SANDALIA,NACIONAL,COURO,CALCADOS,SANDALIA SALTO,RIFTI26,3/16/2026,1
226 - UK - RECIFE - 226,2 02 15 008743,SANDALIA COURO NIMES V26,2,230,758,115,379,379,379,BNM INDUSTRIA DE CALCADOS LTDA - ME,BNM,UNCLE K,VERAO 2026,CALCADOS,SANDALIA,NACIONAL,COURO,CALCADOS,SANDALIA SALTO,NIMESV26,3/12/2026,1
238 - UK - RECIFE 2 - 238,2 02 15 008742,SANDALIA COURO BILLY V26,2,220,558,110,359,279,359,BNM INDUSTRIA DE CALCADOS LTDA - ME,BNM,UNCLE K,VERAO 2026,CALCADOS,SANDALIA,NACIONAL,COURO,CALCADOS,SANDALIA SALTO,BILLYV26,2/26/2026,1
242 - UK - RECIFE 4 - 242,2 02 17 007996,SAPATO SALTO COURO NIKKO V24,1,"115,9",229,"115,9",359,229,359,BNM INDUSTRIA DE CALCADOS LTDA - ME,BNM,UNCLE K,VERAO 2024,CALCADOS,SAPATO,NACIONAL,COURO,CALCADOS,SAPATO SALTO,NIKKOV24,3/5/2024,1
238 - UK - RECIFE 2 - 238,2 02 18 006701,TENIS COURO RELAX,1,"85,73",389,"85,73",389,389,289,BNM INDUSTRIA DE CALCADOS LTDA - ME,BNM,UNCLE K,INVERNO 2020,CALCADOS,TENIS,NACIONAL,COURO,CALCADOS,TENIS,RELAX,3/2/2026,1
226 - UK - RECIFE - 226,2 04 01 006252,CHAPEU FITA 70149V19,4,128,276,32,99,69,99,NICE BAG INDUSTRIA DE BOLSAS E ACESSORIOS LTDA,NICE BAG,UNCLE K,VERAO 2019,ACESSORIOS,ACESSORIOS,IMPORTADO,FITA,ACESSORIOS,CHAPEU,70149V19,1/27/2025,1
226 - UK - RECIFE - 226,2 02 17 008324,MOCASSIM COURO UNO V25,1,"121,8",399,"121,8",399,399,399,GRULLER & CASTRO LTDA - ME,GRULLER,UNCLE K,VERAO 2025,CALCADOS,SAPATO,NACIONAL,COURO,CALCADOS,MOCASSIM,UNOV25,8/13/2025,1
226 - UK - RECIFE - 226,2 02 17 008612,SAPATO COURO YORK I25,1,132,429,132,429,429,429,GRULLER & CASTRO LTDA - ME,GRULLER,UNCLE K,INVERNO 2025,CALCADOS,SAPATO SALTO,NACIONAL,COURO,CALCADOS,SAPATO SALTO,YORKI25,3/6/2026,1
238 - UK - RECIFE 2 - 238,2 02 17 007716,MOCASSIM COURO NEON I23,1,99,199,99,359,199,359,GRULLER & CASTRO LTDA - ME,GRULLER,UNCLE K,INVERNO 2023,CALCADOS,SAPATO,NACIONAL,COURO,CALCADOS,MOCASSIM,NEONI23,10/19/2023,1
226 - UK - RECIFE - 226,02 0000006,MATERIAL CONSUMO TNT,400,,,,,0,,DEM BAS EMBALAGENS LTDA - EPP,DEMBAS,,,,,,,,,,3/10/2026,1
242 - UK - RECIFE 4 - 242,2 02 15 007981,SANDALIA NOBUCK VEGGIE DINA V24,1,87,149,87,289,149,289,CAMILA FERRAZ IND. E COM. DE CALCADOS LTDA - EPP,CAMILA FERRAZ - CALCADOS BERVAL,UNCLE K,VERAO 2024,CALCADOS,SANDALIA,NACIONAL,SINTETICO,CALCADOS,SANDALIA SALTO,DINAV24,8/11/2023,1
242 - UK - RECIFE 4 - 242,2 02 15 007122,SANDALIA SINTETICO SULA V22,1,"71,5",59,"71,5",229,59,229,CAMILA FERRAZ IND. E COM. DE CALCADOS LTDA - EPP,CAMILA FERRAZ - CALCADOS BERVAL,UNCLE K,ANTIGA,CALCADOS,SANDALIA,NACIONAL,SINTETICO,CALCADOS,SANDALIA PLATAFORMA ,SULA V22,10/30/2023,1
242 - UK - RECIFE 4 - 242,02 000002,MATERIAL CONSUMO SACOLA UNCLE K OFF SET,300,,,,,0,,GREENPACK ACABAMENTOS GRAFICOS LTDA. - ME,BLUE PACK,,,,,,,,,,3/11/2026,1
238 - UK - RECIFE 2 - 238,02 000002,MATERIAL CONSUMO SACOLA UNCLE K OFF SET,400,1412,,"3,53",,0,,GREENPACK ACABAMENTOS GRAFICOS LTDA. - ME,BLUE PACK,,,,,,,,,,3/10/2026,1
226 - UK - RECIFE - 226,2 02 15 008011,SANDALIA NAPA VEGGIE TRAMA V24,1,144,199,144,449,199,449,BELLE MODAS IND. E  COM. CALCADOS LTDA,ANA AGUIAR,UNCLE K,VERAO 2024,CALCADOS,SANDALIA,NACIONAL,NAPA VEGGIE,CALCADOS,PLATAFORMA,TRAMAV24,11/9/2023,1
242 - UK - RECIFE 4 - 242,2 04 01 008714,DOLEIRA NY ESTAMPADO 70544 V26,1,32,99,32,99,99,99,"CAJU BOLSAS, SAPATOS E ACESSORIOS LTDA.",OPERA - TARSILA,UNCLE K,VERAO 2026,ACESSORIOS,ACESSORIOS,NACIONAL,NYLON ESTAMPADO,ACESSORIOS,DOLEIRA,70544V26,2/27/2026,1
238 - UK - RECIFE 2 - 238,2 01 05 008708,BOLSA PU 61374 V26,1,"79,9",259,"79,9",259,259,259,"CAJU BOLSAS, SAPATOS E ACESSORIOS LTDA.",OPERA - TARSILA,UNCLE K,VERAO 2026,BOLSAS,BOLSA OUTROS,NACIONAL,PU,BOLSAS PU,BOLSA TRANSPASSE,61374V26,10/24/2025,1
240 - UK - RECIFE 3 - 240,2 01 05 008700,BOLSA NY SATIN 61217 V26,3,408,1347,136,449,449,449,"CAJU BOLSAS, SAPATOS E ACESSORIOS LTDA.",OPERA - TARSILA,UNCLE K,VERAO 2026,BOLSAS,BOLSA OUTROS,NACIONAL,SATIN,BOLSAS ESPECIAIS,BOLSA MULTIUSO,61217V26,1/26/2026,1
238 - UK - RECIFE 2 - 238,2 01 05 008700,BOLSA NY SATIN 61217 V26,2,272,898,136,449,449,449,"CAJU BOLSAS, SAPATOS E ACESSORIOS LTDA.",OPERA - TARSILA,UNCLE K,VERAO 2026,BOLSAS,BOLSA OUTROS,NACIONAL,SATIN,BOLSAS ESPECIAIS,BOLSA MULTIUSO,61217V26,12/27/2025,1
226 - UK - RECIFE - 226,2 01 05 008700,BOLSA NY SATIN 61217 V26,1,136,449,136,449,449,449,"CAJU BOLSAS, SAPATOS E ACESSORIOS LTDA.",OPERA - TARSILA,UNCLE K,VERAO 2026,BOLSAS,BOLSA OUTROS,NACIONAL,SATIN,BOLSAS ESPECIAIS,BOLSA MULTIUSO,61217V26,1/30/2026,1
240 - UK - RECIFE 3 - 240,2 01 03 008696,BOLSA COURO 61401 V26,1,122,429,122,429,429,429,"CAJU BOLSAS, SAPATOS E ACESSORIOS LTDA.",OPERA - TARSILA,UNCLE K,VERAO 2026,BOLSAS,BOLSA COURO,NACIONAL,COURO,BOLSAS COURO,BOLSA TRANSPASSE,61401V26,12/10/2025,1
226 - UK - RECIFE - 226,2 01 05 008964,BOLSA PU NOBUCK 61329 I26,3,240,837,80,279,279,279,"CAJU BOLSAS, SAPATOS E ACESSORIOS LTDA.",OPERA - TARSILA,UNCLE K,INVERNO 2026,BOLSAS,BOLSA OUTROS,NACIONAL,PU NOBUCK,BOLSAS PU,BOLSA MULTIUSO,61329I26,3/10/2026,1
226 - UK - RECIFE - 226,2 01 05 008963,BOLSA PU NOBUCK 61263 I26,1,"93,75",299,"93,75",299,299,299,"CAJU BOLSAS, SAPATOS E ACESSORIOS LTDA.",OPERA - TARSILA,UNCLE K,INVERNO 2026,BOLSAS,BOLSA OUTROS,NACIONAL,PU NOBUCK,BOLSAS PU,BOLSA OMBRO,61263I26,2/28/2026,1
238 - UK - RECIFE 2 - 238,2 01 05 008954,BOLSA NY SATIN 61441 I26,5,484,1595,"96,8",319,319,319,"CAJU BOLSAS, SAPATOS E ACESSORIOS LTDA.",OPERA - TARSILA,UNCLE K,INVERNO 2026,BOLSAS,BOLSA OUTROS,NACIONAL,SATIN,BOLSAS ESPECIAIS,BOLSA MULTIUSO,61441I26,3/18/2026,1
242 - UK - RECIFE 4 - 242,2 01 03 008938,BOLSA COURO 61107 I26,6,1125,3594,"187,5",599,599,599,"CAJU BOLSAS, SAPATOS E ACESSORIOS LTDA.",OPERA - TARSILA,UNCLE K,INVERNO 2026,BOLSAS,BOLSA COURO,NACIONAL,COURO,BOLSAS COURO,BOLSA MULTIUSO,61107I26,3/16/2026,1
242 - UK - RECIFE 4 - 242,2 01 03 008935,BOLSA COURO 61300 I26,6,1194,3594,199,599,599,599,"CAJU BOLSAS, SAPATOS E ACESSORIOS LTDA.",OPERA - TARSILA,UNCLE K,INVERNO 2026,BOLSAS,BOLSA COURO,NACIONAL,COURO,BOLSAS COURO,BOLSA TRANSPASSE,61300I26,3/16/2026,1
240 - UK - RECIFE 3 - 240,2 01 03 008650,BOLSA COURO 61386 V26,3,444,1497,148,499,499,499,"CAJU BOLSAS, SAPATOS E ACESSORIOS LTDA.",OPERA - TARSILA,UNCLE K,VERAO 2026,BOLSAS,BOLSA COURO,NACIONAL,COURO,BOLSAS COURO,BOLSA OMBRO,61386V26,12/10/2025,1
238 - UK - RECIFE 2 - 238,2 01 03 008691,BOLSA COURO 61387 V26,2,354,1178,177,589,589,589,"CAJU BOLSAS, SAPATOS E ACESSORIOS LTDA.",OPERA - TARSILA,UNCLE K,VERAO 2026,BOLSAS,BOLSA COURO,NACIONAL,COURO,BOLSAS COURO,BOLSA BAGUETE,61387V26,1/5/2026,1
226 - UK - RECIFE - 226,2 01 03 008649,BOLSA COURO 61385 V26,3,417,1497,139,499,499,499,"CAJU BOLSAS, SAPATOS E ACESSORIOS LTDA.",OPERA - TARSILA,UNCLE K,VERAO 2026,BOLSAS,BOLSA COURO,NACIONAL,COURO,BOLSAS COURO,BOLSA MULTIUSO,61385V26,12/15/2025,1
238 - UK - RECIFE 2 - 238,2 04 08 008583,CARTEIRA NY LISTRADO 70450 I25,2,90,238,45,159,119,159,"CAJU BOLSAS, SAPATOS E ACESSORIOS LTDA.",OPERA - TARSILA,UNCLE K,INVERNO 2025,ACESSORIOS,CARTEIRA NYLON,NACIONAL,NYLON LISTRADO,CARTEIRAS,CARTEIRA NYLON,70450I25,9/6/2025,1
238 - UK - RECIFE 2 - 238,2 01 05 008535,BOLSA PU SOFT 61287 I25,3,309,657,103,319,219,319,"CAJU BOLSAS, SAPATOS E ACESSORIOS LTDA.",OPERA - TARSILA,UNCLE K,INVERNO 2025,BOLSAS,BOLSA OUTROS,NACIONAL,PU SOFT,BOLSAS PU,BOLSA MULTIUSO,61287I25,9/13/2025,1
238 - UK - RECIFE 2 - 238,2 01 05 008526,BOLSA NY SATIN 61216 I25,1,85,299,85,349,299,349,"CAJU BOLSAS, SAPATOS E ACESSORIOS LTDA.",OPERA - TARSILA,UNCLE K,INVERNO 2025,BOLSAS,BOLSA OUTROS,NACIONAL,SATIN,BOLSAS ESPECIAIS,BOLSA TRANSPASSE,61216I25,11/28/2025,1
242 - UK - RECIFE 4 - 242,2 01 05 008521,BOLSA NY SATIN 61284 I25,3,384,1347,128,449,449,449,"CAJU BOLSAS, SAPATOS E ACESSORIOS LTDA.",OPERA - TARSILA,UNCLE K,INVERNO 2025,BOLSAS,BOLSA OUTROS,NACIONAL,SATIN,BOLSAS ESPECIAIS,BOLSA MULTIUSO,61284I25,8/22/2025,1
226 - UK - RECIFE - 226,2 01 05 008674,BOLSA PU 61265 V26,1,"61,5",219,"61,5",219,219,219,"CAJU BOLSAS, SAPATOS E ACESSORIOS LTDA.",OPERA - TARSILA,UNCLE K,VERAO 2026,BOLSAS,BOLSA OUTROS,NACIONAL,PU,BOLSAS PU,BOLSA TRANSPASSE,61265V26,2/2/2026,1
226 - UK - RECIFE - 226,2 01 05 008671,BOLSA PU 61397 V26,1,97,329,97,329,329,329,"CAJU BOLSAS, SAPATOS E ACESSORIOS LTDA.",OPERA - TARSILA,UNCLE K,VERAO 2026,BOLSAS,BOLSA OUTROS,NACIONAL,PU,BOLSAS PU,BOLSA OMBRO,61397V26,2/7/2026,1
238 - UK - RECIFE 2 - 238,2 01 05 008826,BOLSA PU 61415 B25,1,65,199,65,199,199,199,"CAJU BOLSAS, SAPATOS E ACESSORIOS LTDA.",OPERA - TARSILA,UNCLE K,VERAO 2026,BOLSAS,BOLSA OUTROS,NACIONAL,PU,BOLSAS PU,BOLSA TRANSPASSE,61415B25,3/18/2026,1
238 - UK - RECIFE 2 - 238,2 01 03 008515,BOLSA COURO 61299 I25,1,190,529,190,699,529,699,"CAJU BOLSAS, SAPATOS E ACESSORIOS LTDA.",OPERA - TARSILA,UNCLE K,INVERNO 2025,BOLSAS,BOLSA COURO,NACIONAL,COURO,BOLSAS COURO,BOLSA OMBRO,61299I25,5/2/2025,1
240 - UK - RECIFE 3 - 240,2 04 08 008727,CARTEIRA NY ESTAMPADO 70450 V26,3,138,477,46,159,159,159,"CAJU BOLSAS, SAPATOS E ACESSORIOS LTDA.",OPERA - TARSILA,UNCLE K,VERAO 2026,ACESSORIOS,CARTEIRA NYLON,NACIONAL,NYLON ESTAMPADO,CARTEIRAS,CARTEIRA NYLON,70450V26,12/10/2025,1
226 - UK - RECIFE - 226,2 01 05 008258,BOLSA SINTETICO 61263 V25,1,78,289,78,289,289,289,"CAJU BOLSAS, SAPATOS E ACESSORIOS LTDA.",OPERA - TARSILA,UNCLE K,VERAO 2025,BOLSAS,BOLSA OUTROS,NACIONAL,SINTETICO YORK,BOLSAS PU,BOLSA OMBRO,61263V25,9/29/2025,1
226 - UK - RECIFE - 226,2 04 13 008729,NECESSAIRE CRISTAL/ESTAMPA 70600 V26,3,"109,5",387,"36,5",129,129,129,"CAJU BOLSAS, SAPATOS E ACESSORIOS LTDA.",OPERA - TARSILA,UNCLE K,VERAO 2026,ACESSORIOS,NECESSAIRES,NACIONAL,CRISTAL/NY ESTAMPADO,NECESSAIRES,NECESSAIRE,70600V26,3/1/2026,1
226 - UK - RECIFE - 226,2 01 05 007383,BOLSA LONA 60909 I22,1,74,159,74,239,159,239,"CAJU BOLSAS, SAPATOS E ACESSORIOS LTDA.",OPERA - TARSILA,UNCLE K,INVERNO 2022,BOLSAS,BOLSA OUTROS,NACIONAL,LONA,BOLSAS ESPECIAIS,BOLSA TRANSPASSE,60909I22,3/6/2026,1
242 - UK - RECIFE 4 - 242,2 03 11 007134,MOCHILA NYLON MATELASSE 60802 V22,1,107,279,107,349,279,349,"CAJU BOLSAS, SAPATOS E ACESSORIOS LTDA.",OPERA - TARSILA,UNCLE K,VERAO 2022,MOCHILAS,MOCHILA NYLON,NACIONAL,NYLON MATELASSE,MOCHILAS/MALAS,MOCHILA,60802 V22,5/29/2023,1
226 - UK - RECIFE - 226,2 04 01 007165,PORTA CELULAR NYLON MATELASSE 70412 V22,1,37,119,37,119,119,119,"CAJU BOLSAS, SAPATOS E ACESSORIOS LTDA.",OPERA - TARSILA,UNCLE K,VERAO 2022,ACESSORIOS,ACESSORIOS,NACIONAL,NYLON MATELASSE,ACESSORIOS,PORTA CELULAR,70412 V22,2/8/2024,1
242 - UK - RECIFE 4 - 242,2 04 02 008056,COLAR METAL/RESINA CI24A I24,1,"25,5","44,5","25,5",89,"44,5",89,SRR COUTINHO COMERCIO DE BIJUTERIAS EM GERAL ME,SANDRA BIJOUX,UNCLE K,INVERNO 2024,ACESSORIOS,BIJUTERIA,NACIONAL,METAL/RESINA,BIJUTERIA,COLAR,CI24AI24,10/31/2024,1
226 - UK - RECIFE - 226,2 04 02 007484,CORDINHA PARA OCULOS FITA CV23D,7,"116,9",273,"16,7",59,39,59,SRR COUTINHO COMERCIO DE BIJUTERIAS EM GERAL ME,SANDRA BIJOUX,UNCLE K,VERAO 2023,ACESSORIOS,BIJUTERIA,NACIONAL,FITA,BIJUTERIA,CORDINHA PARA OCULOS,CV23D,1/9/2024,1
242 - UK - RECIFE 4 - 242,2 04 02 007960,COLAR RESINA CV24B V24,1,"25,6",39,"25,6",89,39,89,SRR COUTINHO COMERCIO DE BIJUTERIAS EM GERAL ME,SANDRA BIJOUX,UNCLE K,VERAO 2024,ACESSORIOS,BIJUTERIA,NACIONAL,RESINA,BIJUTERIA,COLAR,CV24BV24,5/13/2024,1
226 - UK - RECIFE - 226,2 04 02 007488,CORDINHA P/ OCULOS CORDA CV23H,2,"33,4",58,"16,7",59,29,59,SRR COUTINHO COMERCIO DE BIJUTERIAS EM GERAL ME,SANDRA BIJOUX,UNCLE K,VERAO 2023,ACESSORIOS,BIJUTERIA,NACIONAL,RESINA/CORDA,BIJUTERIA,COLAR,CV23H,12/6/2024,1
238 - UK - RECIFE 2 - 238,2 02 14 008757,RASTEIRA NOBUCK VEG OASIS V26,1,"59,9",199,"59,9",199,199,199,CALCADOS PERTHO LTDA-ME,NICOLLI ROSSETTI,UNCLE K,VERAO 2026,CALCADOS,SANDALIA  RASTEIRA,NACIONAL,NOBUCK VEGGIE,CALCADOS,RASTEIRA,OASISV26,3/13/2026,1
242 - UK - RECIFE 4 - 242,2 02 14 008757,RASTEIRA NOBUCK VEG OASIS V26,2,"119,8",398,"59,9",199,199,199,CALCADOS PERTHO LTDA-ME,NICOLLI ROSSETTI,UNCLE K,VERAO 2026,CALCADOS,SANDALIA  RASTEIRA,NACIONAL,NOBUCK VEGGIE,CALCADOS,RASTEIRA,OASISV26,1/15/2026,1
226 - UK - RECIFE - 226,2 02 14 008756,RASTEIRA NAPA VEG WOOD V26,2,82,298,41,149,149,149,CALCADOS PERTHO LTDA-ME,NICOLLI ROSSETTI,UNCLE K,VERAO 2026,CALCADOS,SANDALIA  RASTEIRA,NACIONAL,NAPA VEGGIE,CALCADOS,RASTEIRA,WOODV26,12/23/2025,1
240 - UK - RECIFE 3 - 240,2 02 14 008750,RASTEIRA NOBUCK VEG JARDIN V26,1,46,129,46,159,129,159,CALCADOS PERTHO LTDA-ME,NICOLLI ROSSETTI,UNCLE K,VERAO 2026,CALCADOS,SANDALIA  RASTEIRA,NACIONAL,NOBUCK VEGGIE,CALCADOS,RASTEIRA,JARDINV26,9/12/2025,1
226 - UK - RECIFE - 226,2 02 14 008775,RASTEIRA VEGGIE SPRING V26,1,"41,9",139,"41,9",139,139,139,CALCADOS PERTHO LTDA-ME,NICOLLI ROSSETTI,UNCLE K,VERAO 2026,CALCADOS,SANDALIA  RASTEIRA,NACIONAL,VEGGIE,CALCADOS,RASTEIRA,SPRINGV26,1/16/2026,1
242 - UK - RECIFE 4 - 242,2 02 14 008775,RASTEIRA VEGGIE SPRING V26,3,"125,7",417,"41,9",139,139,139,CALCADOS PERTHO LTDA-ME,NICOLLI ROSSETTI,UNCLE K,VERAO 2026,CALCADOS,SANDALIA  RASTEIRA,NACIONAL,VEGGIE,CALCADOS,RASTEIRA,SPRINGV26,1/23/2026,1
238 - UK - RECIFE 2 - 238,2 02 14 008774,RASTEIRA CAMURCA VEG CINQ V26,4,"159,6",556,"39,9",139,139,139,CALCADOS PERTHO LTDA-ME,NICOLLI ROSSETTI,UNCLE K,VERAO 2026,CALCADOS,SANDALIA  RASTEIRA,NACIONAL,CAMURCA VEGGIE,CALCADOS,RASTEIRA,CINQV26,12/23/2025,1
226 - UK - RECIFE - 226,2 02 14 008770,RASTEIRA NOBUCK VEG VERT V26,1,55,189,55,189,189,189,CALCADOS PERTHO LTDA-ME,NICOLLI ROSSETTI,UNCLE K,VERAO 2026,CALCADOS,SANDALIA  RASTEIRA,NACIONAL,NOBUCK VEGGIE,CALCADOS,RASTEIRA,VERTV26,3/13/2026,1
240 - UK - RECIFE 3 - 240,2 02 16 008739,SAPATILHA NOBUCK VEG BOTANIK V26,1,53,139,53,179,139,179,CALCADOS PERTHO LTDA-ME,NICOLLI ROSSETTI,UNCLE K,VERAO 2026,CALCADOS,SAPATILHA,NACIONAL,NOBUCK VEGGIE,CALCADOS,SAPATILHA,BOTANIKV26,9/17/2025,1
238 - UK - RECIFE 2 - 238,2 02 16 008739,SAPATILHA NOBUCK VEG BOTANIK V26,1,53,139,53,179,139,179,CALCADOS PERTHO LTDA-ME,NICOLLI ROSSETTI,UNCLE K,VERAO 2026,CALCADOS,SAPATILHA,NACIONAL,NOBUCK VEGGIE,CALCADOS,SAPATILHA,BOTANIKV26,10/25/2025,1
226 - UK - RECIFE - 226,2 02 15 008870,PAPETE ELASTICO LAND I26,12,912,3108,76,259,259,259,CALCADOS PERTHO LTDA-ME,NICOLLI ROSSETTI,UNCLE K,INVERNO 2026,CALCADOS,SANDALIA,NACIONAL,ELASTICO,CALCADOS,PAPETE,LANDI26,2/11/2026,1
242 - UK - RECIFE 4 - 242,2 02 15 008870,PAPETE ELASTICO LAND I26,1,76,259,76,259,259,259,CALCADOS PERTHO LTDA-ME,NICOLLI ROSSETTI,UNCLE K,INVERNO 2026,CALCADOS,SANDALIA,NACIONAL,ELASTICO,CALCADOS,PAPETE,LANDI26,3/13/2026,1
242 - UK - RECIFE 4 - 242,2 02 15 008870,PAPETE ELASTICO LAND I26,2,152,518,76,259,259,259,CALCADOS PERTHO LTDA-ME,NICOLLI ROSSETTI,UNCLE K,INVERNO 2026,CALCADOS,SANDALIA,NACIONAL,ELASTICO,CALCADOS,PAPETE,LANDI26,3/3/2026,1
240 - UK - RECIFE 3 - 240,2 02 15 008870,PAPETE ELASTICO LAND I26,1,76,259,76,259,259,259,CALCADOS PERTHO LTDA-ME,NICOLLI ROSSETTI,UNCLE K,INVERNO 2026,CALCADOS,SANDALIA,NACIONAL,ELASTICO,CALCADOS,PAPETE,LANDI26,3/9/2026,1
226 - UK - RECIFE - 226,2 02 15 008868,RASTEIRA NAPA VEG IKEBANA I26,4,184,636,46,159,159,159,CALCADOS PERTHO LTDA-ME,NICOLLI ROSSETTI,UNCLE K,INVERNO 2026,CALCADOS,SANDALIA,NACIONAL,NAPA VEGGIE,CALCADOS,RASTEIRA,IKEBANAI26,3/17/2026,1
240 - UK - RECIFE 3 - 240,2 02 15 008869,RASTEIRA NOBUCK VEG SPIDER I26,4,248,796,62,199,199,199,CALCADOS PERTHO LTDA-ME,NICOLLI ROSSETTI,UNCLE K,INVERNO 2026,CALCADOS,SANDALIA,NACIONAL,NOBUCK VEGGIE,CALCADOS,RASTEIRA,SPIDERI26,3/13/2026,1
226 - UK - RECIFE - 226,2 02 15 008869,RASTEIRA NOBUCK VEG SPIDER I26,2,124,398,62,199,199,199,CALCADOS PERTHO LTDA-ME,NICOLLI ROSSETTI,UNCLE K,INVERNO 2026,CALCADOS,SANDALIA,NACIONAL,NOBUCK VEGGIE,CALCADOS,RASTEIRA,SPIDERI26,3/15/2026,1
226 - UK - RECIFE - 226,2 02 15 008869,RASTEIRA NOBUCK VEG SPIDER I26,1,62,199,62,199,199,199,CALCADOS PERTHO LTDA-ME,NICOLLI ROSSETTI,UNCLE K,INVERNO 2026,CALCADOS,SANDALIA,NACIONAL,NOBUCK VEGGIE,CALCADOS,RASTEIRA,SPIDERI26,3/10/2026,1
226 - UK - RECIFE - 226,2 02 15 008869,RASTEIRA NOBUCK VEG SPIDER I26,8,496,1592,62,199,199,199,CALCADOS PERTHO LTDA-ME,NICOLLI ROSSETTI,UNCLE K,INVERNO 2026,CALCADOS,SANDALIA,NACIONAL,NOBUCK VEGGIE,CALCADOS,RASTEIRA,SPIDERI26,2/11/2026,1
238 - UK - RECIFE 2 - 238,2 02 15 008869,RASTEIRA NOBUCK VEG SPIDER I26,2,124,398,62,199,199,199,CALCADOS PERTHO LTDA-ME,NICOLLI ROSSETTI,UNCLE K,INVERNO 2026,CALCADOS,SANDALIA,NACIONAL,NOBUCK VEGGIE,CALCADOS,RASTEIRA,SPIDERI26,3/18/2026,1
226 - UK - RECIFE - 226,2 02 15 008868,RASTEIRA NAPA VEG IKEBANA I26,2,92,318,46,159,159,159,CALCADOS PERTHO LTDA-ME,NICOLLI ROSSETTI,UNCLE K,INVERNO 2026,CALCADOS,SANDALIA,NACIONAL,NAPA VEGGIE,CALCADOS,RASTEIRA,IKEBANAI26,3/8/2026,1
242 - UK - RECIFE 4 - 242,2 02 15 008868,RASTEIRA NAPA VEG IKEBANA I26,2,92,318,46,159,159,159,CALCADOS PERTHO LTDA-ME,NICOLLI ROSSETTI,UNCLE K,INVERNO 2026,CALCADOS,SANDALIA,NACIONAL,NAPA VEGGIE,CALCADOS,RASTEIRA,IKEBANAI26,2/24/2026,1
226 - UK - RECIFE - 226,2 02 15 008868,RASTEIRA NAPA VEG IKEBANA I26,2,92,318,46,159,159,159,CALCADOS PERTHO LTDA-ME,NICOLLI ROSSETTI,UNCLE K,INVERNO 2026,CALCADOS,SANDALIA,NACIONAL,NAPA VEGGIE,CALCADOS,RASTEIRA,IKEBANAI26,3/15/2026,1
242 - UK - RECIFE 4 - 242,2 04 07 008978,CARTEIRA COURO 70499 I26,9,"490,5",1521,"54,5",169,169,169,MARJU INDUSTRIA E COMERCIO DE COURO EIRELI,MARJU,UNCLE K,INVERNO 2026,ACESSORIOS,CARTEIRA COURO,NACIONAL,COURO,CARTEIRAS,CARTEIRA COURO,70499I26,3/5/2026,1
242 - UK - RECIFE 4 - 242,2 04 01 008657,PORTA FONE COURO 70592 V26,2,"56,56",138,"28,28",89,69,89,MARJU INDUSTRIA E COMERCIO DE COURO EIRELI,MARJU,UNCLE K,VERAO 2026,ACESSORIOS,ACESSORIOS,NACIONAL,COURO,ACESSORIOS,PORTA FONE,70592V26,11/12/2025,1
240 - UK - RECIFE 3 - 240,2 04 01 008657,PORTA FONE COURO 70592 V26,1,"28,28",69,"28,28",89,69,89,MARJU INDUSTRIA E COMERCIO DE COURO EIRELI,MARJU,UNCLE K,VERAO 2026,ACESSORIOS,ACESSORIOS,NACIONAL,COURO,ACESSORIOS,PORTA FONE,70592V26,10/15/2025,1
242 - UK - RECIFE 4 - 242,2 04 01 008640,PORTA PASSAPORTE COURO 70350 V26,1,53,119,53,159,119,159,MARJU INDUSTRIA E COMERCIO DE COURO EIRELI,MARJU,UNCLE K,VERAO 2026,ACESSORIOS,ACESSORIOS,NACIONAL,COURO,ACESSORIOS,PORTA PASSAPORTE,70350V26,12/27/2025,1
242 - UK - RECIFE 4 - 242,2 04 07 008702,CARTEIRA COURO 70499 V26,1,"52,86",169,"52,86",169,169,169,MARJU INDUSTRIA E COMERCIO DE COURO EIRELI,MARJU,UNCLE K,VERAO 2026,ACESSORIOS,CARTEIRA COURO,NACIONAL,COURO,CARTEIRAS,CARTEIRA COURO,70499V26,2/6/2026,1
238 - UK - RECIFE 2 - 238,2 03 10 007754,MOCHILA COURO 61064 I23,1,"222,14",799,"222,14",799,799,799,MARJU INDUSTRIA E COMERCIO DE COURO EIRELI,MARJU,UNCLE K,INVERNO 2023,MOCHILAS,MOCHILA COURO,NACIONAL,COURO,MOCHILAS BASICAS,MOCHILA,61064I23,3/29/2023,1
240 - UK - RECIFE 3 - 240,2 04 01 007587,PORTA CARTAO COURO 70459,6,96,234,16,79,39,79,MARJU INDUSTRIA E COMERCIO DE COURO EIRELI,MARJU,UNCLE K,VERAO 2023,ACESSORIOS,ACESSORIOS,NACIONAL,COURO,MASCULINO,PORTA CARTAO,70459V23,3/5/2026,1
226 - UK - RECIFE - 226,2 04 07 008203,CARTEIRA COURO 70377 I24,1,"34,9",119,"34,9",119,119,119,MARJU INDUSTRIA E COMERCIO DE COURO EIRELI,MARJU,UNCLE K,INVERNO 2024,ACESSORIOS,CARTEIRA COURO,NACIONAL,COURO,MASCULINO,CARTEIRA MASCULINA,70377I24,2/25/2026,1
242 - UK - RECIFE 4 - 242,2 04 01 007605,CINTO COURO/ELASTICO 70367 V23,2,"59,8",78,"29,9",109,39,99,MARJU INDUSTRIA E COMERCIO DE COURO EIRELI,MARJU,UNCLE K,VERAO 2023,ACESSORIOS,ACESSORIOS,NACIONAL,COURO/ELASTICO,ACESSORIOS,CINTO,70367V23,3/19/2024,1
238 - UK - RECIFE 2 - 238,2 03 11 007979,MOCHILA NYLON BUK V24,2,264,1058,132,529,529,529,MARJU INDUSTRIA E COMERCIO DE COURO EIRELI,MARJU,UNCLE K,VERAO 2024,MOCHILAS,MOCHILA NYLON,NACIONAL,NYLON,MOCHILAS BASICAS,MOCHILA,BUKNYLONV24,7/27/2023,1
226 - UK - RECIFE - 226,2 02 06 007719,GALOCHA BORRACHA MONSOON I23,1,87,199,87,299,199,299,MOULD IND. DE MATRIZES LTDA,CHERRY,UNCLE K,INVERNO 2023,CALCADOS,BOTA,NACIONAL,BORRACHA,CALCADOS,GALOCHA,MONSOONI23,3/6/2026,1
242 - UK - RECIFE 4 - 242,2 02 16 007413,SAPATILHA COURO BUBBLE V23,1,"56,9",99,"56,9",229,99,229,RC INDUSTRIA DE CALCADOS EIRELI,PRIMMA SCARPA,UNCLE K,VERAO 2023,CALCADOS,SAPATILHA,NACIONAL,COURO,CALCADOS,SAPATILHA,BUBBLEV23,12/12/2023,1
226 - UK - RECIFE - 226,2 02 15 008767,PAPETE NOBUCK VEG OPEN V26,1,90,329,90,329,329,329,INDUSTRIA E COMERCIO DE CALCADOS S SANTOS LTDA,SUZANA SANTOS,UNCLE K,VERAO 2026,CALCADOS,SANDALIA,NACIONAL,NOBUCK VEGGIE,CALCADOS,PAPETE,OPENV26,2/21/2026,1
240 - UK - RECIFE 3 - 240,2 02 15 008765,PAPETE TRAMA VEG KITTY V26,1,63,259,63,259,259,259,INDUSTRIA E COMERCIO DE CALCADOS S.SANTOS LTDA,RENATA MELLO,UNCLE K,VERAO 2026,CALCADOS,SANDALIA,NACIONAL,TRAMA VEGGIE,CALCADOS,PAPETE,KITTYV26,1/29/2026,1
238 - UK - RECIFE 2 - 238,2 02 15 008765,PAPETE TRAMA VEG KITTY V26,1,63,259,63,259,259,259,INDUSTRIA E COMERCIO DE CALCADOS S.SANTOS LTDA,RENATA MELLO,UNCLE K,VERAO 2026,CALCADOS,SANDALIA,NACIONAL,TRAMA VEGGIE,CALCADOS,PAPETE,KITTYV26,11/6/2025,1
226 - UK - RECIFE - 226,2 02 15 008165,ANABELA NOBUCK VEG NEW RAPHA I24,1,79,279,79,279,279,279,INDUSTRIA E COMERCIO DE CALCADOS S.SANTOS LTDA,RENATA MELLO,UNCLE K,INVERNO 2024,CALCADOS,SANDALIA,NACIONAL,NOBUCK VEGGIE,CALCADOS,ANABELA,NEWRAPHAI24,5/10/2024,1
242 - UK - RECIFE 4 - 242,2 02 15 008759,PLATAFORMA NOBUCK VEG FIL V26,1,76,329,76,329,329,329,INDUSTRIA E COMERCIO DE CALCADOS S.SANTOS LTDA,RENATA MELLO,UNCLE K,VERAO 2026,CALCADOS,SANDALIA,NACIONAL,NOBUCK VEGGIE,CALCADOS,PLATAFORMA,FILV26,10/3/2025,1
238 - UK - RECIFE 2 - 238,2 02 15 008849,RASTEIRA NAPA/CAMURCA VEG EMBAU V26,3,108,447,36,149,149,149,INDUSTRIA E COMERCIO DE CALCADOS S.SANTOS LTDA,RENATA MELLO,UNCLE K,ALTO VERAO 2026,CALCADOS,SANDALIA,NACIONAL,NAPA/CAMURCA VEGGIE,CALCADOS,RASTEIRA,EMBAUV26,3/2/2026,1
226 - UK - RECIFE - 226,2 02 15 008766,PLATAFORMA VEGGIE PAX V26,1,60,259,60,259,259,259,INDUSTRIA E COMERCIO DE CALCADOS S.SANTOS LTDA,RENATA MELLO,UNCLE K,VERAO 2026,CALCADOS,SANDALIA,NACIONAL,VEGGIE,CALCADOS,PLATAFORMA,PAXV26,11/11/2025,1
240 - UK - RECIFE 3 - 240,2 02 15 008849,RASTEIRA NAPA/CAMURCA VEG EMBAU V26,1,36,149,36,149,149,149,INDUSTRIA E COMERCIO DE CALCADOS S.SANTOS LTDA,RENATA MELLO,UNCLE K,ALTO VERAO 2026,CALCADOS,SANDALIA,NACIONAL,NAPA/CAMURCA VEGGIE,CALCADOS,RASTEIRA,EMBAUV26,3/2/2026,1
226 - UK - RECIFE - 226,2 02 15 008849,RASTEIRA NAPA/CAMURCA VEG EMBAU V26,2,72,298,36,149,149,149,INDUSTRIA E COMERCIO DE CALCADOS S.SANTOS LTDA,RENATA MELLO,UNCLE K,ALTO VERAO 2026,CALCADOS,SANDALIA,NACIONAL,NAPA/CAMURCA VEGGIE,CALCADOS,RASTEIRA,EMBAUV26,2/15/2026,1
238 - UK - RECIFE 2 - 238,2 02 15 008848,RASTEIRA NAPA/CAMURCA VEG MARAU V26,1,36,149,36,149,149,149,INDUSTRIA E COMERCIO DE CALCADOS S.SANTOS LTDA,RENATA MELLO,UNCLE K,ALTO VERAO 2026,CALCADOS,SANDALIA,NACIONAL,NAPA/CAMURCA VEGGIE,CALCADOS,RASTEIRA,MARAUV26,2/10/2026,1
238 - UK - RECIFE 2 - 238,2 02 15 008847,PAPETE NAPA/CAMURCA VEG GRUMARI V26,3,168,687,56,229,229,229,INDUSTRIA E COMERCIO DE CALCADOS S.SANTOS LTDA,RENATA MELLO,UNCLE K,ALTO VERAO 2026,CALCADOS,,NACIONAL,NAPA/CAMURCA VEGGIE,CALCADOS,PAPETE,GRUMARIV26,12/26/2025,1
238 - UK - RECIFE 2 - 238,2 02 14 008846,RASTEIRA CAMURCA VEGGIE ESPELHO V26,1,45,179,45,179,179,179,INDUSTRIA E COMERCIO DE CALCADOS S.SANTOS LTDA,RENATA MELLO,UNCLE K,ALTO VERAO 2026,CALCADOS,SANDALIA,NACIONAL,CAMURCA VEGGIE,CALCADOS,RASTEIRA,ESPELHOV26,2/5/2026,1
226 - UK - RECIFE - 226,2 02 14 008773,RASTEIRA NAPA VEG QUINTA V26,2,72,258,36,129,129,129,INDUSTRIA E COMERCIO DE CALCADOS S.SANTOS LTDA,RENATA MELLO,UNCLE K,VERAO 2026,CALCADOS,SANDALIA  RASTEIRA,NACIONAL,NAPA VEGGIE,CALCADOS,RASTEIRA,QUINTAV26,3/7/2026,1
242 - UK - RECIFE 4 - 242,2 02 18 008749,TENIS VEGGIE KA V26,1,84,349,84,349,349,349,INDUSTRIA E COMERCIO DE CALCADOS S.SANTOS LTDA,RENATA MELLO,UNCLE K,VERAO 2026,CALCADOS,TENIS,NACIONAL,VEGGIE,CALCADOS,TENIS,KAV26,12/1/2025,1
226 - UK - RECIFE - 226,2 02 15 008748,PLATAFORMA NOBUCK VEG MARIANA V26,2,168,658,84,329,329,329,INDUSTRIA E COMERCIO DE CALCADOS S.SANTOS LTDA,RENATA MELLO,UNCLE K,VERAO 2026,CALCADOS,SANDALIA,NACIONAL,NOBUCK VEGGIE,CALCADOS,PLATAFORMA,MARIANAV26,12/6/2025,1
226 - UK - RECIFE - 226,2 02 15 008748,PLATAFORMA NOBUCK VEG MARIANA V26,3,252,987,84,329,329,329,INDUSTRIA E COMERCIO DE CALCADOS S.SANTOS LTDA,RENATA MELLO,UNCLE K,VERAO 2026,CALCADOS,SANDALIA,NACIONAL,NOBUCK VEGGIE,CALCADOS,PLATAFORMA,MARIANAV26,1/24/2026,1
242 - UK - RECIFE 4 - 242,2 04 01 008038,KIT MEIAS ALGODAO HAPPY I24,1,"14,2",59,"14,2",59,59,59,BRICAM COMERCIO VAREJISTA DE ARTIGOS E PRODUTOS LTDA,BRICAM COMERCIO VAREJISTA DE ARTIGOS E P,UNCLE K,INVERNO 2024,ACESSORIOS,ACESSORIOS,NACIONAL,ALGODAO,ACESSORIOS,MEIA,KITHAPPYI24,2/12/2026,1
226 - UK - RECIFE - 226,2 02 18 008605,TENIS COURO RIO I25,6,894,2814,149,469,469,469,CALCADOS SHELTER INDUSTRIA E COMERCIA LTDA EPP,SHELTER,UNCLE K,INVERNO 2025,CALCADOS,TENIS,NACIONAL,COURO,CALCADOS,TENIS,RIOI25,3/25/2025,1
238 - UK - RECIFE 2 - 238,2 02 18 008605,TENIS COURO RIO I25,1,149,469,149,469,469,469,CALCADOS SHELTER INDUSTRIA E COMERCIA LTDA EPP,SHELTER,UNCLE K,INVERNO 2025,CALCADOS,TENIS,NACIONAL,COURO,CALCADOS,TENIS,RIOI25,8/12/2025,1
242 - UK - RECIFE 4 - 242,2 02 18 008605,TENIS COURO RIO I25,1,149,469,149,469,469,469,CALCADOS SHELTER INDUSTRIA E COMERCIA LTDA EPP,SHELTER,UNCLE K,INVERNO 2025,CALCADOS,TENIS,NACIONAL,COURO,CALCADOS,TENIS,RIOI25,3/26/2025,1
240 - UK - RECIFE 3 - 240,2 02 18 00818,TENIS COURO RIO I24,1,142,449,142,449,449,449,CALCADOS SHELTER INDUSTRIA E COMERCIA LTDA EPP,SHELTER,UNCLE K,INVERNO 2024,CALCADOS,TENIS,NACIONAL,COURO,CALCADOS,TENIS,RIOI24,3/18/2026,1
242 - UK - RECIFE 4 - 242,2 02 18 007306,TENIS KNIT,1,127,249,127,420,249,420,CALCADOS SHELTER INDUSTRIA E COMERCIA LTDA EPP,SHELTER,UNCLE K,INVERNO 2022,CALCADOS,TENIS,NACIONAL,KNIT,MASCULINO,TENIS,KNITI22,7/3/2025,1
242 - UK - RECIFE 4 - 242,2 02 18 007814,TENIS NEOPRENE NEO,3,"440,7",717,"146,9",489,239,489,CALCADOS SHELTER INDUSTRIA E COMERCIA LTDA EPP,SHELTER,UNCLE K,INVERNO 2023,CALCADOS,TENIS,NACIONAL,NEOPRENE,MASCULINO,TENIS,NEO,11/27/2025,1
226 - UK - RECIFE - 226,2 02 15 007253,CHINELO BORRACHA FLIP FLOP V22,4,"83,8",116,"20,95",59,29,59,BLUE INDUSTRIA E COMERCIO DE CALCADOS E EVA LTDA,BLUE SANDALIAS,UNCLE K,VERAO 2022,CALCADOS,SANDALIA  PLATAFORMA,NACIONAL,BORRACHA,CALCADOS,CHINELO,FLIP FLOP V22,12/9/2021,1
240 - UK - RECIFE 3 - 240,2 03 11 007926,MOCHILA NYLON BNT BUK V24,2,300,1098,150,549,549,549,BAG PLANET BOLSAS E ACESSORIOS LTDA,BAG PLANET BOLSAS E ACESSORIOS LTDA,UNCLE K,VERAO 2024,MOCHILAS,MOCHILA NYLON,IMPORTADO,NYLON BNT,MOCHILAS BASICAS,MOCHILA,BUKV24,2/6/2026,1
238 - UK - RECIFE 2 - 238,2 03 11 007975,MOCHILA NY RUBBER MINI BUK V24,1,130,299,130,499,299,499,BAG PLANET BOLSAS E ACESSORIOS LTDA,BAG PLANET BOLSAS E ACESSORIOS LTDA,UNCLE K,VERAO 2024,MOCHILAS,MOCHILA NYLON,IMPORTADO,NYLON EMBORRACHADO,MOCHILAS BASICAS,MOCHILA,MINIBUKRBV24,9/12/2025,1
238 - UK - RECIFE 2 - 238,2 03 11 007750,MOCHILA NYLON BNT BUK I23,2,300,1098,150,549,549,549,BAG PLANET BOLSAS E ACESSORIOS LTDA,BAG PLANET BOLSAS E ACESSORIOS LTDA,UNCLE K,INVERNO 2023,MOCHILAS,MOCHILA NYLON,IMPORTADO,NYLON BNT,MOCHILAS BASICAS,MOCHILA,205104I23,3/20/2025,1
240 - UK - RECIFE 3 - 240,2 03 11 007534,MOCHILA NYLON RUBBER 60981 V23,1,130,259,130,429,259,419,BAG PLANET BOLSAS E ACESSORIOS LTDA,BAG PLANET BOLSAS E ACESSORIOS LTDA,UNCLE K,VERAO 2023,MOCHILAS,MOCHILA NYLON,IMPORTADO,NYLON EMBORRACHADO,MOCHILAS/MALAS,MOCHILA,60981V23,8/21/2024,1
238 - UK - RECIFE 2 - 238,2 01 04 007473,BOLSA NYLON RUBBER 60956 V23,2,160,238,80,239,119,269,BAG PLANET BOLSAS E ACESSORIOS LTDA,BAG PLANET BOLSAS E ACESSORIOS LTDA,UNCLE K,VERAO 2023,BOLSAS,BOLSA NYLON,IMPORTADO,NYLON EMBORRACHADO,BOLSAS NYLON IMPORTADO,BOLSA TRANSPASSE,60956V23,12/18/2025,1
240 - UK - RECIFE 3 - 240,2 01 04 007472,BOLSA NYLON RUBBER 60955 V23,1,125,249,125,379,249,419,BAG PLANET BOLSAS E ACESSORIOS LTDA,BAG PLANET BOLSAS E ACESSORIOS LTDA,UNCLE K,VERAO 2023,BOLSAS,BOLSA NYLON,IMPORTADO,NYLON EMBORRACHADO,BOLSAS NYLON IMPORTADO,BOLSA TRANSPASSE,60955V23,3/9/2026,1
238 - UK - RECIFE 2 - 238,2 02 14 008752,RASTEIRA COURO SILVER V26,1,81,269,81,269,269,269,NIVAN CALCADOS LTDA,AYE AYE,UNCLE K,VERAO 2026,CALCADOS,SANDALIA  RASTEIRA,NACIONAL,COURO,CALCADOS,RASTEIRA,SILVERV26,9/2/2025,1
240 - UK - RECIFE 3 - 240,2 02 14 008752,RASTEIRA COURO SILVER V26,1,81,269,81,269,269,269,NIVAN CALCADOS LTDA,AYE AYE,UNCLE K,VERAO 2026,CALCADOS,SANDALIA  RASTEIRA,NACIONAL,COURO,CALCADOS,RASTEIRA,SILVERV26,12/26/2025,1
226 - UK - RECIFE - 226,2 02 14 008733,RASTEIRA COURO GOLDEN V26,1,84,269,84,269,269,269,NIVAN CALCADOS LTDA,AYE AYE,UNCLE K,VERAO 2026,CALCADOS,SANDALIA  RASTEIRA,NACIONAL,COURO,CALCADOS,RASTEIRA,GOLDENV26,2/27/2026,1
240 - UK - RECIFE 3 - 240,2 02 14 008769,RASTEIRA COURO RIVER V26,2,155,498,"77,5",249,249,249,NIVAN CALCADOS LTDA,AYE AYE,UNCLE K,VERAO 2026,CALCADOS,SANDALIA  RASTEIRA,NACIONAL,COURO,CALCADOS,RASTEIRA,RIVERV26,12/16/2025,1
226 - UK - RECIFE - 226,2 02 14 008769,RASTEIRA COURO RIVER V26,1,"77,5",249,"77,5",249,249,249,NIVAN CALCADOS LTDA,AYE AYE,UNCLE K,VERAO 2026,CALCADOS,SANDALIA  RASTEIRA,NACIONAL,COURO,CALCADOS,RASTEIRA,RIVERV26,12/16/2025,1
226 - UK - RECIFE - 226,2 02 15 008744,PAPETE COURO TIM V26,1,112,359,112,359,359,359,NIVAN CALCADOS LTDA,AYE AYE,UNCLE K,VERAO 2026,CALCADOS,SANDALIA,NACIONAL,NAPA VEGGIE,CALCADOS,PAPETE,TIMV26,11/14/2025,1
238 - UK - RECIFE 2 - 238,2 02 14 008598,RASTEIRA COURO SILVER I25,1,"79,7",269,"79,7",269,269,269,NIVAN CALCADOS LTDA,AYE AYE,UNCLE K,INVERNO 2025,CALCADOS,SANDALIA  RASTEIRA,NACIONAL,COURO,CALCADOS,RASTEIRA,SILVERI25,8/18/2025,1
238 - UK - RECIFE 2 - 238,2 04 01 008241,GARRAFA ALUMINIO ACQUA V25,4,"237,2",356,"59,3",199,89,199,SANTA CLARA BRINDES,SANTA CLARA BRINDES,UNCLE K,VERAO 2025,ACESSORIOS,ACESSORIOS,NACIONAL,ALUMINIO,ACESSORIOS,GARRAFA,ACQUAV25,3/2/2026,1
240 - UK - RECIFE 3 - 240,2 02 15 008361,PAPETE ELASTICO SERENA V25,1,"74,3",259,"74,3",259,259,249,CALCADOS R.M.S LTDA,RMS,UNCLE K,VERAO 2025,CALCADOS,SANDALIA,NACIONAL,ELASTICO,CALCADOS,PAPETE,SERENAV25,4/23/2025,1
242 - UK - RECIFE 4 - 242,2 02 15 007983,ANABELA LONA FRADE V24,1,123,159,123,399,159,399,NEW PORT IND. COM. IMP. E EXP DE CALCADOS LTDA,A3 ESPADRILLES,UNCLE K,VERAO 2024,CALCADOS,SANDALIA,NACIONAL,LONA,CALCADOS,ANABELA,FRADEV24,5/10/2025,1
242 - UK - RECIFE 4 - 242,2 01 04 008309,BOLSA NYLON BNT 61040 V25,2,206,798,103,439,399,439,TRUST - IMPORTACAO E EXPORTACAO EIRELI,TTL BRAZIL (DTX),UNCLE K,VERAO 2025,BOLSAS,BOLSA NYLON,IMPORTADO,NYLON BNT,BOLSAS NYLON IMPORTADO,BOLSA TRANSPASSE,61040BNTV25,9/11/2025,1
238 - UK - RECIFE 2 - 238,2 03 11 008301,MOCHILA NYLON BNT MINI BUK V25,1,124,499,124,499,499,499,TRUST - IMPORTACAO E EXPORTACAO EIRELI,TTL BRAZIL (DTX),UNCLE K,VERAO 2025,MOCHILAS,MOCHILA NYLON,IMPORTADO,NYLON BNT,MOCHILAS BASICAS,MOCHILA,MINIBUKBNTV25,3/2/2026,1
238 - UK - RECIFE 2 - 238,2 03 11 008302,MOCHILA NYLON BNT BUK V25,1,130,549,130,549,549,549,TRUST - IMPORTACAO E EXPORTACAO EIRELI,TTL BRAZIL (DTX),UNCLE K,VERAO 2025,MOCHILAS,MOCHILA NYLON,IMPORTADO,NYLON BNT,MOCHILAS BASICAS,MOCHILA,BUKBNTV25,7/31/2025,1
226 - UK - RECIFE - 226,2 02 15 008326,SANDALIA NEOPRENE MEDUSA V25,1,119,379,119,379,379,379,CALCADOS NATORE RAPERE LTDA,NATORE,UNCLE K,VERAO 2025,CALCADOS,SANDALIA,NACIONAL,NEOPRENE,CALCADOS,SANDALIA SALTO,MEDUSAV25,12/10/2024,1
242 - UK - RECIFE 4 - 242,2 02 15 008882,SANDALIA NEOPRENE MEDUSA I26,3,372,1197,124,399,399,399,CALCADOS NATORE RAPERE LTDA,NATORE,UNCLE K,INVERNO 2026,CALCADOS,SANDALIA,NACIONAL,NEOPRENE,CALCADOS,SANDALIA SALTO,MEDUSAI26,3/12/2026,1
238 - UK - RECIFE 2 - 238,2 04 01 008333,POCHETE KING RUBBER 70505 V25,2,160,558,80,279,279,279,ITIBAG COMERCIO DE BOLSAS E ACESSORIOS LTDA EPP,ITIBAG,UNCLE K,VERAO 2025,ACESSORIOS,ACESSORIOS,IMPORTADO,NYLON EMBORRACHADO,ACESSORIOS,POCHETE,70505V25,3/8/2025,1
238 - UK - RECIFE 2 - 238,2 04 01 008333,POCHETE KING RUBBER 70505 V25,3,240,837,80,279,279,279,ITIBAG COMERCIO DE BOLSAS E ACESSORIOS LTDA EPP,ITIBAG,UNCLE K,VERAO 2025,ACESSORIOS,ACESSORIOS,IMPORTADO,NYLON EMBORRACHADO,ACESSORIOS,POCHETE,70505V25,11/10/2025,1
242 - UK - RECIFE 4 - 242,2 03 11 008380,MOCHILA KING RUBBER 61047 V25,1,175,589,175,589,589,589,ITIBAG COMERCIO DE BOLSAS E ACESSORIOS LTDA EPP,ITIBAG,UNCLE K,VERAO 2025,MOCHILAS,MOCHILA NYLON,IMPORTADO,KING RUBBER,MOCHILAS/MALAS,MOCHILA,61047V25,2/14/2026,1
238 - UK - RECIFE 2 - 238,2 01 05 008534,BOLSA PU/NEOPRENE 61322 I25,1,145,339,145,499,339,499,SERRAMAR DISTRIBUIDORA LTDA,SERRAMAR,UNCLE K,INVERNO 2025,BOLSAS,BOLSA OUTROS,IMPORTADO,PU/NEOPRENE,BOLSAS PU,BOLSA TRANSPASSE,61322I25,5/19/2025,1
238 - UK - RECIFE 2 - 238,2 01 04 008549,BOLSA NY BNT 61144 I25,3,480,1737,160,579,579,579,SERRAMAR DISTRIBUIDORA LTDA,SERRAMAR,UNCLE K,INVERNO 2025,BOLSAS,BOLSA NYLON,IMPORTADO,NYLON BNT,BOLSAS NYLON IMPORTADO,BOLSA MULTIUSO,61144I25,4/22/2025,1
226 - UK - RECIFE - 226,2 01 04 008549,BOLSA NY BNT 61144 I25,1,160,579,160,579,579,579,SERRAMAR DISTRIBUIDORA LTDA,SERRAMAR,UNCLE K,INVERNO 2025,BOLSAS,BOLSA NYLON,IMPORTADO,NYLON BNT,BOLSAS NYLON IMPORTADO,BOLSA MULTIUSO,61144I25,1/16/2026,1
226 - UK - RECIFE - 226,2 03 11 008572,MOCHILA NY TWILL 61151 I25,3,435,1617,145,539,539,539,SERRAMAR DISTRIBUIDORA LTDA,SERRAMAR,UNCLE K,INVERNO 2025,MOCHILAS,MOCHILA NYLON,IMPORTADO,NYLON TWILL,MOCHILAS/MALAS,MOCHILA,61151I25,4/26/2025,1
238 - UK - RECIFE 2 - 238,2 03 11 008571,MOCHILA NY BNT 61048 I25,1,"188,69",569,"188,69",569,569,569,SERRAMAR DISTRIBUIDORA LTDA,SERRAMAR,UNCLE K,INVERNO 2025,MOCHILAS,MOCHILA NYLON,IMPORTADO,NYLON BNT,MOCHILAS/MALAS,MOCHILA,61048BNTI25,1/12/2026,1
240 - UK - RECIFE 3 - 240,2 04 02 008924,COLAR RESINA CI26J,8,208,712,26,89,89,89,BIJOU FASHION BIJOUTERIAS LTDA,BIJOU FASHION BIJOUTERIAS LTDA,UNCLE K,INVERNO 2026,ACESSORIOS,BIJUTERIA,NACIONAL,RESINA,BIJUTERIA,COLAR,CI26J,3/16/2026,1
242 - UK - RECIFE 4 - 242,2 04 02 008689,COLAR RESINA/CAMURCA CV26E,4,160,516,40,129,129,129,BIJOU FASHION BIJOUTERIAS LTDA,BIJOU FASHION BIJOUTERIAS LTDA,UNCLE K,VERAO 2026,ACESSORIOS,BIJUTERIA,NACIONAL,RESINA/CAMURCA,BIJUTERIA,COLAR,CV26EV26,3/10/2026,1
242 - UK - RECIFE 4 - 242,2 04 01 008658,ALCA CORDA 70603 V26,1,30,99,30,99,99,99,BIJOU FASHION BIJOUTERIAS LTDA,BIJOU FASHION BIJOUTERIAS LTDA,UNCLE K,VERAO 2026,ACESSORIOS,ACESSORIOS,NACIONAL,CORDA,ACESSORIOS,ALCA DE BOLSA,70603V26,2/9/2026,1
238 - UK - RECIFE 2 - 238,2 04 02 008646,COLAR CORDA/CRISTAL CV26A,3,114,387,38,129,129,129,BIJOU FASHION BIJOUTERIAS LTDA,BIJOU FASHION BIJOUTERIAS LTDA,UNCLE K,VERAO 2026,ACESSORIOS,BIJUTERIA,NACIONAL,CORDA/CRISTAIS,BIJUTERIA,COLAR,CV26AV26,3/20/2026,1
242 - UK - RECIFE 4 - 242,2 04 02 008646,COLAR CORDA/CRISTAL CV26A,1,38,129,38,129,129,129,BIJOU FASHION BIJOUTERIAS LTDA,BIJOU FASHION BIJOUTERIAS LTDA,UNCLE K,VERAO 2026,ACESSORIOS,BIJUTERIA,NACIONAL,CORDA/CRISTAIS,BIJUTERIA,COLAR,CV26AV26,1/14/2026,1
242 - UK - RECIFE 4 - 242,2 04 02 008338,COLAR METAL CV25M,1,24,"44,5",24,89,"44,5",89,BIJOU FASHION BIJOUTERIAS LTDA,BIJOU FASHION BIJOUTERIAS LTDA,UNCLE K,VERAO 2025,ACESSORIOS,BIJUTERIA,NACIONAL,METAL,BIJUTERIA,COLAR,CV25MV25,12/17/2024,1
238 - UK - RECIFE 2 - 238,2 04 02 008690,COLAR RESINA CV26F,11,308,1089,28,99,99,99,BIJOU FASHION BIJOUTERIAS LTDA,BIJOU FASHION BIJOUTERIAS LTDA,UNCLE K,VERAO 2026,ACESSORIOS,BIJUTERIA,NACIONAL,RESINA,BIJUTERIA,COLAR,CV26FV26,3/12/2026,1
226 - UK - RECIFE - 226,2 04 02 008690,COLAR RESINA CV26F,16,448,1584,28,99,99,99,BIJOU FASHION BIJOUTERIAS LTDA,BIJOU FASHION BIJOUTERIAS LTDA,UNCLE K,VERAO 2026,ACESSORIOS,BIJUTERIA,NACIONAL,RESINA,BIJUTERIA,COLAR,CV26FV26,3/12/2026,1
226 - UK - RECIFE - 226,2 02 15 008416,PAPETE CADARCO MALIBU V25,1,68,"119,5",68,239,"119,5",239,TERMOLINE INDUSTRIA E COMERCIO LTDA,AZLA,UNCLE K,VERAO 2025,CALCADOS,SANDALIA,NACIONAL,CADARCO,CALCADOS,PAPETE,MALIBUV25,12/17/2024,1
240 - UK - RECIFE 3 - 240,2 04 01 008472,GUARDA CHUVA POLIESTER GOMOS P,4,"267,6",716,"66,9",179,179,179,FLORENCA BRINDES LTDA EPP,FLORENCA BRINDES (GUARDA CHUVA),UNCLE K,INVERNO 2025,ACESSORIOS,ACESSORIOS,NACIONAL,POLIESTER,ACESSORIOS,GUARDA-CHUVA,GOMOSPI25,9/30/2025,1
238 - UK - RECIFE 2 - 238,2 04 01 008472,GUARDA CHUVA POLIESTER GOMOS P,5,"334,5",895,"66,9",179,179,179,FLORENCA BRINDES LTDA EPP,FLORENCA BRINDES (GUARDA CHUVA),UNCLE K,INVERNO 2025,ACESSORIOS,ACESSORIOS,NACIONAL,POLIESTER,ACESSORIOS,GUARDA-CHUVA,GOMOSPI25,9/4/2025,1
240 - UK - RECIFE 3 - 240,2 04 01 008472,GUARDA CHUVA POLIESTER GOMOS P,2,"133,8",358,"66,9",179,179,179,FLORENCA BRINDES LTDA EPP,FLORENCA BRINDES (GUARDA CHUVA),UNCLE K,INVERNO 2025,ACESSORIOS,ACESSORIOS,NACIONAL,POLIESTER,ACESSORIOS,GUARDA-CHUVA,GOMOSPI25,10/23/2025,1
240 - UK - RECIFE 3 - 240,2 04 01 008472,GUARDA CHUVA POLIESTER GOMOS P,5,"334,5",895,"66,9",179,179,179,FLORENCA BRINDES LTDA EPP,FLORENCA BRINDES (GUARDA CHUVA),UNCLE K,INVERNO 2025,ACESSORIOS,ACESSORIOS,NACIONAL,POLIESTER,ACESSORIOS,GUARDA-CHUVA,GOMOSPI25,9/29/2025,1
240 - UK - RECIFE 3 - 240,2 04 01 008472,GUARDA CHUVA POLIESTER GOMOS P,3,"200,7",537,"66,9",179,179,179,FLORENCA BRINDES LTDA EPP,FLORENCA BRINDES (GUARDA CHUVA),UNCLE K,INVERNO 2025,ACESSORIOS,ACESSORIOS,NACIONAL,POLIESTER,ACESSORIOS,GUARDA-CHUVA,GOMOSPI25,12/27/2025,1
226 - UK - RECIFE - 226,2 02 18 008617,TENIS COURO GRID I25,1,"72,9",299,"72,9",299,299,299,C. TORRES DIAS INJETADOS ME,CALCADOS TORRES,UNCLE K,INVERNO 2025,CALCADOS,TENIS,NACIONAL,COURO,CALCADOS,TENIS,GRIDI25,2/10/2026,1
240 - UK - RECIFE 3 - 240,2 02 18 008871,TENIS COURO PHILLY I26,1,80,299,80,299,299,299,C. TORRES DIAS INJETADOS ME,CALCADOS TORRES,UNCLE K,INVERNO 2026,CALCADOS,TENIS,NACIONAL,COURO,CALCADOS,TENIS,PHILLYI26,3/10/2026,1
242 - UK - RECIFE 4 - 242,2 02 17 008746,MOCASSIM COURO TIP TOP V26,1,94,329,94,329,329,329,VISPATE CALCADOS LTDA,VISPATE,UNCLE K,VERAO 2026,CALCADOS,SAPATO,NACIONAL,COURO,CALCADOS,MOCASSIM,TIPTOPV26,10/6/2025,1
238 - UK - RECIFE 2 - 238,2 02 18 008747,TENIS COURO GRID V26,1,"72,9",299,"72,9",299,299,299,VISPATE CALCADOS LTDA,VISPATE,UNCLE K,VERAO 2026,CALCADOS,TENIS,NACIONAL,COURO,CALCADOS,TENIS,GRIDV26,2/12/2026,1
238 - UK - RECIFE 2 - 238,2 02 18 008747,TENIS COURO GRID V26,1,"72,9",299,"72,9",299,299,299,VISPATE CALCADOS LTDA,VISPATE,UNCLE K,VERAO 2026,CALCADOS,TENIS,NACIONAL,COURO,CALCADOS,TENIS,GRIDV26,3/2/2026,1
238 - UK - RECIFE 2 - 238,2 01 04 008840,BOLSA NY SOFT 61407 V26,1,"86,5",349,"86,5",349,349,349,VITOR ABREU COMERCIO DE BIJUTERIAS LTDA,VITOR ABREU,UNCLE K,VERAO 2026,BOLSAS,BOLSA NYLON,IMPORTADO,NYLON SOFT,BOLSAS NYLON IMPORTADO,BOLSA MULTIUSO,61407V26,3/2/2026,1
240 - UK - RECIFE 3 - 240,2 01 04 008837,BOLSA NY SOFT 61402 V26,2,128,538,64,269,269,269,VITOR ABREU COMERCIO DE BIJUTERIAS LTDA,VITOR ABREU,UNCLE K,VERAO 2026,BOLSAS,BOLSA NYLON,IMPORTADO,NYLON SOFT,BOLSAS NYLON IMPORTADO,BOLSA TRANSPASSE,61402V26,2/7/2026,1
242 - UK - RECIFE 4 - 242,2 01 04 008786,BOLSA NY BNT 61038 V26,2,234,838,117,419,419,419,TOVA EQUIPAMENTOS E ACESSORIOS LTDA,,UNCLE K,VERAO 2026,BOLSAS,BOLSA NYLON,IMPORTADO,NYLON BNT,BOLSAS NYLON IMPORTADO,BOLSA MULTIUSO,61038V26,3/12/2026,1
226 - UK - RECIFE - 226,2 01 04 008786,BOLSA NY BNT 61038 V26,1,117,419,117,419,419,419,TOVA EQUIPAMENTOS E ACESSORIOS LTDA,,UNCLE K,VERAO 2026,BOLSAS,BOLSA NYLON,IMPORTADO,NYLON BNT,BOLSAS NYLON IMPORTADO,BOLSA MULTIUSO,61038V26,12/24/2025,1
238 - UK - RECIFE 2 - 238,2 01 04 008788,BOLSA NY BNT 61040 V26,2,240,878,120,439,439,439,TOVA EQUIPAMENTOS E ACESSORIOS LTDA,,UNCLE K,VERAO 2026,BOLSAS,BOLSA NYLON,IMPORTADO,NYLON BNT,BOLSAS NYLON IMPORTADO,BOLSA MULTIUSO,61040BNTV26,3/3/2026,1
238 - UK - RECIFE 2 - 238,2 01 04 008799,BOLSA KING RUBBER 61233 V26,4,420,1476,105,369,369,369,TOVA EQUIPAMENTOS E ACESSORIOS LTDA,,UNCLE K,VERAO 2026,BOLSAS,BOLSA NYLON,IMPORTADO,KING RUBBER,BOLSAS NYLON IMPORTADO,BOLSA TRANSPASSE,61233V26,1/6/2026,1
226 - UK - RECIFE - 226,2 01 04 008797,BOLSA KING RUBBER 61144 V26,4,640,1996,160,499,499,499,TOVA EQUIPAMENTOS E ACESSORIOS LTDA,,UNCLE K,VERAO 2026,BOLSAS,BOLSA NYLON,IMPORTADO,KING RUBBER,BOLSAS NYLON IMPORTADO,BOLSA MULTIUSO,61144KRV26,1/5/2026,1
238 - UK - RECIFE 2 - 238,2 03 11 008815,MOCHILA KING RUBBER 61049 V26,1,173,669,173,669,669,669,TOVA EQUIPAMENTOS E ACESSORIOS LTDA,,UNCLE K,VERAO 2026,MOCHILAS,MOCHILA NYLON,IMPORTADO,KING RUBBER,MOCHILAS/MALAS,MOCHILA,61049V26,2/3/2026,1
226 - UK - RECIFE - 226,2 03 11 008815,MOCHILA KING RUBBER 61049 V26,5,865,3345,173,669,669,669,TOVA EQUIPAMENTOS E ACESSORIOS LTDA,,UNCLE K,VERAO 2026,MOCHILAS,MOCHILA NYLON,IMPORTADO,KING RUBBER,MOCHILAS/MALAS,MOCHILA,61049V26,1/5/2026,1
240 - UK - RECIFE 3 - 240,2 03 11 008814,MOCHILA KING RUBBER 61047 V26,3,435,1767,145,589,589,589,TOVA EQUIPAMENTOS E ACESSORIOS LTDA,,UNCLE K,VERAO 2026,MOCHILAS,MOCHILA NYLON,IMPORTADO,KING RUBBER,MOCHILAS/MALAS,MOCHILA,61047V26,1/6/2026,1
242 - UK - RECIFE 4 - 242,2 03 11 008813,MOCHILA NY BNT 61151 V26,1,135,539,135,539,539,539,TOVA EQUIPAMENTOS E ACESSORIOS LTDA,,UNCLE K,VERAO 2026,MOCHILAS,MOCHILA NYLON,IMPORTADO,NYLON BNT,MOCHILAS/MALAS,MOCHILA,61151V26,12/16/2025,1
238 - UK - RECIFE 2 - 238,2 03 11 008813,MOCHILA NY BNT 61151 V26,1,135,539,135,539,539,539,TOVA EQUIPAMENTOS E ACESSORIOS LTDA,,UNCLE K,VERAO 2026,MOCHILAS,MOCHILA NYLON,IMPORTADO,NYLON BNT,MOCHILAS/MALAS,MOCHILA,61151V26,1/22/2026,1
242 - UK - RECIFE 4 - 242,2 04 01 008902,GUARDA CHUVA NYLON BORDA P  I26,18,"1204,2",3222,"66,9",179,179,179,A.G. COMERCIO DE PRESENTES LTDA,LONDON GUARDA CHUVAS,UNCLE K,INVERNO 2026,ACESSORIOS,ACESSORIOS,NACIONAL,NYLON,ACESSORIOS,GUARDA-CHUVA,BORDAI26,2/26/2026,1
240 - UK - RECIFE 3 - 240,2 04 01 008902,GUARDA CHUVA NYLON BORDA P  I26,12,"802,8",2148,"66,9",179,179,179,A.G. COMERCIO DE PRESENTES LTDA,LONDON GUARDA CHUVAS,UNCLE K,INVERNO 2026,ACESSORIOS,ACESSORIOS,NACIONAL,NYLON,ACESSORIOS,GUARDA-CHUVA,BORDAI26,2/26/2026,1
240 - UK - RECIFE 3 - 240,2 04 01 008902,GUARDA CHUVA NYLON BORDA P  I26,3,"200,7",537,"66,9",179,179,179,A.G. COMERCIO DE PRESENTES LTDA,LONDON GUARDA CHUVAS,UNCLE K,INVERNO 2026,ACESSORIOS,ACESSORIOS,NACIONAL,NYLON,ACESSORIOS,GUARDA-CHUVA,BORDAI26,3/7/2026,1
238 - UK - RECIFE 2 - 238,2 03 11 008810,MOCHILA NY BNT MINI BUK V26,3,390,1497,130,499,499,499,LOPE DIGITAL COMMERCE,LOPE DIGITAL COMMERCE,UNCLE K,VERAO 2026,MOCHILAS,MOCHILA NYLON,IMPORTADO,NYLON BNT,MOCHILAS BASICAS,MOCHILA,MINIBUKBNTV26,12/16/2025,1
242 - UK - RECIFE 4 - 242,2 04 01 007451,GUARDA CHUVA POLIESTER GOMOS P,1,"47,9",169,"47,9",169,169,169,CONTORNOS DIFUSAO DE MODA LTDA - EPP,CONTORNOS,UNCLE K,VERAO 2023,ACESSORIOS,ACESSORIOS,NACIONAL,POLIESTER,ACESSORIOS,GUARDA-CHUVA,GOMOSPV23,12/18/2023,1
242 - UK - RECIFE 4 - 242,2 02 17 008159,OXFORD COURO CANADIAN I24,1,"146,76","224,5","146,76",449,"224,5",449,ART - MILLE ARTEFATOS DE COURO,ART-MILLE,UNCLE K,INVERNO 2024,CALCADOS,SAPATO,NACIONAL,COURO,CALCADOS,OXFORD,CANADIANI24,6/6/2025,1
240 - UK - RECIFE 3 - 240,2 02 17 007811,MOCASSIM COURO LOCAL I23,1,"146,9",249,"146,9",499,249,499,ART - MILLE ARTEFATOS DE COURO,ART-MILLE,UNCLE K,INVERNO 2023,CALCADOS,SAPATO,NACIONAL,COURO,MASCULINO,MOCASSIM,LOCAL COURO I23,7/18/2025,1
242 - UK - RECIFE 4 - 242,2 02 15 007423,SAND COMF SALTO COURO MOLLY V23,1,"95,72",229,"95,72",319,229,319,ART - MILLE ARTEFATOS DE COURO,ART-MILLE,UNCLE K,VERAO 2023,CALCADOS,SANDALIA,NACIONAL,COURO,CALCADOS,SANDALIA COMFORT,MOLLYV23,2/7/2023,1
242 - UK - RECIFE 4 - 242,2 02 17 007307,TENIS NOBUCK NEW RAYMANN,1,119,199,119,380,199,380,ART - MILLE ARTEFATOS DE COURO,ART-MILLE,UNCLE K,INVERNO 2022,CALCADOS,SAPATO,NACIONAL,NOBUCK,MASCULINO,OXFORD,NEWRAYMANNI22,3/7/2025,1
226 - UK - RECIFE - 226,2 02 15 007422,RAST COMF COURO CRISS CROSS V23,1,"100,3",199,"100,3",339,199,339,ART - MILLE ARTEFATOS DE COURO,ART-MILLE,UNCLE K,VERAO 2023,CALCADOS,SANDALIA,NACIONAL,COURO,CALCADOS,SANDALIA  RASTEIRA,CRISSCROSSV23,3/8/2023,1
226 - UK - RECIFE - 226,2 02 15 008175,SANDALIA COURO LYON I24,1,"112,22",369,"112,22",369,369,369,VACC ARTEFATOS DE COURO LTDA,VACCARO,UNCLE K,INVERNO 2024,CALCADOS,SANDALIA,NACIONAL,COURO,CALCADOS,SANDALIA SALTO,LYONI24,1/31/2026,1
240 - UK - RECIFE 3 - 240,2 04 13 008985,NECESSAIRE SINTETICO 70615 I26,6,276,834,46,139,139,139,BMCG INDUSTRIA E COMERCIO DE COURO LTDA EPP,BMCG,UNCLE K,INVERNO 2026,ACESSORIOS,NECESSAIRES,NACIONAL,SINTETICO,NECESSAIRES,NECESSAIRE,70615I26,3/13/2026,1
240 - UK - RECIFE 3 - 240,2 01 04 008990,BOLSA NYLON 61453 V26,1,70,199,70,199,199,199,BMCG INDUSTRIA E COMERCIO DE COURO LTDA EPP,BMCG,UNCLE K,UPCYCLING,BOLSAS,BOLSA NYLON,NACIONAL,NYLON,BOLSAS NYLON BASICO,BOLSA MULTIUSO,61453V26,2/21/2026,1
242 - UK - RECIFE 4 - 242,2 01 04 008990,BOLSA NYLON 61453 V26,1,70,199,70,199,199,199,BMCG INDUSTRIA E COMERCIO DE COURO LTDA EPP,BMCG,UNCLE K,UPCYCLING,BOLSAS,BOLSA NYLON,NACIONAL,NYLON,BOLSAS NYLON BASICO,BOLSA MULTIUSO,61453V26,3/12/2026,1
242 - UK - RECIFE 4 - 242,2 01 04 008989,BOLSA NYLON 61452 V26,5,450,1245,90,249,249,249,BMCG INDUSTRIA E COMERCIO DE COURO LTDA EPP,BMCG,UNCLE K,UPCYCLING,BOLSAS,BOLSA NYLON,NACIONAL,NYLON,BOLSAS NYLON BASICO,BOLSA MULTIUSO,61452V26,3/17/2026,1
242 - UK - RECIFE 4 - 242,2 01 04 008989,BOLSA NYLON 61452 V26,3,270,747,90,249,249,249,BMCG INDUSTRIA E COMERCIO DE COURO LTDA EPP,BMCG,UNCLE K,UPCYCLING,BOLSAS,BOLSA NYLON,NACIONAL,NYLON,BOLSAS NYLON BASICO,BOLSA MULTIUSO,61452V26,2/13/2026,1
240 - UK - RECIFE 3 - 240,2 01 04 008989,BOLSA NYLON 61452 V26,2,180,498,90,249,249,249,BMCG INDUSTRIA E COMERCIO DE COURO LTDA EPP,BMCG,UNCLE K,UPCYCLING,BOLSAS,BOLSA NYLON,NACIONAL,NYLON,BOLSAS NYLON BASICO,BOLSA MULTIUSO,61452V26,2/26/2026,1
226 - UK - RECIFE - 226,2 01 03 008988,BOLSA COURO 61459 V26,4,"350,48",1076,"87,62",269,269,269,BMCG INDUSTRIA E COMERCIO DE COURO LTDA EPP,BMCG,UNCLE K,UPCYCLING,BOLSAS,BOLSA COURO,NACIONAL,COURO,BOLSAS COURO,BOLSA TRANSPASSE,61459V26,2/11/2026,1
238 - UK - RECIFE 2 - 238,2 01 03 008987,BOLSA COURO 61458 V26,1,"87,65",269,"87,65",269,269,269,BMCG INDUSTRIA E COMERCIO DE COURO LTDA EPP,BMCG,UNCLE K,UPCYCLING,BOLSAS,BOLSA COURO,NACIONAL,COURO,BOLSAS COURO,BOLSA OMBRO,61458V26,3/10/2026,1
226 - UK - RECIFE - 226,2 04 01 008907,PORTA PASSAPORTE SINTETICO 70621 I26,6,"277,2",834,"46,2",139,139,139,BMCG INDUSTRIA E COMERCIO DE COURO LTDA EPP,BMCG,UNCLE K,INVERNO 2026,ACESSORIOS,ACESSORIOS,NACIONAL,SINTETICO,ACESSORIOS,PORTA PASSAPORTE,70621I26,3/4/2026,1
238 - UK - RECIFE 2 - 238,2 04 01 008907,PORTA PASSAPORTE SINTETICO 70621 I26,3,"138,6",417,"46,2",139,139,139,BMCG INDUSTRIA E COMERCIO DE COURO LTDA EPP,BMCG,UNCLE K,INVERNO 2026,ACESSORIOS,ACESSORIOS,NACIONAL,SINTETICO,ACESSORIOS,PORTA PASSAPORTE,70621I26,3/4/2026,1
238 - UK - RECIFE 2 - 238,2 03 10 008575,MOCHILA COURO 61302 I25,1,"268,53",749,"268,53",899,749,899,BMCG INDUSTRIA E COMERCIO DE COURO LTDA EPP,BMCG,UNCLE K,INVERNO 2025,MOCHILAS,MOCHILA COURO,NACIONAL,COURO,MOCHILAS/MALAS,MOCHILA,61302I25,7/26/2025,1
226 - UK - RECIFE - 226,2 04 13 008275,NECESSAIRE NYLON 70266 V25,2,"57,46",138,"28,73",89,69,89,BMCG INDUSTRIA E COMERCIO DE COURO LTDA EPP,BMCG,UNCLE K,VERAO 2025,ACESSORIOS,NECESSAIRES,NACIONAL,NYLON,NECESSAIRES,NECESSAIRE,70266V25,8/23/2024,1
238 - UK - RECIFE 2 - 238,2 04 13 008275,NECESSAIRE NYLON 70266 V25,3,"86,19",207,"28,73",89,69,89,BMCG INDUSTRIA E COMERCIO DE COURO LTDA EPP,BMCG,UNCLE K,VERAO 2025,ACESSORIOS,NECESSAIRES,NACIONAL,NYLON,NECESSAIRES,NECESSAIRE,70266V25,8/20/2024,1
226 - UK - RECIFE - 226,2 01 04 008437,BOLSA NYLON 61121 V25,1,162,"214,5",162,429,"214,5",429,BMCG INDUSTRIA E COMERCIO DE COURO LTDA EPP,BMCG,UNCLE K,VERAO 2025,BOLSAS,BOLSA NYLON,NACIONAL,NYLON,BOLSAS NYLON BASICO,BOLSA TRANSPASSE,61121V25,5/12/2025,1
240 - UK - RECIFE 3 - 240,2 01 04 008666,BOLSA NYLON 61283 V26,2,"327,62",958,"163,81",479,479,479,BMCG INDUSTRIA E COMERCIO DE COURO LTDA EPP,BMCG,UNCLE K,VERAO 2026,BOLSAS,BOLSA NYLON,NACIONAL,NYLON,BOLSAS NYLON BASICO,BOLSA MULTIUSO,61283V26,12/10/2025,1
242 - UK - RECIFE 4 - 242,2 01 04 008665,BOLSA NYLON 61335 V26,5,"787,85",2245,"157,57",449,449,449,BMCG INDUSTRIA E COMERCIO DE COURO LTDA EPP,BMCG,UNCLE K,VERAO 2026,BOLSAS,BOLSA NYLON,NACIONAL,NYLON,BOLSAS NYLON BASICO,BOLSA TRANSPASSE,61335V26,12/10/2025,1
226 - UK - RECIFE - 226,2 01 04 008666,BOLSA NYLON 61283 V26,1,"163,81",479,"163,81",479,479,479,BMCG INDUSTRIA E COMERCIO DE COURO LTDA EPP,BMCG,UNCLE K,VERAO 2026,BOLSAS,BOLSA NYLON,NACIONAL,NYLON,BOLSAS NYLON BASICO,BOLSA MULTIUSO,61283V26,3/3/2026,1
240 - UK - RECIFE 3 - 240,2 01 04 008663,BOLSA NYLON 61282 V26,2,"290,12",918,"145,06",459,459,459,BMCG INDUSTRIA E COMERCIO DE COURO LTDA EPP,BMCG,UNCLE K,VERAO 2026,BOLSAS,BOLSA NYLON,NACIONAL,NYLON,BOLSAS NYLON BASICO,BOLSA MULTIUSO,61282V26,12/10/2025,1
238 - UK - RECIFE 2 - 238,2 04 01 008820,PORTA CELULAR LONA 70609 B25,2,50,178,25,89,89,89,BMCG INDUSTRIA E COMERCIO DE COURO LTDA EPP,BMCG,UNCLE K,VERAO 2026,ACESSORIOS,ACESSORIOS,NACIONAL,LONA,ACESSORIOS,PORTA CELULAR,70609B25,3/4/2026,1
238 - UK - RECIFE 2 - 238,2 04 01 008904,BOLSINHA DE MAO NY SATIN 70416 I26,1,43,139,43,139,139,139,BMCG INDUSTRIA E COMERCIO DE COURO LTDA EPP,BMCG,UNCLE K,INVERNO 2026,ACESSORIOS,ACESSORIOS,NACIONAL,SATIN,ACESSORIOS,BOLSA DE MAO,70416I26,3/14/2026,1
240 - UK - RECIFE 3 - 240,2 04 01 008904,BOLSINHA DE MAO NY SATIN 70416 I26,2,86,278,43,139,139,139,BMCG INDUSTRIA E COMERCIO DE COURO LTDA EPP,BMCG,UNCLE K,INVERNO 2026,ACESSORIOS,ACESSORIOS,NACIONAL,SATIN,ACESSORIOS,BOLSA DE MAO,70416I26,3/13/2026,1
226 - UK - RECIFE - 226,2 01 03 008667,BOLSA COURO 61379 V26,8,"1409,12",4552,"176,14",569,569,569,BMCG INDUSTRIA E COMERCIO DE COURO LTDA EPP,BMCG,UNCLE K,VERAO 2026,BOLSAS,BOLSA COURO,NACIONAL,COURO,BOLSAS COURO,BOLSA MULTIUSO,61379V26,12/17/2025,1
242 - UK - RECIFE 4 - 242,2 01 03 008667,BOLSA COURO 61379 V26,1,"176,14",569,"176,14",569,569,569,BMCG INDUSTRIA E COMERCIO DE COURO LTDA EPP,BMCG,UNCLE K,VERAO 2026,BOLSAS,BOLSA COURO,NACIONAL,COURO,BOLSAS COURO,BOLSA MULTIUSO,61379V26,12/30/2025,1
226 - UK - RECIFE - 226,2 03 10 008675,MOCHILA COURO 61100 V26,8,"2170,88",6552,"271,36",819,819,819,BMCG INDUSTRIA E COMERCIO DE COURO LTDA EPP,BMCG,UNCLE K,VERAO 2026,MOCHILAS,MOCHILA COURO,NACIONAL,COURO,MOCHILAS/MALAS,MOCHILA,61100V26,12/17/2025,1
226 - UK - RECIFE - 226,2 01 03 008670,BOLSA COURO 61400 V26,1,"165,44",499,"165,44",499,499,499,BMCG INDUSTRIA E COMERCIO DE COURO LTDA EPP,BMCG,UNCLE K,VERAO 2026,BOLSAS,BOLSA COURO,NACIONAL,COURO,BOLSAS COURO,BOLSA TRANSPASSE,61400V26,3/6/2026,1
226 - UK - RECIFE - 226,2 03 10 008381,MOCHILA COURO 61064 V25,1,"248,05",799,"248,05",799,799,799,BMCG INDUSTRIA E COMERCIO DE COURO LTDA EPP,BMCG,UNCLE K,VERAO 2025,MOCHILAS,MOCHILA COURO,NACIONAL,COURO,MOCHILAS BASICAS,MOCHILA,61064V25,8/7/2025,1
240 - UK - RECIFE 3 - 240,2 04 13 008306,NECESSAIRE NYLON 70081 V25,1,"35,24",99,"35,24",99,99,99,BMCG INDUSTRIA E COMERCIO DE COURO LTDA EPP,BMCG,UNCLE K,VERAO 2025,ACESSORIOS,NECESSAIRES,NACIONAL,NYLON,NECESSAIRES,NECESSAIRE,70081V25,2/2/2026,1
238 - UK - RECIFE 2 - 238,2 04 13 008307,NECESSAIRE NYLON 70534 V25,1,"43,54","74,5","43,54",149,"74,5",149,BMCG INDUSTRIA E COMERCIO DE COURO LTDA EPP,BMCG,UNCLE K,VERAO 2025,ACESSORIOS,NECESSAIRES,NACIONAL,NYLON,NECESSAIRES,NECESSAIRE,70534V25,9/20/2024,1
238 - UK - RECIFE 2 - 238,2 04 13 008446,NECESSAIRE SINTETICO 70266 V25,2,"61,6",138,"30,8",99,69,99,BMCG INDUSTRIA E COMERCIO DE COURO LTDA EPP,BMCG,UNCLE K,VERAO 2025,ACESSORIOS,NECESSAIRES,NACIONAL,SINTETICO,NECESSAIRES,NECESSAIRE,70266ST,1/19/2026,1
238 - UK - RECIFE 2 - 238,2 02 18 008762,TENIS COURO RELAX V26,1,134,419,134,419,419,419,BNM INDUSTRIA DE CALCADOS LTDA - ME,BNM,UNCLE K,VERAO 2026,CALCADOS,TENIS,NACIONAL,COURO,CALCADOS,TENIS,RELAXV26,3/17/2026,1
242 - UK - RECIFE 4 - 242,2 02 18 008762,TENIS COURO RELAX V26,1,134,419,134,419,419,419,BNM INDUSTRIA DE CALCADOS LTDA - ME,BNM,UNCLE K,VERAO 2026,CALCADOS,TENIS,NACIONAL,COURO,CALCADOS,TENIS,RELAXV26,3/10/2026,1
238 - UK - RECIFE 2 - 238,2 02 18 008762,TENIS COURO RELAX V26,2,268,838,134,419,419,419,BNM INDUSTRIA DE CALCADOS LTDA - ME,BNM,UNCLE K,VERAO 2026,CALCADOS,TENIS,NACIONAL,COURO,CALCADOS,TENIS,RELAXV26,1/22/2026,1
240 - UK - RECIFE 3 - 240,2 02 18 008624,TENIS COURO RELAX I25,1,131,419,131,419,419,419,BNM INDUSTRIA DE CALCADOS LTDA - ME,BNM,UNCLE K,INVERNO 2025,CALCADOS,TENIS,NACIONAL,COURO,CALCADOS,TENIS,RELAXI25,3/4/2026,1
238 - UK - RECIFE 2 - 238,2 02 18 008624,TENIS COURO RELAX I25,1,131,419,131,419,419,419,BNM INDUSTRIA DE CALCADOS LTDA - ME,BNM,UNCLE K,INVERNO 2025,CALCADOS,TENIS,NACIONAL,COURO,CALCADOS,TENIS,RELAXI25,3/11/2026,1
226 - UK - RECIFE - 226,2 02 18 008624,TENIS COURO RELAX I25,1,131,419,131,419,419,419,BNM INDUSTRIA DE CALCADOS LTDA - ME,BNM,UNCLE K,INVERNO 2025,CALCADOS,TENIS,NACIONAL,COURO,CALCADOS,TENIS,RELAXI25,8/11/2025,1
242 - UK - RECIFE 4 - 242,2 02 15 008761,SANDALIA COURO BINGO V26,2,230,758,115,379,379,379,BNM INDUSTRIA DE CALCADOS LTDA - ME,BNM,UNCLE K,VERAO 2026,CALCADOS,SANDALIA,NACIONAL,COURO,CALCADOS,SANDALIA SALTO,BINGOV26,1/3/2026,1
226 - UK - RECIFE - 226,2 02 15 008877,SANDALIA COURO RIFT I26,1,116,379,116,379,379,379,BNM INDUSTRIA DE CALCADOS LTDA - ME,BNM,UNCLE K,INVERNO 2026,CALCADOS,SANDALIA,NACIONAL,COURO,CALCADOS,SANDALIA SALTO,RIFTI26,2/25/2026,1
226 - UK - RECIFE - 226,2 02 15 008877,SANDALIA COURO RIFT I26,2,232,758,116,379,379,379,BNM INDUSTRIA DE CALCADOS LTDA - ME,BNM,UNCLE K,INVERNO 2026,CALCADOS,SANDALIA,NACIONAL,COURO,CALCADOS,SANDALIA SALTO,RIFTI26,3/1/2026,1
242 - UK - RECIFE 4 - 242,2 02 15 008743,SANDALIA COURO NIMES V26,1,115,379,115,379,379,379,BNM INDUSTRIA DE CALCADOS LTDA - ME,BNM,UNCLE K,VERAO 2026,CALCADOS,SANDALIA,NACIONAL,COURO,CALCADOS,SANDALIA SALTO,NIMESV26,1/2/2026,1
242 - UK - RECIFE 4 - 242,2 02 15 008743,SANDALIA COURO NIMES V26,1,115,379,115,379,379,379,BNM INDUSTRIA DE CALCADOS LTDA - ME,BNM,UNCLE K,VERAO 2026,CALCADOS,SANDALIA,NACIONAL,COURO,CALCADOS,SANDALIA SALTO,NIMESV26,12/11/2025,1
238 - UK - RECIFE 2 - 238,2 02 15 008742,SANDALIA COURO BILLY V26,1,110,279,110,359,279,359,BNM INDUSTRIA DE CALCADOS LTDA - ME,BNM,UNCLE K,VERAO 2026,CALCADOS,SANDALIA,NACIONAL,COURO,CALCADOS,SANDALIA SALTO,BILLYV26,10/17/2025,1
238 - UK - RECIFE 2 - 238,2 02 17 007716,MOCASSIM COURO NEON I23,1,99,199,99,359,199,359,GRULLER & CASTRO LTDA - ME,GRULLER,UNCLE K,INVERNO 2023,CALCADOS,SAPATO,NACIONAL,COURO,CALCADOS,MOCASSIM,NEONI23,8/26/2023,1
226 - UK - RECIFE - 226,02 000006,MATERIAL CONSUMO SACO EM TNT PRETO,237,,"485,85",,"2,05","2,05",,DEM BAS EMBALAGENS LTDA - EPP,DEMBAS,,,,,,,,,,3/10/2026,1
226 - UK - RECIFE - 226,2 02 15 008318,SAND SALTO NOBUCK VEG Z V25,1,114,"174,5",114,349,"174,5",349,CAMILA FERRAZ IND. E COM. DE CALCADOS LTDA - EPP,CAMILA FERRAZ - CALCADOS BERVAL,UNCLE K,VERAO 2025,CALCADOS,SANDALIA,NACIONAL,NOBUCK VEGGIE,CALCADOS,SANDALIA SALTO,ZV25,3/6/2026,1
226 - UK - RECIFE - 226,2 02 15 008017,PLAT. NOB/NAPA VEG HARMONIA V24,1,108,349,108,349,349,349,CAMILA FERRAZ IND. E COM. DE CALCADOS LTDA - EPP,CAMILA FERRAZ - CALCADOS BERVAL,UNCLE K,VERAO 2024,CALCADOS,SANDALIA,NACIONAL,NOBUCK/NAPA VEGGIE,CALCADOS,PLATAFORMA,HARMONIAV24,3/6/2026,1
242 - UK - RECIFE 4 - 242,2 02 15 007122,SANDALIA SINTETICO SULA V22,8,572,472,"71,5",229,59,229,CAMILA FERRAZ IND. E COM. DE CALCADOS LTDA - EPP,CAMILA FERRAZ - CALCADOS BERVAL,UNCLE K,ANTIGA,CALCADOS,SANDALIA,NACIONAL,SINTETICO,CALCADOS,SANDALIA PLATAFORMA ,SULA V22,9/11/2023,1
238 - UK - RECIFE 2 - 238,02 000004,MATERIAL CONSUMO SACO EM TNT,1299,,,,,0,,MAD AND MAIDEN CONFECCOES LTDA - ME,MAD AND MAIDEN,,,,,,,,,,3/10/2026,1
242 - UK - RECIFE 4 - 242,02 000005,MATERIAL CONSUMO SACO EM TNT GUARDA CHUVA,90,,,,,0,,MAD AND MAIDEN CONFECCOES LTDA - ME,MAD AND MAIDEN,,,,,,,,,,8/15/2025,1
238 - UK - RECIFE 2 - 238,02 000002,MATERIAL CONSUMO SACOLA UNCLE K OFF SET,250,,,,,0,,GREENPACK ACABAMENTOS GRAFICOS LTDA. - ME,BLUE PACK,,,,,,,,,,3/10/2026,1
240 - UK - RECIFE 3 - 240,02 000002,MATERIAL CONSUMO SACOLA UNCLE K OFF SET,1150,,,,,0,,GREENPACK ACABAMENTOS GRAFICOS LTDA. - ME,BLUE PACK,,,,,,,,,,3/11/2026,1
240 - UK - RECIFE 3 - 240,2 02 15 008010,SANDALIA NAPA VEGGIE DECK V24,1,125,159,125,379,159,379,BELLE MODAS IND. E  COM. CALCADOS LTDA,ANA AGUIAR,UNCLE K,VERAO 2024,CALCADOS,SANDALIA,NACIONAL,NAPA VEGGIE,CALCADOS,PAPETE,DECKV24,7/8/2025,1
240 - UK - RECIFE 3 - 240,2 04 13 008984,ORGANIZADOR NY SATIN 70559 I26,6,"368,4",1134,"61,4",189,189,189,"CAJU BOLSAS, SAPATOS E ACESSORIOS LTDA.",OPERA - TARSILA,UNCLE K,INVERNO 2026,ACESSORIOS,NECESSAIRES,NACIONAL,SATIN,NECESSAIRES,NECESSAIRE,70559I26,3/16/2026,1
240 - UK - RECIFE 3 - 240,2 01 05 008709,BOLSA PU 61375 V26,1,"129,8",399,"129,8",399,399,399,"CAJU BOLSAS, SAPATOS E ACESSORIOS LTDA.",OPERA - TARSILA,UNCLE K,VERAO 2026,BOLSAS,BOLSA OUTROS,NACIONAL,PU,BOLSAS PU,BOLSA MULTIUSO,61375V26,10/24/2025,1
226 - UK - RECIFE - 226,2 01 05 008700,BOLSA NY SATIN 61217 V26,4,544,1796,136,449,449,449,"CAJU BOLSAS, SAPATOS E ACESSORIOS LTDA.",OPERA - TARSILA,UNCLE K,VERAO 2026,BOLSAS,BOLSA OUTROS,NACIONAL,SATIN,BOLSAS ESPECIAIS,BOLSA MULTIUSO,61217V26,12/16/2025,1
226 - UK - RECIFE - 226,2 01 03 008696,BOLSA COURO 61401 V26,4,488,1716,122,429,429,429,"CAJU BOLSAS, SAPATOS E ACESSORIOS LTDA.",OPERA - TARSILA,UNCLE K,VERAO 2026,BOLSAS,BOLSA COURO,NACIONAL,COURO,BOLSAS COURO,BOLSA TRANSPASSE,61401V26,12/15/2025,1
226 - UK - RECIFE - 226,2 01 03 008694,BOLSA COURO 61107 V26,1,167,599,167,599,599,599,"CAJU BOLSAS, SAPATOS E ACESSORIOS LTDA.",OPERA - TARSILA,UNCLE K,VERAO 2026,BOLSAS,BOLSA COURO,NACIONAL,COURO,BOLSAS COURO,BOLSA MULTIUSO,61107V26,3/9/2026,1
226 - UK - RECIFE - 226,2 01 03 008694,BOLSA COURO 61107 V26,2,334,1198,167,599,599,599,"CAJU BOLSAS, SAPATOS E ACESSORIOS LTDA.",OPERA - TARSILA,UNCLE K,VERAO 2026,BOLSAS,BOLSA COURO,NACIONAL,COURO,BOLSAS COURO,BOLSA MULTIUSO,61107V26,2/26/2026,1
226 - UK - RECIFE - 226,2 01 03 008694,BOLSA COURO 61107 V26,1,167,599,167,599,599,599,"CAJU BOLSAS, SAPATOS E ACESSORIOS LTDA.",OPERA - TARSILA,UNCLE K,VERAO 2026,BOLSAS,BOLSA COURO,NACIONAL,COURO,BOLSAS COURO,BOLSA MULTIUSO,61107V26,12/26/2025,1
240 - UK - RECIFE 3 - 240,2 01 03 008694,BOLSA COURO 61107 V26,1,167,599,167,599,599,599,"CAJU BOLSAS, SAPATOS E ACESSORIOS LTDA.",OPERA - TARSILA,UNCLE K,VERAO 2026,BOLSAS,BOLSA COURO,NACIONAL,COURO,BOLSAS COURO,BOLSA MULTIUSO,61107V26,2/6/2026,1
242 - UK - RECIFE 4 - 242,2 01 05 008964,BOLSA PU NOBUCK 61329 I26,1,80,279,80,279,279,279,"CAJU BOLSAS, SAPATOS E ACESSORIOS LTDA.",OPERA - TARSILA,UNCLE K,INVERNO 2026,BOLSAS,BOLSA OUTROS,NACIONAL,PU NOBUCK,BOLSAS PU,BOLSA MULTIUSO,61329I26,3/12/2026,1
242 - UK - RECIFE 4 - 242,2 01 05 008963,BOLSA PU NOBUCK 61263 I26,1,"93,75",299,"93,75",299,299,299,"CAJU BOLSAS, SAPATOS E ACESSORIOS LTDA.",OPERA - TARSILA,UNCLE K,INVERNO 2026,BOLSAS,BOLSA OUTROS,NACIONAL,PU NOBUCK,BOLSAS PU,BOLSA OMBRO,61263I26,3/10/2026,1
226 - UK - RECIFE - 226,2 01 05 008953,BOLSA NY SATIN 61426 I26,7,651,2093,93,299,299,299,"CAJU BOLSAS, SAPATOS E ACESSORIOS LTDA.",OPERA - TARSILA,UNCLE K,INVERNO 2026,BOLSAS,BOLSA OUTROS,NACIONAL,SATIN,BOLSAS ESPECIAIS,BOLSA MULTIUSO,61426I26,3/16/2026,1
242 - UK - RECIFE 4 - 242,2 01 05 008953,BOLSA NY SATIN 61426 I26,5,465,1495,93,299,299,299,"CAJU BOLSAS, SAPATOS E ACESSORIOS LTDA.",OPERA - TARSILA,UNCLE K,INVERNO 2026,BOLSAS,BOLSA OUTROS,NACIONAL,SATIN,BOLSAS ESPECIAIS,BOLSA MULTIUSO,61426I26,3/16/2026,1
226 - UK - RECIFE - 226,2 01 05 008952,BOLSA NY SATIN 61286 I26,10,"973,5",3190,"97,35",319,319,319,"CAJU BOLSAS, SAPATOS E ACESSORIOS LTDA.",OPERA - TARSILA,UNCLE K,INVERNO 2026,BOLSAS,BOLSA OUTROS,NACIONAL,SATIN,BOLSAS ESPECIAIS,BOLSA MULTIUSO,61286I26,3/16/2026,1
238 - UK - RECIFE 2 - 238,2 01 03 008650,BOLSA COURO 61386 V26,1,148,499,148,499,499,499,"CAJU BOLSAS, SAPATOS E ACESSORIOS LTDA.",OPERA - TARSILA,UNCLE K,VERAO 2026,BOLSAS,BOLSA COURO,NACIONAL,COURO,BOLSAS COURO,BOLSA OMBRO,61386V26,12/29/2025,1
242 - UK - RECIFE 4 - 242,2 01 05 008697,BOLSA NY SATIN 61370 V26,1,"101,5",299,"101,5",299,299,299,"CAJU BOLSAS, SAPATOS E ACESSORIOS LTDA.",OPERA - TARSILA,UNCLE K,VERAO 2026,BOLSAS,BOLSA OUTROS,NACIONAL,SATIN,BOLSAS ESPECIAIS,BOLSA TRANSPASSE,61370V26,2/9/2026,1
238 - UK - RECIFE 2 - 238,2 01 05 008703,BOLSA PU 61377 V26,1,112,369,112,369,369,369,"CAJU BOLSAS, SAPATOS E ACESSORIOS LTDA.",OPERA - TARSILA,UNCLE K,VERAO 2026,BOLSAS,BOLSA OUTROS,NACIONAL,PU,BOLSAS PU,BOLSA OMBRO,61377V26,2/6/2026,1
240 - UK - RECIFE 3 - 240,2 01 05 008521,BOLSA NY SATIN 61284 I25,1,128,449,128,449,449,449,"CAJU BOLSAS, SAPATOS E ACESSORIOS LTDA.",OPERA - TARSILA,UNCLE K,INVERNO 2025,BOLSAS,BOLSA OUTROS,NACIONAL,SATIN,BOLSAS ESPECIAIS,BOLSA MULTIUSO,61284I25,11/4/2025,1
226 - UK - RECIFE - 226,2 01 05 008521,BOLSA NY SATIN 61284 I25,3,384,1347,128,449,449,449,"CAJU BOLSAS, SAPATOS E ACESSORIOS LTDA.",OPERA - TARSILA,UNCLE K,INVERNO 2025,BOLSAS,BOLSA OUTROS,NACIONAL,SATIN,BOLSAS ESPECIAIS,BOLSA MULTIUSO,61284I25,2/5/2026,1
238 - UK - RECIFE 2 - 238,2 01 05 008831,BOLSA PU 61421 B25,1,"80,7",259,"80,7",259,259,259,"CAJU BOLSAS, SAPATOS E ACESSORIOS LTDA.",OPERA - TARSILA,UNCLE K,VERAO 2026,BOLSAS,BOLSA OUTROS,NACIONAL,PU,BOLSAS PU,BOLSA TRANSPASSE,61421B25,11/14/2025,1
242 - UK - RECIFE 4 - 242,2 01 05 008674,BOLSA PU 61265 V26,2,123,438,"61,5",219,219,219,"CAJU BOLSAS, SAPATOS E ACESSORIOS LTDA.",OPERA - TARSILA,UNCLE K,VERAO 2026,BOLSAS,BOLSA OUTROS,NACIONAL,PU,BOLSAS PU,BOLSA TRANSPASSE,61265V26,12/17/2025,1
240 - UK - RECIFE 3 - 240,2 01 05 008674,BOLSA PU 61265 V26,1,"61,5",219,"61,5",219,219,219,"CAJU BOLSAS, SAPATOS E ACESSORIOS LTDA.",OPERA - TARSILA,UNCLE K,VERAO 2026,BOLSAS,BOLSA OUTROS,NACIONAL,PU,BOLSAS PU,BOLSA TRANSPASSE,61265V26,3/19/2026,1
226 - UK - RECIFE - 226,2 01 05 008673,BOLSA PU 61264 V26,1,53,189,53,189,189,189,"CAJU BOLSAS, SAPATOS E ACESSORIOS LTDA.",OPERA - TARSILA,UNCLE K,VERAO 2026,BOLSAS,BOLSA OUTROS,NACIONAL,PU,BOLSAS PU,BOLSA TRANSPASSE,61264V26,1/27/2026,1
240 - UK - RECIFE 3 - 240,2 01 05 008672,BOLSA PU 61263 V26,2,162,578,81,289,289,289,"CAJU BOLSAS, SAPATOS E ACESSORIOS LTDA.",OPERA - TARSILA,UNCLE K,VERAO 2026,BOLSAS,BOLSA OUTROS,NACIONAL,PU,BOLSAS PU,BOLSA OMBRO,61263V26,1/19/2026,1
238 - UK - RECIFE 2 - 238,2 01 05 007910,BOLSA NY BEIJING 61072 V24,1,124,299,124,499,299,499,"CAJU BOLSAS, SAPATOS E ACESSORIOS LTDA.",OPERA - TARSILA,UNCLE K,VERAO 2024,BOLSAS,BOLSA OUTROS,NACIONAL,NYLON BEJING,BOLSAS ESPECIAIS,BOLSA TRANSPASSE,61072V24,7/30/2024,1
240 - UK - RECIFE 3 - 240,2 01 05 008520,BOLSA NY SATIN 61286 I25,1,89,319,89,319,319,319,"CAJU BOLSAS, SAPATOS E ACESSORIOS LTDA.",OPERA - TARSILA,UNCLE K,INVERNO 2025,BOLSAS,BOLSA OUTROS,NACIONAL,SATIN,BOLSAS ESPECIAIS,BOLSA TRANSPASSE,61286I25,7/12/2025,1
242 - UK - RECIFE 4 - 242,2 01 05 008258,BOLSA SINTETICO 61263 V25,1,78,289,78,289,289,289,"CAJU BOLSAS, SAPATOS E ACESSORIOS LTDA.",OPERA - TARSILA,UNCLE K,VERAO 2025,BOLSAS,BOLSA OUTROS,NACIONAL,SINTETICO YORK,BOLSAS PU,BOLSA OMBRO,61263V25,9/25/2024,1
238 - UK - RECIFE 2 - 238,2 03 10 007919,MOCHILA COURO 61098 V24,1,262,599,262,789,599,789,"CAJU BOLSAS, SAPATOS E ACESSORIOS LTDA.",OPERA - TARSILA,UNCLE K,VERAO 2024,MOCHILAS,MOCHILA COURO,NACIONAL,COURO,MOCHILAS/MALAS,MOCHILA,61098V24,8/21/2023,1
242 - UK - RECIFE 4 - 242,2 01 04 007155,BOLSA NYLON MATELASSE 60800 V22,1,79,179,79,239,179,239,"CAJU BOLSAS, SAPATOS E ACESSORIOS LTDA.",OPERA - TARSILA,UNCLE K,VERAO 2022,BOLSAS,BOLSA NYLON,NACIONAL,NYLON MATELASSE,BOLSAS ESPECIAIS,BOLSA TRANSPASSE,60800 V22,3/14/2023,1
226 - UK - RECIFE - 226,2 04 02 008497,COLAR METAL CI25I,1,28,69,28,99,69,99,SRR COUTINHO COMERCIO DE BIJUTERIAS EM GERAL ME,SANDRA BIJOUX,UNCLE K,INVERNO 2025,ACESSORIOS,BIJUTERIA,NACIONAL,METAL,BIJUTERIA,COLAR,CI25I,8/8/2025,1
240 - UK - RECIFE 3 - 240,2 02 14 008757,RASTEIRA NOBUCK VEG OASIS V26,2,"119,8",398,"59,9",199,199,199,CALCADOS PERTHO LTDA-ME,NICOLLI ROSSETTI,UNCLE K,VERAO 2026,CALCADOS,SANDALIA  RASTEIRA,NACIONAL,NOBUCK VEGGIE,CALCADOS,RASTEIRA,OASISV26,3/4/2026,1
242 - UK - RECIFE 4 - 242,2 02 14 008757,RASTEIRA NOBUCK VEG OASIS V26,1,"59,9",199,"59,9",199,199,199,CALCADOS PERTHO LTDA-ME,NICOLLI ROSSETTI,UNCLE K,VERAO 2026,CALCADOS,SANDALIA  RASTEIRA,NACIONAL,NOBUCK VEGGIE,CALCADOS,RASTEIRA,OASISV26,3/13/2026,1
238 - UK - RECIFE 2 - 238,2 02 14 008757,RASTEIRA NOBUCK VEG OASIS V26,2,"119,8",398,"59,9",199,199,199,CALCADOS PERTHO LTDA-ME,NICOLLI ROSSETTI,UNCLE K,VERAO 2026,CALCADOS,SANDALIA  RASTEIRA,NACIONAL,NOBUCK VEGGIE,CALCADOS,RASTEIRA,OASISV26,3/2/2026,1
238 - UK - RECIFE 2 - 238,2 02 14 008757,RASTEIRA NOBUCK VEG OASIS V26,1,"59,9",199,"59,9",199,199,199,CALCADOS PERTHO LTDA-ME,NICOLLI ROSSETTI,UNCLE K,VERAO 2026,CALCADOS,SANDALIA  RASTEIRA,NACIONAL,NOBUCK VEGGIE,CALCADOS,RASTEIRA,OASISV26,12/26/2025,1
226 - UK - RECIFE - 226,2 02 14 008756,RASTEIRA NAPA VEG WOOD V26,2,82,298,41,149,149,149,CALCADOS PERTHO LTDA-ME,NICOLLI ROSSETTI,UNCLE K,VERAO 2026,CALCADOS,SANDALIA  RASTEIRA,NACIONAL,NAPA VEGGIE,CALCADOS,RASTEIRA,WOODV26,1/24/2026,1
226 - UK - RECIFE - 226,2 02 14 008756,RASTEIRA NAPA VEG WOOD V26,2,82,298,41,149,149,149,CALCADOS PERTHO LTDA-ME,NICOLLI ROSSETTI,UNCLE K,VERAO 2026,CALCADOS,SANDALIA  RASTEIRA,NACIONAL,NAPA VEGGIE,CALCADOS,RASTEIRA,WOODV26,2/21/2026,1
240 - UK - RECIFE 3 - 240,2 02 14 008756,RASTEIRA NAPA VEG WOOD V26,1,41,149,41,149,149,149,CALCADOS PERTHO LTDA-ME,NICOLLI ROSSETTI,UNCLE K,VERAO 2026,CALCADOS,SANDALIA  RASTEIRA,NACIONAL,NAPA VEGGIE,CALCADOS,RASTEIRA,WOODV26,2/23/2026,1
226 - UK - RECIFE - 226,2 02 14 008775,RASTEIRA VEGGIE SPRING V26,2,"83,8",278,"41,9",139,139,139,CALCADOS PERTHO LTDA-ME,NICOLLI ROSSETTI,UNCLE K,VERAO 2026,CALCADOS,SANDALIA  RASTEIRA,NACIONAL,VEGGIE,CALCADOS,RASTEIRA,SPRINGV26,12/23/2025,1
226 - UK - RECIFE - 226,2 02 14 008775,RASTEIRA VEGGIE SPRING V26,2,"83,8",278,"41,9",139,139,139,CALCADOS PERTHO LTDA-ME,NICOLLI ROSSETTI,UNCLE K,VERAO 2026,CALCADOS,SANDALIA  RASTEIRA,NACIONAL,VEGGIE,CALCADOS,RASTEIRA,SPRINGV26,12/15/2025,1
238 - UK - RECIFE 2 - 238,2 02 14 008774,RASTEIRA CAMURCA VEG CINQ V26,1,"39,9",139,"39,9",139,139,139,CALCADOS PERTHO LTDA-ME,NICOLLI ROSSETTI,UNCLE K,VERAO 2026,CALCADOS,SANDALIA  RASTEIRA,NACIONAL,CAMURCA VEGGIE,CALCADOS,RASTEIRA,CINQV26,3/2/2026,1
242 - UK - RECIFE 4 - 242,2 02 14 008770,RASTEIRA NOBUCK VEG VERT V26,1,55,189,55,189,189,189,CALCADOS PERTHO LTDA-ME,NICOLLI ROSSETTI,UNCLE K,VERAO 2026,CALCADOS,SANDALIA  RASTEIRA,NACIONAL,NOBUCK VEGGIE,CALCADOS,RASTEIRA,VERTV26,3/14/2026,1
238 - UK - RECIFE 2 - 238,2 02 14 008770,RASTEIRA NOBUCK VEG VERT V26,1,55,189,55,189,189,189,CALCADOS PERTHO LTDA-ME,NICOLLI ROSSETTI,UNCLE K,VERAO 2026,CALCADOS,SANDALIA  RASTEIRA,NACIONAL,NOBUCK VEGGIE,CALCADOS,RASTEIRA,VERTV26,3/18/2026,1
240 - UK - RECIFE 3 - 240,2 02 15 008870,PAPETE ELASTICO LAND I26,15,1140,3885,76,259,259,259,CALCADOS PERTHO LTDA-ME,NICOLLI ROSSETTI,UNCLE K,INVERNO 2026,CALCADOS,SANDALIA,NACIONAL,ELASTICO,CALCADOS,PAPETE,LANDI26,2/11/2026,1
226 - UK - RECIFE - 226,2 02 15 008870,PAPETE ELASTICO LAND I26,1,76,259,76,259,259,259,CALCADOS PERTHO LTDA-ME,NICOLLI ROSSETTI,UNCLE K,INVERNO 2026,CALCADOS,SANDALIA,NACIONAL,ELASTICO,CALCADOS,PAPETE,LANDI26,2/26/2026,1
242 - UK - RECIFE 4 - 242,2 02 15 008868,RASTEIRA NAPA VEG IKEBANA I26,15,690,2385,46,159,159,159,CALCADOS PERTHO LTDA-ME,NICOLLI ROSSETTI,UNCLE K,INVERNO 2026,CALCADOS,SANDALIA,NACIONAL,NAPA VEGGIE,CALCADOS,RASTEIRA,IKEBANAI26,2/11/2026,1
242 - UK - RECIFE 4 - 242,2 02 15 008868,RASTEIRA NAPA VEG IKEBANA I26,2,92,318,46,159,159,159,CALCADOS PERTHO LTDA-ME,NICOLLI ROSSETTI,UNCLE K,INVERNO 2026,CALCADOS,SANDALIA,NACIONAL,NAPA VEGGIE,CALCADOS,RASTEIRA,IKEBANAI26,3/18/2026,1
242 - UK - RECIFE 4 - 242,2 02 15 008869,RASTEIRA NOBUCK VEG SPIDER I26,10,620,1990,62,199,199,199,CALCADOS PERTHO LTDA-ME,NICOLLI ROSSETTI,UNCLE K,INVERNO 2026,CALCADOS,SANDALIA,NACIONAL,NOBUCK VEGGIE,CALCADOS,RASTEIRA,SPIDERI26,2/11/2026,1
240 - UK - RECIFE 3 - 240,2 02 15 008869,RASTEIRA NOBUCK VEG SPIDER I26,8,496,1592,62,199,199,199,CALCADOS PERTHO LTDA-ME,NICOLLI ROSSETTI,UNCLE K,INVERNO 2026,CALCADOS,SANDALIA,NACIONAL,NOBUCK VEGGIE,CALCADOS,RASTEIRA,SPIDERI26,2/11/2026,1
242 - UK - RECIFE 4 - 242,2 02 15 007995,FLAT NOB VEG/ELASTICO SPIDER V24,1,51,179,51,199,179,179,CALCADOS PERTHO LTDA-ME,NICOLLI ROSSETTI,UNCLE K,VERAO 2024,CALCADOS,SANDALIA,NACIONAL,NOBUCK VEGGIE/ELASTI,CALCADOS,RASTEIRA,SPIDERV24,12/26/2025,1
238 - UK - RECIFE 2 - 238,2 02 15 007994,FLAT ELASTICO NEW DANTE V24,1,54,99,54,179,99,179,CALCADOS PERTHO LTDA-ME,NICOLLI ROSSETTI,UNCLE K,VERAO 2024,CALCADOS,SANDALIA,NACIONAL,ELASTICO,CALCADOS,RASTEIRA,NEWDANTEV24,10/8/2024,1
238 - UK - RECIFE 2 - 238,2 04 07 008978,CARTEIRA COURO 70499 I26,9,"490,5",1521,"54,5",169,169,169,MARJU INDUSTRIA E COMERCIO DE COURO EIRELI,MARJU,UNCLE K,INVERNO 2026,ACESSORIOS,CARTEIRA COURO,NACIONAL,COURO,CARTEIRAS,CARTEIRA COURO,70499I26,3/4/2026,1
238 - UK - RECIFE 2 - 238,2 04 01 008473,BOLSINHA DE MAO NY 70416 I25,1,"39,98",99,"39,98",139,99,139,MARJU INDUSTRIA E COMERCIO DE COURO EIRELI,MARJU,UNCLE K,INVERNO 2025,ACESSORIOS,ACESSORIOS,NACIONAL,NYLON,ACESSORIOS,BOLSA DE MAO,70416I25,12/13/2025,1
238 - UK - RECIFE 2 - 238,2 04 01 008285,ALCA COURO 70573 V25,2,"70,84",258,"35,42",129,129,129,MARJU INDUSTRIA E COMERCIO DE COURO EIRELI,MARJU,UNCLE K,VERAO 2025,ACESSORIOS,ACESSORIOS,NACIONAL,COURO,ACESSORIOS,ALCA DE BOLSA,70573V25,10/31/2025,1
238 - UK - RECIFE 2 - 238,2 04 19 008582,CARTEIRA SINTETICO 70533 I25,1,"84,71",149,"84,71",219,149,219,MARJU INDUSTRIA E COMERCIO DE COURO EIRELI,MARJU,UNCLE K,INVERNO 2025,ACESSORIOS,CARTEIRAS,NACIONAL,SINTETICO,CARTEIRAS,CARTEIRA,70533I25,2/5/2026,1
240 - UK - RECIFE 3 - 240,2 04 19 008298,CARTEIRA COURO 70512 V25,1,"62,79",199,"62,79",199,199,199,MARJU INDUSTRIA E COMERCIO DE COURO EIRELI,MARJU,UNCLE K,VERAO 2025,ACESSORIOS,CARTEIRA COURO,NACIONAL,COURO,CARTEIRAS,CARTEIRA COURO,70512V25,8/8/2025,1
242 - UK - RECIFE 4 - 242,2 04 01 008465,PORTA PASSAPORTE COURO 70350 I25,1,"52,5",119,"52,5",159,119,159,MARJU INDUSTRIA E COMERCIO DE COURO EIRELI,MARJU,UNCLE K,INVERNO 2025,ACESSORIOS,ACESSORIOS,NACIONAL,COURO,ACESSORIOS,PORTA PASSAPORTE,70350I25,3/18/2025,1
226 - UK - RECIFE - 226,2 04 01 008718,CHAVEIRO COURO 70598 V26,1,"22,64",69,"22,64",69,69,69,MARJU INDUSTRIA E COMERCIO DE COURO EIRELI,MARJU,UNCLE K,VERAO 2026,ACESSORIOS,ACESSORIOS,NACIONAL,COURO,ACESSORIOS,CHAVEIRO,70598V26,1/18/2026,1
242 - UK - RECIFE 4 - 242,2 04 01 008640,PORTA PASSAPORTE COURO 70350 V26,3,159,357,53,159,119,159,MARJU INDUSTRIA E COMERCIO DE COURO EIRELI,MARJU,UNCLE K,VERAO 2026,ACESSORIOS,ACESSORIOS,NACIONAL,COURO,ACESSORIOS,PORTA PASSAPORTE,70350V26,12/16/2025,1
226 - UK - RECIFE - 226,2 04 19 008726,CARTEIRA PU 70533 V26,1,"88,1",149,"88,1",219,149,219,MARJU INDUSTRIA E COMERCIO DE COURO EIRELI,MARJU,UNCLE K,VERAO 2026,ACESSORIOS,CARTEIRAS,NACIONAL,PU,CARTEIRAS,CARTEIRA,70533V26,2/18/2026,1
226 - UK - RECIFE - 226,2 04 07 008651,CARTEIRA COURO 70347 V26,2,"151,34",458,"75,67",229,229,229,MARJU INDUSTRIA E COMERCIO DE COURO EIRELI,MARJU,UNCLE K,VERAO 2026,ACESSORIOS,CARTEIRA COURO,NACIONAL,COURO,CARTEIRAS,CARTEIRA COURO,70347V26,12/22/2025,1
240 - UK - RECIFE 3 - 240,2 04 07 007780,CARTEIRA COURO 70374,1,"42,43",149,"42,43",149,149,139,MARJU INDUSTRIA E COMERCIO DE COURO EIRELI,MARJU,UNCLE K,INVERNO 2023,ACESSORIOS,CARTEIRA COURO,NACIONAL,COURO,MASCULINO,CARTEIRA MASCULINA,70374I23,11/1/2025,1
242 - UK - RECIFE 4 - 242,2 04 07 007780,CARTEIRA COURO 70374,3,"127,29",447,"42,43",149,149,139,MARJU INDUSTRIA E COMERCIO DE COURO EIRELI,MARJU,UNCLE K,INVERNO 2023,ACESSORIOS,CARTEIRA COURO,NACIONAL,COURO,MASCULINO,CARTEIRA MASCULINA,70374I23,3/3/2026,1
238 - UK - RECIFE 2 - 238,2 04 01 007446,POCHETE NYLON 70359 V23,1,53,119,53,189,119,169,MARJU INDUSTRIA E COMERCIO DE COURO EIRELI,MARJU,UNCLE K,VERAO 2023,ACESSORIOS,ACESSORIOS,NACIONAL,NYLON,ACESSORIOS,POCHETE,70359V23,1/30/2026,1
226 - UK - RECIFE - 226,2 01 03 008261,BOLSA COURO 61063 V25,1,138,459,138,459,459,459,MARJU INDUSTRIA E COMERCIO DE COURO EIRELI,MARJU,UNCLE K,VERAO 2025,BOLSAS,BOLSA COURO,NACIONAL,COURO,BOLSAS COURO,BOLSA MULTIUSO,61063V25,8/3/2025,1
226 - UK - RECIFE - 226,2 04 01 007831,CINTO ELASTICO/COURO 70483 V24,1,"27,68",49,"27,68",89,49,89,MARJU INDUSTRIA E COMERCIO DE COURO EIRELI,MARJU,UNCLE K,VERAO 2024,ACESSORIOS,ACESSORIOS,NACIONAL,ELASTICO/COURO,ACESSORIOS,CINTO,70483V24,6/15/2024,1
238 - UK - RECIFE 2 - 238,2 04 07 007363,CARTEIRA COURO 70417 I22,1,"62,14",99,"62,14",199,99,199,MARJU INDUSTRIA E COMERCIO DE COURO EIRELI,MARJU,UNCLE K,INVERNO 2022,ACESSORIOS,CARTEIRA COURO,NACIONAL,COURO,CARTEIRAS,CARTEIRA,70417I22,2/18/2026,1
242 - UK - RECIFE 4 - 242,2 04 07 008203,CARTEIRA COURO 70377 I24,4,"139,6",476,"34,9",119,119,119,MARJU INDUSTRIA E COMERCIO DE COURO EIRELI,MARJU,UNCLE K,INVERNO 2024,ACESSORIOS,CARTEIRA COURO,NACIONAL,COURO,MASCULINO,CARTEIRA MASCULINA,70377I24,3/5/2026,1
226 - UK - RECIFE - 226,2 04 07 008200,CARTEIRA COURO 70374 I24,4,"201,92",676,"50,48",169,169,169,MARJU INDUSTRIA E COMERCIO DE COURO EIRELI,MARJU,UNCLE K,INVERNO 2024,ACESSORIOS,CARTEIRA COURO,NACIONAL,COURO,MASCULINO,CARTEIRA MASCULINA,70374I24,8/27/2025,1
238 - UK - RECIFE 2 - 238,2 04 07 008201,CARTEIRA COURO 70375 I24,1,"49,95",169,"49,95",169,169,169,MARJU INDUSTRIA E COMERCIO DE COURO EIRELI,MARJU,UNCLE K,INVERNO 2024,ACESSORIOS,CARTEIRA COURO,NACIONAL,COURO,MASCULINO,CARTEIRA MASCULINA,70375I24,9/13/2025,1
226 - UK - RECIFE - 226,2 04 13 007770,NECESSAIRE NYLON 70266 I23,1,"25,96",59,"25,96",79,59,79,MARJU INDUSTRIA E COMERCIO DE COURO EIRELI,MARJU,UNCLE K,INVERNO 2023,ACESSORIOS,NECESSAIRES,NACIONAL,NYLON,NECESSAIRES,NECESSAIRE,70266I23,3/6/2026,1
238 - UK - RECIFE 2 - 238,2 04 13 007770,NECESSAIRE NYLON 70266 I23,2,"51,92",118,"25,96",79,59,79,MARJU INDUSTRIA E COMERCIO DE COURO EIRELI,MARJU,UNCLE K,INVERNO 2023,ACESSORIOS,NECESSAIRES,NACIONAL,NYLON,NECESSAIRES,NECESSAIRE,70266I23,3/2/2026,1
238 - UK - RECIFE 2 - 238,2 04 01 007441,PORTA CELULAR NYLON 70441 V23,2,"109,26",378,"54,63",189,189,189,MARJU INDUSTRIA E COMERCIO DE COURO EIRELI,MARJU,UNCLE K,VERAO 2023,ACESSORIOS,ACESSORIOS,NACIONAL,NYLON,ACESSORIOS,PORTA CELULAR,70441V23,4/1/2025,1
242 - UK - RECIFE 4 - 242,2 04 07 007103,CARTEIRA COURO 70376 V22,1,35,129,35,159,129,149,MARJU INDUSTRIA E COMERCIO DE COURO EIRELI,MARJU,UNCLE K,VERAO 2022,ACESSORIOS,CARTEIRA COURO,NACIONAL,COURO,MASCULINO,CARTEIRA COURO,70376 V22,3/7/2026,1
240 - UK - RECIFE 3 - 240,2 04 07 007101,CARTEIRA COURO 70374 V22,1,"36,5",119,"36,5",149,119,139,MARJU INDUSTRIA E COMERCIO DE COURO EIRELI,MARJU,UNCLE K,VERAO 2022,ACESSORIOS,CARTEIRA COURO,NACIONAL,COURO,MASCULINO,CARTEIRA COURO,70374 V22,10/8/2025,1
226 - UK - RECIFE - 226,02 00000017,CONSUMO LOJA LAMP LED PAR30 9W 3000K STELLA,-1,,,,,0,,AVANTI ILUMINACAO LTDA,,,,,,,,,,,5/6/2024,1
238 - UK - RECIFE 2 - 238,2 04 01 007824,GUARDA CHUVA POLIESTER GOMOS P,2,"109,8",358,"54,9",169,179,179,GUARDACHUVARIA CONTORNOS,CONTORNOS 2,UNCLE K,VERAO 2024,ACESSORIOS,ACESSORIOS,NACIONAL,POLIESTER,ACESSORIOS,GUARDA-CHUVA,GOMOSPV24,9/3/2025,1
238 - UK - RECIFE 2 - 238,2 04 01 007824,GUARDA CHUVA POLIESTER GOMOS P,4,"219,6",716,"54,9",179,179,179,GUARDACHUVARIA CONTORNOS,CONTORNOS 2,UNCLE K,VERAO 2024,ACESSORIOS,ACESSORIOS,NACIONAL,POLIESTER,ACESSORIOS,GUARDA-CHUVA,GOMOSPV24,9/3/2025,1
238 - UK - RECIFE 2 - 238,2 04 01 007639,GUARDA CHUVA POLIESTER MINI FUN P,3,"155,7",507,"51,9",169,169,169,GUARDACHUVARIA CONTORNOS,CONTORNOS 2,UNCLE K,INVERNO 2023,ACESSORIOS,ACESSORIOS,NACIONAL,POLIESTER,ACESSORIOS,GUARDA-CHUVA,MINIFUNPI23,3/2/2026,1
238 - UK - RECIFE 2 - 238,2 02 18 007828,TENIS LONA ALOHA V24,1,89,149,89,299,149,299,RC INDUSTRIA DE CALCADOS EIRELI,PRIMMA SCARPA,UNCLE K,VERAO 2024,CALCADOS,TENIS,NACIONAL,LONA,CALCADOS,TENIS,ALOHAV24,7/30/2024,1
226 - UK - RECIFE - 226,2 02 18 007421,TENIS LONA ALOHA V23,1,84,149,84,299,149,279,RC INDUSTRIA DE CALCADOS EIRELI,PRIMMA SCARPA,UNCLE K,VERAO 2023,CALCADOS,TENIS,NACIONAL,LONA,CALCADOS,TENIS,ALOHAV23,3/6/2026,1
226 - UK - RECIFE - 226,2 02 15 008600,PAPETE CAMURCA VEG MALTA I25,1,88,229,88,299,229,299,INDUSTRIA E COMERCIO DE CALCADOS S SANTOS LTDA,SUZANA SANTOS,UNCLE K,INVERNO 2025,CALCADOS,SANDALIA,NACIONAL,CAMURCA VEGGIE,CALCADOS,PAPETE,MALTAI25,8/9/2025,1
226 - UK - RECIFE - 226,2 02 15 008600,PAPETE CAMURCA VEG MALTA I25,1,88,229,88,299,229,299,INDUSTRIA E COMERCIO DE CALCADOS S SANTOS LTDA,SUZANA SANTOS,UNCLE K,INVERNO 2025,CALCADOS,SANDALIA,NACIONAL,CAMURCA VEGGIE,CALCADOS,PAPETE,MALTAI25,3/17/2025,1
238 - UK - RECIFE 2 - 238,2 02 18 008873,TENIS NAPA VEG TK2 I26,12,1140,4308,95,359,359,359,INDUSTRIA E COMERCIO DE CALCADOS S SANTOS LTDA,SUZANA SANTOS,UNCLE K,INVERNO 2026,CALCADOS,TENIS,NACIONAL,NAPA VEGGIE,CALCADOS,TENIS,TK2I26,3/16/2026,1
238 - UK - RECIFE 2 - 238,2 02 17 008270,SAPATO NOBUCK VEG FRANCIS V25,1,92,"174,5",92,349,"174,5",349,INDUSTRIA E COMERCIO DE CALCADOS S SANTOS LTDA,SUZANA SANTOS,UNCLE K,VERAO 2025,CALCADOS,SAPATO,NACIONAL,NOBUCK VEGGIE,CALCADOS,SAPATO BONECA,FRANCISV25,8/12/2025,1
226 - UK - RECIFE - 226,02 0000004,AROMATIZANTE DE AMBIENTE AROMATIZANTE DE AMBIENTE,-1,,,,,0,,U J SANTOS AROMAS E COSMETICOS,SEGREDOS DA ALQUIMIA,,,,,,,,,,2/24/2025,1
240 - UK - RECIFE 3 - 240,2 02 15 008765,PAPETE TRAMA VEG KITTY V26,1,63,259,63,259,259,259,INDUSTRIA E COMERCIO DE CALCADOS S.SANTOS LTDA,RENATA MELLO,UNCLE K,VERAO 2026,CALCADOS,SANDALIA,NACIONAL,TRAMA VEGGIE,CALCADOS,PAPETE,KITTYV26,11/6/2025,1
238 - UK - RECIFE 2 - 238,2 02 15 008759,PLATAFORMA NOBUCK VEG FIL V26,1,76,329,76,329,329,329,INDUSTRIA E COMERCIO DE CALCADOS S.SANTOS LTDA,RENATA MELLO,UNCLE K,VERAO 2026,CALCADOS,SANDALIA,NACIONAL,NOBUCK VEGGIE,CALCADOS,PLATAFORMA,FILV26,1/22/2026,1
240 - UK - RECIFE 3 - 240,2 02 15 008849,RASTEIRA NAPA/CAMURCA VEG EMBAU V26,1,36,149,36,149,149,149,INDUSTRIA E COMERCIO DE CALCADOS S.SANTOS LTDA,RENATA MELLO,UNCLE K,ALTO VERAO 2026,CALCADOS,SANDALIA,NACIONAL,NAPA/CAMURCA VEGGIE,CALCADOS,RASTEIRA,EMBAUV26,12/18/2025,1
238 - UK - RECIFE 2 - 238,2 02 15 008849,RASTEIRA NAPA/CAMURCA VEG EMBAU V26,1,36,149,36,149,149,149,INDUSTRIA E COMERCIO DE CALCADOS S.SANTOS LTDA,RENATA MELLO,UNCLE K,ALTO VERAO 2026,CALCADOS,SANDALIA,NACIONAL,NAPA/CAMURCA VEGGIE,CALCADOS,RASTEIRA,EMBAUV26,1/22/2026,1
238 - UK - RECIFE 2 - 238,2 02 15 008848,RASTEIRA NAPA/CAMURCA VEG MARAU V26,1,36,149,36,149,149,149,INDUSTRIA E COMERCIO DE CALCADOS S.SANTOS LTDA,RENATA MELLO,UNCLE K,ALTO VERAO 2026,CALCADOS,SANDALIA,NACIONAL,NAPA/CAMURCA VEGGIE,CALCADOS,RASTEIRA,MARAUV26,2/25/2026,1
242 - UK - RECIFE 4 - 242,2 02 15 008847,PAPETE NAPA/CAMURCA VEG GRUMARI V26,1,56,229,56,229,229,229,INDUSTRIA E COMERCIO DE CALCADOS S.SANTOS LTDA,RENATA MELLO,UNCLE K,ALTO VERAO 2026,CALCADOS,,NACIONAL,NAPA/CAMURCA VEGGIE,CALCADOS,PAPETE,GRUMARIV26,2/24/2026,1
240 - UK - RECIFE 3 - 240,2 02 15 008847,PAPETE NAPA/CAMURCA VEG GRUMARI V26,1,56,229,56,229,229,229,INDUSTRIA E COMERCIO DE CALCADOS S.SANTOS LTDA,RENATA MELLO,UNCLE K,ALTO VERAO 2026,CALCADOS,,NACIONAL,NAPA/CAMURCA VEGGIE,CALCADOS,PAPETE,GRUMARIV26,3/3/2026,1
242 - UK - RECIFE 4 - 242,2 02 15 008847,PAPETE NAPA/CAMURCA VEG GRUMARI V26,1,56,229,56,229,229,229,INDUSTRIA E COMERCIO DE CALCADOS S.SANTOS LTDA,RENATA MELLO,UNCLE K,ALTO VERAO 2026,CALCADOS,,NACIONAL,NAPA/CAMURCA VEGGIE,CALCADOS,PAPETE,GRUMARIV26,3/2/2026,1
240 - UK - RECIFE 3 - 240,2 02 14 008846,RASTEIRA CAMURCA VEGGIE ESPELHO V26,1,45,179,45,179,179,179,INDUSTRIA E COMERCIO DE CALCADOS S.SANTOS LTDA,RENATA MELLO,UNCLE K,ALTO VERAO 2026,CALCADOS,SANDALIA,NACIONAL,CAMURCA VEGGIE,CALCADOS,RASTEIRA,ESPELHOV26,1/16/2026,1
242 - UK - RECIFE 4 - 242,2 02 14 008773,RASTEIRA NAPA VEG QUINTA V26,1,36,129,36,129,129,129,INDUSTRIA E COMERCIO DE CALCADOS S.SANTOS LTDA,RENATA MELLO,UNCLE K,VERAO 2026,CALCADOS,SANDALIA  RASTEIRA,NACIONAL,NAPA VEGGIE,CALCADOS,RASTEIRA,QUINTAV26,3/2/2026,1
238 - UK - RECIFE 2 - 238,2 02 14 008773,RASTEIRA NAPA VEG QUINTA V26,2,72,258,36,129,129,129,INDUSTRIA E COMERCIO DE CALCADOS S.SANTOS LTDA,RENATA MELLO,UNCLE K,VERAO 2026,CALCADOS,SANDALIA  RASTEIRA,NACIONAL,NAPA VEGGIE,CALCADOS,RASTEIRA,QUINTAV26,12/26/2025,1
226 - UK - RECIFE - 226,2 02 15 008772,PLATAFORMA NOBUCK VEG DIGGY V26,1,76,329,76,329,329,329,INDUSTRIA E COMERCIO DE CALCADOS S.SANTOS LTDA,RENATA MELLO,UNCLE K,VERAO 2026,CALCADOS,SANDALIA,NACIONAL,NOBUCK VEGGIE,CALCADOS,PLATAFORMA,DIGGYV26,12/26/2025,1
226 - UK - RECIFE - 226,2 02 15 008772,PLATAFORMA NOBUCK VEG DIGGY V26,1,76,329,76,329,329,329,INDUSTRIA E COMERCIO DE CALCADOS S.SANTOS LTDA,RENATA MELLO,UNCLE K,VERAO 2026,CALCADOS,SANDALIA,NACIONAL,NOBUCK VEGGIE,CALCADOS,PLATAFORMA,DIGGYV26,1/27/2026,1
226 - UK - RECIFE - 226,2 02 18 008749,TENIS VEGGIE KA V26,4,336,1396,84,349,349,349,INDUSTRIA E COMERCIO DE CALCADOS S.SANTOS LTDA,RENATA MELLO,UNCLE K,VERAO 2026,CALCADOS,TENIS,NACIONAL,VEGGIE,CALCADOS,TENIS,KAV26,2/28/2026,1
238 - UK - RECIFE 2 - 238,2 02 15 008748,PLATAFORMA NOBUCK VEG MARIANA V26,3,252,987,84,329,329,329,INDUSTRIA E COMERCIO DE CALCADOS S.SANTOS LTDA,RENATA MELLO,UNCLE K,VERAO 2026,CALCADOS,SANDALIA,NACIONAL,NOBUCK VEGGIE,CALCADOS,PLATAFORMA,MARIANAV26,9/15/2025,1
226 - UK - RECIFE - 226,2 02 15 008740,PAPETE NAPA VEG CANYON V26,1,57,189,57,189,189,189,INDUSTRIA E COMERCIO DE CALCADOS S.SANTOS LTDA,RENATA MELLO,UNCLE K,VERAO 2026,CALCADOS,SANDALIA,NACIONAL,NAPA VEGGIE,CALCADOS,PAPETE,CANYONV26,1/16/2026,1
226 - UK - RECIFE - 226,2 02 15 008740,PAPETE NAPA VEG CANYON V26,1,57,189,57,189,189,189,INDUSTRIA E COMERCIO DE CALCADOS S.SANTOS LTDA,RENATA MELLO,UNCLE K,VERAO 2026,CALCADOS,SANDALIA,NACIONAL,NAPA VEGGIE,CALCADOS,PAPETE,CANYONV26,8/26/2025,1
242 - UK - RECIFE 4 - 242,2 02 15 008872,PLATAFORMA CAMURCA VEG VELEZ I26,18,1530,5922,85,329,329,329,INDUSTRIA E COMERCIO DE CALCADOS S.SANTOS LTDA,RENATA MELLO,UNCLE K,INVERNO 2026,CALCADOS,SANDALIA,NACIONAL,CAMURCA VEGGIE,CALCADOS,PLATAFORMA,VELEZI26,3/19/2026,1
242 - UK - RECIFE 4 - 242,2 02 18 008605,TENIS COURO RIO I25,1,149,469,149,469,469,469,CALCADOS SHELTER INDUSTRIA E COMERCIA LTDA EPP,SHELTER,UNCLE K,INVERNO 2025,CALCADOS,TENIS,NACIONAL,COURO,CALCADOS,TENIS,RIOI25,10/3/2025,1
226 - UK - RECIFE - 226,2 02 18 00818,TENIS COURO RIO I24,2,284,898,142,449,449,449,CALCADOS SHELTER INDUSTRIA E COMERCIA LTDA EPP,SHELTER,UNCLE K,INVERNO 2024,CALCADOS,TENIS,NACIONAL,COURO,CALCADOS,TENIS,RIOI24,3/6/2026,1
226 - UK - RECIFE - 226,2 02 18 007814,TENIS NEOPRENE NEO,5,"734,5",1195,"146,9",489,239,489,CALCADOS SHELTER INDUSTRIA E COMERCIA LTDA EPP,SHELTER,UNCLE K,INVERNO 2023,CALCADOS,TENIS,NACIONAL,NEOPRENE,MASCULINO,TENIS,NEO,7/30/2025,1
238 - UK - RECIFE 2 - 238,2 03 11 007926,MOCHILA NYLON BNT BUK V24,2,300,1098,150,549,549,549,BAG PLANET BOLSAS E ACESSORIOS LTDA,BAG PLANET BOLSAS E ACESSORIOS LTDA,UNCLE K,VERAO 2024,MOCHILAS,MOCHILA NYLON,IMPORTADO,NYLON BNT,MOCHILAS BASICAS,MOCHILA,BUKV24,3/2/2026,1
240 - UK - RECIFE 3 - 240,2 03 11 007925,MOCHILA NYLON BNT MINI BUK V24,1,140,499,140,499,499,499,BAG PLANET BOLSAS E ACESSORIOS LTDA,BAG PLANET BOLSAS E ACESSORIOS LTDA,UNCLE K,VERAO 2024,MOCHILAS,MOCHILA NYLON,IMPORTADO,NYLON BNT,MOCHILAS BASICAS,MOCHILA,MINIBUKV24,3/5/2024,1
238 - UK - RECIFE 2 - 238,2 03 11 008109,MOCHILA NY BNT BUK I24,4,600,2196,150,549,549,549,BAG PLANET BOLSAS E ACESSORIOS LTDA,BAG PLANET BOLSAS E ACESSORIOS LTDA,UNCLE K,INVERNO 2024,MOCHILAS,MOCHILA NYLON,IMPORTADO,NYLON BNT,MOCHILAS BASICAS,MOCHILA,BUKBNTI24,4/16/2024,1
226 - UK - RECIFE - 226,2 01 04 007255,BOLSA NYLON SOFT 60855 I22,1,135,299,135,399,299,399,BAG PLANET BOLSAS E ACESSORIOS LTDA,BAG PLANET BOLSAS E ACESSORIOS LTDA,UNCLE K,INVERNO 2022,BOLSAS,BOLSA NYLON,IMPORTADO,NYLON SOFT,BOLSAS NYLON IMPORTADO,BOLSA OMBRO,60855I22,1/12/2023,1
242 - UK - RECIFE 4 - 242,2 02 15 008878,SANDALIA COURO TOTIS I26,1,"86,3",279,"86,3",279,279,279,NIVAN CALCADOS LTDA,AYE AYE,UNCLE K,INVERNO 2026,CALCADOS,SANDALIA,NACIONAL,COURO,CALCADOS,RASTEIRA,TOTISI26,3/17/2026,1
238 - UK - RECIFE 2 - 238,2 02 14 008734,RASTEIRA COURO GRASS V26,2,"168,8",538,"84,4",269,269,269,NIVAN CALCADOS LTDA,AYE AYE,UNCLE K,VERAO 2026,CALCADOS,SANDALIA  RASTEIRA,NACIONAL,COURO,CALCADOS,RASTEIRA,GRASSV26,8/1/2025,1
226 - UK - RECIFE - 226,2 02 14 008733,RASTEIRA COURO GOLDEN V26,1,84,269,84,269,269,269,NIVAN CALCADOS LTDA,AYE AYE,UNCLE K,VERAO 2026,CALCADOS,SANDALIA  RASTEIRA,NACIONAL,COURO,CALCADOS,RASTEIRA,GOLDENV26,10/29/2025,1
226 - UK - RECIFE - 226,2 02 14 008769,RASTEIRA COURO RIVER V26,1,"77,5",249,"77,5",249,249,249,NIVAN CALCADOS LTDA,AYE AYE,UNCLE K,VERAO 2026,CALCADOS,SANDALIA  RASTEIRA,NACIONAL,COURO,CALCADOS,RASTEIRA,RIVERV26,3/13/2026,1
240 - UK - RECIFE 3 - 240,2 02 15 008879,PAPETE CAMURCA BRICK I26,9,"1077,3",3501,"119,7",389,389,389,NIVAN CALCADOS LTDA,AYE AYE,UNCLE K,INVERNO 2026,CALCADOS,SANDALIA,NACIONAL,CAMURCA,CALCADOS,PAPETE,BRICKI26,3/13/2026,1
238 - UK - RECIFE 2 - 238,2 02 15 008267,RASTEIRA COURO GOLDEN V25,1,"85,7",269,"85,7",269,269,269,NIVAN CALCADOS LTDA,AYE AYE,UNCLE K,VERAO 2025,CALCADOS,SANDALIA,NACIONAL,COURO,CALCADOS,RASTEIRA,GOLDENV25,7/17/2025,1
242 - UK - RECIFE 4 - 242,2 04 01 008242,COPO ALUMINIO SPLASH V25,1,"41,2",69,"41,2",139,69,139,SANTA CLARA BRINDES,SANTA CLARA BRINDES,UNCLE K,VERAO 2025,ACESSORIOS,ACESSORIOS,NACIONAL,ALUMINIO,ACESSORIOS,COPO,SPLASHV25,2/13/2025,1
238 - UK - RECIFE 2 - 238,2 04 01 007841,CHAPEU BUCKET NYLON 70486 V24,1,"77,9",164,"77,9",199,164,199,GOMES CONFECCOES LTDA,GOMES,UNCLE K,VERAO 2024,ACESSORIOS,ACESSORIOS,NACIONAL,NYLON,ACESSORIOS,CHAPEU,70486V24,3/7/2025,1
242 - UK - RECIFE 4 - 242,2 02 17 007734,SAPATO COURO KYOTO I23,1,"99,9",199,"99,9",329,199,329,ARLETE WAGNER DA SILVA,PRIMMA SCARPA,UNCLE K,INVERNO 2023,CALCADOS,SAPATO,NACIONAL,COURO,CALCADOS,SAPATO,KYOTOI23,11/9/2024,1
226 - UK - RECIFE - 226,2 02 15 008007,PAPETE COURO JAZZ V24,1,"72,9",249,"72,9",249,249,249,ARLETE WAGNER DA SILVA,PRIMMA SCARPA,UNCLE K,VERAO 2024,CALCADOS,SANDALIA,NACIONAL,COURO,CALCADOS,BIRKEN,JAZZ24,12/21/2023,1
226 - UK - RECIFE - 226,2 02 15 008367,PAPETE COURO JAZZ V25,1,"76,9","129,5","76,9",259,"129,5",259,CALCADOS R.M.S LTDA,RMS,UNCLE K,VERAO 2025,CALCADOS,SANDALIA,NACIONAL,COURO,CALCADOS,PAPETE,JAZZV25,3/19/2025,1
242 - UK - RECIFE 4 - 242,2 02 15 008361,PAPETE ELASTICO SERENA V25,1,"74,3",259,"74,3",259,259,249,CALCADOS R.M.S LTDA,RMS,UNCLE K,VERAO 2025,CALCADOS,SANDALIA,NACIONAL,ELASTICO,CALCADOS,PAPETE,SERENAV25,3/4/2026,1
240 - UK - RECIFE 3 - 240,2 02 15 008361,PAPETE ELASTICO SERENA V25,1,"74,3",259,"74,3",259,259,249,CALCADOS R.M.S LTDA,RMS,UNCLE K,VERAO 2025,CALCADOS,SANDALIA,NACIONAL,ELASTICO,CALCADOS,PAPETE,SERENAV25,9/9/2024,1
242 - UK - RECIFE 4 - 242,2 02 15 008735,PAPETE COURO FIGARO V26,1,78,259,78,259,259,259,CALCADOS R.M.S LTDA,RMS,UNCLE K,VERAO 2026,CALCADOS,SANDALIA,NACIONAL,COURO,CALCADOS,PAPETE,FIGAROV26,12/11/2025,1
226 - UK - RECIFE - 226,2 02 15 008736,ANABELA COURO PIC NIC V26,1,87,299,87,299,299,299,CALCADOS R.M.S LTDA,RMS,UNCLE K,VERAO 2026,CALCADOS,SANDALIA  ANABELA,NACIONAL,COURO,CALCADOS,ANABELA,PICNICV26,1/9/2026,1
242 - UK - RECIFE 4 - 242,2 02 15 007984,PLATAFORMA LONA TRANCOSO V24,1,"99,9",149,"99,9",329,149,329,NEW PORT IND. COM. IMP. E EXP DE CALCADOS LTDA,A3 ESPADRILLES,UNCLE K,VERAO 2024,CALCADOS,SANDALIA,NACIONAL,LONA,CALCADOS,PLATAFORMA,TRANCOSOV24,6/3/2025,1
238 - UK - RECIFE 2 - 238,2 03 11 008301,MOCHILA NYLON BNT MINI BUK V25,1,124,499,124,499,499,499,TRUST - IMPORTACAO E EXPORTACAO EIRELI,TTL BRAZIL (DTX),UNCLE K,VERAO 2025,MOCHILAS,MOCHILA NYLON,IMPORTADO,NYLON BNT,MOCHILAS BASICAS,MOCHILA,MINIBUKBNTV25,1/19/2026,1
226 - UK - RECIFE - 226,2 01 04 008311,BOLSA NYLON BNT 61042 V25,1,78,359,78,369,359,369,TRUST - IMPORTACAO E EXPORTACAO EIRELI,TTL BRAZIL (DTX),UNCLE K,VERAO 2025,BOLSAS,BOLSA NYLON,IMPORTADO,NYLON BNT,BOLSAS NYLON IMPORTADO,BOLSA TRANSPASSE,61042V25,12/16/2024,1
238 - UK - RECIFE 2 - 238,2 01 04 008310,BOLSA NYLON BNT 61232 V25,1,109,469,109,469,469,469,TRUST - IMPORTACAO E EXPORTACAO EIRELI,TTL BRAZIL (DTX),UNCLE K,VERAO 2025,BOLSAS,BOLSA NYLON,IMPORTADO,NYLON BNT,BOLSAS NYLON IMPORTADO,BOLSA TRANSPASSE,61232BNTV25,1/30/2026,1
242 - UK - RECIFE 4 - 242,2 03 11 008303,MOCHILA NYLON BNT BIG BUK V25,2,288,1178,144,589,589,589,TRUST - IMPORTACAO E EXPORTACAO EIRELI,TTL BRAZIL (DTX),UNCLE K,VERAO 2025,MOCHILAS,MOCHILA NYLON,IMPORTADO,NYLON BNT,MOCHILAS BASICAS,MOCHILA,BIGBUKBNTV25,9/24/2025,1
238 - UK - RECIFE 2 - 238,2 03 11 008303,MOCHILA NYLON BNT BIG BUK V25,1,144,589,144,589,589,589,TRUST - IMPORTACAO E EXPORTACAO EIRELI,TTL BRAZIL (DTX),UNCLE K,VERAO 2025,MOCHILAS,MOCHILA NYLON,IMPORTADO,NYLON BNT,MOCHILAS BASICAS,MOCHILA,BIGBUKBNTV25,3/2/2026,1
238 - UK - RECIFE 2 - 238,2 03 11 008302,MOCHILA NYLON BNT BUK V25,3,390,1647,130,549,549,549,TRUST - IMPORTACAO E EXPORTACAO EIRELI,TTL BRAZIL (DTX),UNCLE K,VERAO 2025,MOCHILAS,MOCHILA NYLON,IMPORTADO,NYLON BNT,MOCHILAS BASICAS,MOCHILA,BUKBNTV25,3/12/2026,1
226 - UK - RECIFE - 226,2 03 11 008302,MOCHILA NYLON BNT BUK V25,2,260,1098,130,549,549,549,TRUST - IMPORTACAO E EXPORTACAO EIRELI,TTL BRAZIL (DTX),UNCLE K,VERAO 2025,MOCHILAS,MOCHILA NYLON,IMPORTADO,NYLON BNT,MOCHILAS BASICAS,MOCHILA,BUKBNTV25,3/11/2026,1
238 - UK - RECIFE 2 - 238,2 02 15 008326,SANDALIA NEOPRENE MEDUSA V25,1,119,379,119,379,379,379,CALCADOS NATORE RAPERE LTDA,NATORE,UNCLE K,VERAO 2025,CALCADOS,SANDALIA,NACIONAL,NEOPRENE,CALCADOS,SANDALIA SALTO,MEDUSAV25,8/20/2024,1
226 - UK - RECIFE - 226,2 02 15 008883,SANDALIA NEOPRENE TRIANON I26,2,248,798,124,399,399,399,CALCADOS NATORE RAPERE LTDA,NATORE,UNCLE K,INVERNO 2026,CALCADOS,SANDALIA,NACIONAL,NEOPRENE,CALCADOS,SANDALIA SALTO,TRIANONI26,3/17/2026,1
226 - UK - RECIFE - 226,2 02 15 008883,SANDALIA NEOPRENE TRIANON I26,1,124,399,124,399,399,399,CALCADOS NATORE RAPERE LTDA,NATORE,UNCLE K,INVERNO 2026,CALCADOS,SANDALIA,NACIONAL,NEOPRENE,CALCADOS,SANDALIA SALTO,TRIANONI26,3/11/2026,1
240 - UK - RECIFE 3 - 240,2 02 15 008882,SANDALIA NEOPRENE MEDUSA I26,2,248,798,124,399,399,399,CALCADOS NATORE RAPERE LTDA,NATORE,UNCLE K,INVERNO 2026,CALCADOS,SANDALIA,NACIONAL,NEOPRENE,CALCADOS,SANDALIA SALTO,MEDUSAI26,3/17/2026,1
242 - UK - RECIFE 4 - 242,2 01 04 008387,BOLSA NY SOFT 61233 V25,1,90,369,90,369,369,369,ITIBAG COMERCIO DE BOLSAS E ACESSORIOS LTDA EPP,ITIBAG,UNCLE K,VERAO 2025,BOLSAS,BOLSA NYLON,IMPORTADO,NYLON SOFT,BOLSAS NYLON IMPORTADO,BOLSA MULTIUSO,61233V25,11/21/2024,1
226 - UK - RECIFE - 226,2 03 11 008426,MOCHILA NY SOFT BIG BUK V25,1,149,459,149,589,459,589,ITIBAG COMERCIO DE BOLSAS E ACESSORIOS LTDA EPP,ITIBAG,UNCLE K,VERAO 2025,MOCHILAS,MOCHILA NYLON,IMPORTADO,NYLON SOFT,MOCHILAS BASICAS,MOCHILA,BIGBUKSFV25,11/22/2024,1
240 - UK - RECIFE 3 - 240,2 03 11 008572,MOCHILA NY TWILL 61151 I25,1,145,539,145,539,539,539,SERRAMAR DISTRIBUIDORA LTDA,SERRAMAR,UNCLE K,INVERNO 2025,MOCHILAS,MOCHILA NYLON,IMPORTADO,NYLON TWILL,MOCHILAS/MALAS,MOCHILA,61151I25,7/10/2025,1
226 - UK - RECIFE - 226,2 01 04 008551,BOLSA NY TWILL 61318 I25,1,167,549,167,549,549,549,SERRAMAR DISTRIBUIDORA LTDA,SERRAMAR,UNCLE K,INVERNO 2025,BOLSAS,BOLSA NYLON,IMPORTADO,NYLON TWILL,BOLSAS NYLON IMPORTADO,BOLSA TRANSPASSE,61318I25,9/8/2025,1
238 - UK - RECIFE 2 - 238,2 04 02 008924,COLAR RESINA CI26J,2,52,178,26,89,89,89,BIJOU FASHION BIJOUTERIAS LTDA,BIJOU FASHION BIJOUTERIAS LTDA,UNCLE K,INVERNO 2026,ACESSORIOS,BIJUTERIA,NACIONAL,RESINA,BIJUTERIA,COLAR,CI26J,3/19/2026,1
242 - UK - RECIFE 4 - 242,2 04 02 008924,COLAR RESINA CI26J,3,78,267,26,89,89,89,BIJOU FASHION BIJOUTERIAS LTDA,BIJOU FASHION BIJOUTERIAS LTDA,UNCLE K,INVERNO 2026,ACESSORIOS,BIJUTERIA,NACIONAL,RESINA,BIJUTERIA,COLAR,CI26J,3/16/2026,1
242 - UK - RECIFE 4 - 242,2 04 02 008923,COLAR METAL/RESINA CI26C,4,120,396,30,99,99,99,BIJOU FASHION BIJOUTERIAS LTDA,BIJOU FASHION BIJOUTERIAS LTDA,UNCLE K,INVERNO 2026,ACESSORIOS,BIJUTERIA,NACIONAL,METAL/RESINA,BIJUTERIA,COLAR,CI26C,3/16/2026,1
226 - UK - RECIFE - 226,2 04 02 008922,COLAR RESINA CI26B,4,160,436,40,109,109,109,BIJOU FASHION BIJOUTERIAS LTDA,BIJOU FASHION BIJOUTERIAS LTDA,UNCLE K,INVERNO 2026,ACESSORIOS,BIJUTERIA,NACIONAL,RESINA,BIJUTERIA,COLAR,CI26B,3/14/2026,1
226 - UK - RECIFE - 226,2 04 02 008689,COLAR RESINA/CAMURCA CV26E,4,160,516,40,129,129,129,BIJOU FASHION BIJOUTERIAS LTDA,BIJOU FASHION BIJOUTERIAS LTDA,UNCLE K,VERAO 2026,ACESSORIOS,BIJUTERIA,NACIONAL,RESINA/CAMURCA,BIJUTERIA,COLAR,CV26EV26,3/9/2026,1
238 - UK - RECIFE 2 - 238,2 04 02 008688,COLAR CORDA/MOLA CV26D,1,39,129,39,129,129,129,BIJOU FASHION BIJOUTERIAS LTDA,BIJOU FASHION BIJOUTERIAS LTDA,UNCLE K,VERAO 2026,ACESSORIOS,BIJUTERIA,NACIONAL,MOLA/CORDA,BIJUTERIA,COLAR,CV26DV26,3/14/2026,1
238 - UK - RECIFE 2 - 238,2 04 02 008921,COLAR RESINA CI26A,6,192,594,32,99,99,99,BIJOU FASHION BIJOUTERIAS LTDA,BIJOU FASHION BIJOUTERIAS LTDA,UNCLE K,INVERNO 2026,ACESSORIOS,BIJUTERIA,NACIONAL,RESINA,BIJUTERIA,COLAR,CI26A,3/12/2026,1
242 - UK - RECIFE 4 - 242,2 04 02 008647,COLAR RESINA CV26B,1,37,119,37,119,119,119,BIJOU FASHION BIJOUTERIAS LTDA,BIJOU FASHION BIJOUTERIAS LTDA,UNCLE K,VERAO 2026,ACESSORIOS,BIJUTERIA,NACIONAL,RESINA,BIJUTERIA,COLAR,CV26BV26,3/3/2026,1
242 - UK - RECIFE 4 - 242,2 04 01 008472,GUARDA CHUVA POLIESTER GOMOS P,5,"334,5",895,"66,9",179,179,179,FLORENCA BRINDES LTDA EPP,FLORENCA BRINDES (GUARDA CHUVA),UNCLE K,INVERNO 2025,ACESSORIOS,ACESSORIOS,NACIONAL,POLIESTER,ACESSORIOS,GUARDA-CHUVA,GOMOSPI25,9/6/2025,1
238 - UK - RECIFE 2 - 238,2 02 18 008871,TENIS COURO PHILLY I26,1,80,299,80,299,299,299,C. TORRES DIAS INJETADOS ME,CALCADOS TORRES,UNCLE K,INVERNO 2026,CALCADOS,TENIS,NACIONAL,COURO,CALCADOS,TENIS,PHILLYI26,3/12/2026,1
238 - UK - RECIFE 2 - 238,2 02 18 008871,TENIS COURO PHILLY I26,1,80,299,80,299,299,299,C. TORRES DIAS INJETADOS ME,CALCADOS TORRES,UNCLE K,INVERNO 2026,CALCADOS,TENIS,NACIONAL,COURO,CALCADOS,TENIS,PHILLYI26,2/25/2026,1
238 - UK - RECIFE 2 - 238,2 02 18 008871,TENIS COURO PHILLY I26,8,640,2392,80,299,299,299,C. TORRES DIAS INJETADOS ME,CALCADOS TORRES,UNCLE K,INVERNO 2026,CALCADOS,TENIS,NACIONAL,COURO,CALCADOS,TENIS,PHILLYI26,2/18/2026,1
240 - UK - RECIFE 3 - 240,2 02 18 008871,TENIS COURO PHILLY I26,2,160,598,80,299,299,299,C. TORRES DIAS INJETADOS ME,CALCADOS TORRES,UNCLE K,INVERNO 2026,CALCADOS,TENIS,NACIONAL,COURO,CALCADOS,TENIS,PHILLYI26,3/17/2026,1
226 - UK - RECIFE - 226,2 02 17 008763,MOCASSIM COURO VALENCIA V26,1,"113,9",379,"113,9",379,379,379,INDUSTRIA DE CALCADOS MAZUQUE LTDA,MAZUQUE,UNCLE K,VERAO 2026,CALCADOS,SAPATO,NACIONAL,COURO,CALCADOS,MOCASSIM,VALENCIAV26,12/6/2025,1
238 - UK - RECIFE 2 - 238,2 02 18 008747,TENIS COURO GRID V26,3,"218,7",897,"72,9",299,299,299,VISPATE CALCADOS LTDA,VISPATE,UNCLE K,VERAO 2026,CALCADOS,TENIS,NACIONAL,COURO,CALCADOS,TENIS,GRIDV26,12/5/2025,1
242 - UK - RECIFE 4 - 242,2 02 18 008747,TENIS COURO GRID V26,1,"72,9",299,"72,9",299,299,299,VISPATE CALCADOS LTDA,VISPATE,UNCLE K,VERAO 2026,CALCADOS,TENIS,NACIONAL,COURO,CALCADOS,TENIS,GRIDV26,12/3/2025,1
242 - UK - RECIFE 4 - 242,2 02 15 008755,SANDALIA NEOPRENE TRIANON V26,1,122,399,122,399,399,399,CONFORTARIA COMERCIO DE CALCADOS LTDA.,CALCADOS NATORE,UNCLE K,VERAO 2026,CALCADOS,SANDALIA,NACIONAL,NEOPRENE,CALCADOS,SANDALIA SALTO,TRIANONV26,9/2/2025,1
238 - UK - RECIFE 2 - 238,2 02 15 008755,SANDALIA NEOPRENE TRIANON V26,2,244,798,122,399,399,399,CONFORTARIA COMERCIO DE CALCADOS LTDA.,CALCADOS NATORE,UNCLE K,VERAO 2026,CALCADOS,SANDALIA,NACIONAL,NEOPRENE,CALCADOS,SANDALIA SALTO,TRIANONV26,3/2/2026,1
238 - UK - RECIFE 2 - 238,2 02 15 008755,SANDALIA NEOPRENE TRIANON V26,3,366,1197,122,399,399,399,CONFORTARIA COMERCIO DE CALCADOS LTDA.,CALCADOS NATORE,UNCLE K,VERAO 2026,CALCADOS,SANDALIA,NACIONAL,NEOPRENE,CALCADOS,SANDALIA SALTO,TRIANONV26,3/3/2026,1
226 - UK - RECIFE - 226,2 02 15 008755,SANDALIA NEOPRENE TRIANON V26,4,488,1596,122,399,399,399,CONFORTARIA COMERCIO DE CALCADOS LTDA.,CALCADOS NATORE,UNCLE K,VERAO 2026,CALCADOS,SANDALIA,NACIONAL,NEOPRENE,CALCADOS,SANDALIA SALTO,TRIANONV26,3/6/2026,1
238 - UK - RECIFE 2 - 238,2 02 15 008755,SANDALIA NEOPRENE TRIANON V26,1,122,399,122,399,399,399,CONFORTARIA COMERCIO DE CALCADOS LTDA.,CALCADOS NATORE,UNCLE K,VERAO 2026,CALCADOS,SANDALIA,NACIONAL,NEOPRENE,CALCADOS,SANDALIA SALTO,TRIANONV26,3/12/2026,1
242 - UK - RECIFE 4 - 242,2 03 11 61405,MOCHILA NY SOFT 61405 V26,1,99,399,99,399,399,399,VITOR ABREU COMERCIO DE BIJUTERIAS LTDA,VITOR ABREU,UNCLE K,VERAO 2026,MOCHILAS,MOCHILA NYLON,IMPORTADO,NYLON SOFT,MOCHILAS/MALAS,MOCHILA,61405V26,3/6/2026,1
242 - UK - RECIFE 4 - 242,2 01 04 008839,BOLSA NY SOFT 61404 V26,1,"72,5",299,"72,5",299,299,299,VITOR ABREU COMERCIO DE BIJUTERIAS LTDA,VITOR ABREU,UNCLE K,VERAO 2026,BOLSAS,BOLSA NYLON,IMPORTADO,NYLON SOFT,BOLSAS NYLON IMPORTADO,BOLSA MULTIUSO,61404V26,2/5/2026,1
242 - UK - RECIFE 4 - 242,2 01 04 008789,BOLSA NY BNT 61042 V26,1,105,369,105,369,369,369,TOVA EQUIPAMENTOS E ACESSORIOS LTDA,,UNCLE K,VERAO 2026,BOLSAS,BOLSA NYLON,IMPORTADO,NYLON BNT,BOLSAS NYLON IMPORTADO,BOLSA TRANSPASSE,61042V26,3/11/2026,1
240 - UK - RECIFE 3 - 240,2 01 04 008788,BOLSA NY BNT 61040 V26,1,120,439,120,439,439,439,TOVA EQUIPAMENTOS E ACESSORIOS LTDA,,UNCLE K,VERAO 2026,BOLSAS,BOLSA NYLON,IMPORTADO,NYLON BNT,BOLSAS NYLON IMPORTADO,BOLSA MULTIUSO,61040BNTV26,12/10/2025,1
238 - UK - RECIFE 2 - 238,2 01 04 008788,BOLSA NY BNT 61040 V26,1,120,439,120,439,439,439,TOVA EQUIPAMENTOS E ACESSORIOS LTDA,,UNCLE K,VERAO 2026,BOLSAS,BOLSA NYLON,IMPORTADO,NYLON BNT,BOLSAS NYLON IMPORTADO,BOLSA MULTIUSO,61040BNTV26,1/19/2026,1
242 - UK - RECIFE 4 - 242,2 01 04 008802,BOLSA NY SOFT 61352 V26,2,300,1098,150,549,549,549,TOVA EQUIPAMENTOS E ACESSORIOS LTDA,,UNCLE K,VERAO 2026,BOLSAS,BOLSA NYLON,IMPORTADO,NYLON SOFT,BOLSAS NYLON IMPORTADO,BOLSA MULTIUSO,61352V26,1/6/2026,1
238 - UK - RECIFE 2 - 238,2 03 11 008815,MOCHILA KING RUBBER 61049 V26,5,865,3345,173,669,669,669,TOVA EQUIPAMENTOS E ACESSORIOS LTDA,,UNCLE K,VERAO 2026,MOCHILAS,MOCHILA NYLON,IMPORTADO,KING RUBBER,MOCHILAS/MALAS,MOCHILA,61049V26,1/6/2026,1
226 - UK - RECIFE - 226,2 03 11 008813,MOCHILA NY BNT 61151 V26,1,135,539,135,539,539,539,TOVA EQUIPAMENTOS E ACESSORIOS LTDA,,UNCLE K,VERAO 2026,MOCHILAS,MOCHILA NYLON,IMPORTADO,NYLON BNT,MOCHILAS/MALAS,MOCHILA,61151V26,3/13/2026,1
240 - UK - RECIFE 3 - 240,2 04 01 008902,GUARDA CHUVA NYLON BORDA P  I26,2,"133,8",358,"66,9",179,179,179,A.G. COMERCIO DE PRESENTES LTDA,LONDON GUARDA CHUVAS,UNCLE K,INVERNO 2026,ACESSORIOS,ACESSORIOS,NACIONAL,NYLON,ACESSORIOS,GUARDA-CHUVA,BORDAI26,3/2/2026,1
238 - UK - RECIFE 2 - 238,2 03 11 008812,MOCHILA NY BNT BIG BUK V26,1,145,589,145,589,589,589,LOPE DIGITAL COMMERCE,LOPE DIGITAL COMMERCE,UNCLE K,VERAO 2026,MOCHILAS,MOCHILA NYLON,IMPORTADO,NYLON BNT,MOCHILAS BASICAS,MOCHILA,BIGBUKBNTV26,2/28/2026,1
242 - UK - RECIFE 4 - 242,2 03 11 008811,MOCHILA NY BNT BUK V26,5,700,2745,140,549,549,549,LOPE DIGITAL COMMERCE,LOPE DIGITAL COMMERCE,UNCLE K,VERAO 2026,MOCHILAS,MOCHILA NYLON,IMPORTADO,NYLON BNT,MOCHILAS BASICAS,MOCHILA,BUKBNTV26,12/16/2025,1
238 - UK - RECIFE 2 - 238,2 03 11 008812,MOCHILA NY BNT BIG BUK V26,1,145,589,145,589,589,589,LOPE DIGITAL COMMERCE,LOPE DIGITAL COMMERCE,UNCLE K,VERAO 2026,MOCHILAS,MOCHILA NYLON,IMPORTADO,NYLON BNT,MOCHILAS BASICAS,MOCHILA,BIGBUKBNTV26,12/16/2025,1
240 - UK - RECIFE 3 - 240,2 03 11 008811,MOCHILA NY BNT BUK V26,1,140,549,140,549,549,549,LOPE DIGITAL COMMERCE,LOPE DIGITAL COMMERCE,UNCLE K,VERAO 2026,MOCHILAS,MOCHILA NYLON,IMPORTADO,NYLON BNT,MOCHILAS BASICAS,MOCHILA,BUKBNTV26,3/9/2026,1
242 - UK - RECIFE 4 - 242,2 03 11 008811,MOCHILA NY BNT BUK V26,2,280,1098,140,549,549,549,LOPE DIGITAL COMMERCE,LOPE DIGITAL COMMERCE,UNCLE K,VERAO 2026,MOCHILAS,MOCHILA NYLON,IMPORTADO,NYLON BNT,MOCHILAS BASICAS,MOCHILA,BUKBNTV26,2/3/2026,1
242 - UK - RECIFE 4 - 242,2 03 11 008810,MOCHILA NY BNT MINI BUK V26,3,390,1497,130,499,499,499,LOPE DIGITAL COMMERCE,LOPE DIGITAL COMMERCE,UNCLE K,VERAO 2026,MOCHILAS,MOCHILA NYLON,IMPORTADO,NYLON BNT,MOCHILAS BASICAS,MOCHILA,MINIBUKBNTV26,12/16/2025,1
238 - UK - RECIFE 2 - 238,2 04 01 007451,GUARDA CHUVA POLIESTER GOMOS P,1,"47,9",169,"47,9",169,169,169,CONTORNOS DIFUSAO DE MODA LTDA - EPP,CONTORNOS,UNCLE K,VERAO 2023,ACESSORIOS,ACESSORIOS,NACIONAL,POLIESTER,ACESSORIOS,GUARDA-CHUVA,GOMOSPV23,9/28/2023,1
242 - UK - RECIFE 4 - 242,2 02 18 007424,TENIS COURO RELAX V23,1,"111,23",199,"111,23",389,199,349,ART - MILLE ARTEFATOS DE COURO,ART-MILLE,UNCLE K,VERAO 2023,CALCADOS,TENIS,NACIONAL,COURO,CALCADOS,TENIS,RELAXV23,6/27/2023,1
242 - UK - RECIFE 4 - 242,2 02 18 007308,TENIS CAMURCA ROLAND,1,120,199,120,380,199,380,ART - MILLE ARTEFATOS DE COURO,ART-MILLE,UNCLE K,INVERNO 2022,CALCADOS,TENIS,NACIONAL,CAMURCA,MASCULINO,TENIS,ROLANDI22,5/25/2023,1
242 - UK - RECIFE 4 - 242,2 02 17 007307,TENIS NOBUCK NEW RAYMANN,1,119,199,119,380,199,380,ART - MILLE ARTEFATOS DE COURO,ART-MILLE,UNCLE K,INVERNO 2022,CALCADOS,SAPATO,NACIONAL,NOBUCK,MASCULINO,OXFORD,NEWRAYMANNI22,9/27/2025,1
226 - UK - RECIFE - 226,2 02 17 007083,MOCASSIM CAMURCA LOCAL V22,1,112,199,112,360,199,360,ART - MILLE ARTEFATOS DE COURO,ART-MILLE,UNCLE K,VERAO 2022,CALCADOS,MOCASSIM,NACIONAL,CAMURCA,MASCULINO,MOCASSIM,LOCAL V22,10/5/2023,1
242 - UK - RECIFE 4 - 242,2 04 02 008660,COLAR METAL CV26G,2,80,258,40,129,129,129,VIRAGINI BIJOUTERIA LTDA,VIRAGINI,UNCLE K,VERAO 2026,ACESSORIOS,BIJUTERIA,NACIONAL,METAL,BIJUTERIA,COLAR,CV26GV26,3/3/2026,1
242 - UK - RECIFE 4 - 242,2 03 10 008975,MOCHILA COURO 61100 I26,5,1365,4095,273,819,819,819,BMCG INDUSTRIA E COMERCIO DE COURO LTDA EPP,BMCG,UNCLE K,INVERNO 2026,MOCHILAS,MOCHILA COURO,NACIONAL,COURO,MOCHILAS/MALAS,MOCHILA,61100I26,3/16/2026,1
242 - UK - RECIFE 4 - 242,2 01 05 008994,BOLSA NY SATIN 61457 V26,8,"634,8",1752,"79,35",219,219,219,BMCG INDUSTRIA E COMERCIO DE COURO LTDA EPP,BMCG,UNCLE K,UPCYCLING,BOLSAS,BOLSA OUTROS,NACIONAL,SATIN,BOLSAS ESPECIAIS,BOLSA OMBRO,61457V26,3/17/2026,1
240 - UK - RECIFE 3 - 240,2 01 05 008994,BOLSA NY SATIN 61457 V26,1,"79,35",219,"79,35",219,219,219,BMCG INDUSTRIA E COMERCIO DE COURO LTDA EPP,BMCG,UNCLE K,UPCYCLING,BOLSAS,BOLSA OUTROS,NACIONAL,SATIN,BOLSAS ESPECIAIS,BOLSA OMBRO,61457V26,3/20/2026,1
238 - UK - RECIFE 2 - 238,2 01 05 008993,BOLSA NY SATIN 61456 V26,9,"762,3",2241,"84,7",249,249,249,BMCG INDUSTRIA E COMERCIO DE COURO LTDA EPP,BMCG,UNCLE K,UPCYCLING,BOLSAS,BOLSA OUTROS,NACIONAL,SATIN,BOLSAS ESPECIAIS,BOLSA OMBRO,61456V26,3/13/2026,1
238 - UK - RECIFE 2 - 238,2 01 04 008992,BOLSA NYLON 61455 V26,3,225,657,75,219,219,219,BMCG INDUSTRIA E COMERCIO DE COURO LTDA EPP,BMCG,UNCLE K,UPCYCLING,BOLSAS,BOLSA NYLON,NACIONAL,NYLON,BOLSAS NYLON BASICO,BOLSA TRANSPASSE,61455V26,2/18/2026,1
238 - UK - RECIFE 2 - 238,2 01 04 008991,BOLSA NYLON 61454 V26,5,325,995,65,199,199,199,BMCG INDUSTRIA E COMERCIO DE COURO LTDA EPP,BMCG,UNCLE K,UPCYCLING,BOLSAS,BOLSA NYLON,NACIONAL,NYLON,BOLSAS NYLON BASICO,BOLSA TRANSPASSE,61454V26,2/18/2026,1
242 - UK - RECIFE 4 - 242,2 01 04 008991,BOLSA NYLON 61454 V26,2,130,398,65,199,199,199,BMCG INDUSTRIA E COMERCIO DE COURO LTDA EPP,BMCG,UNCLE K,UPCYCLING,BOLSAS,BOLSA NYLON,NACIONAL,NYLON,BOLSAS NYLON BASICO,BOLSA TRANSPASSE,61454V26,3/7/2026,1
238 - UK - RECIFE 2 - 238,2 01 04 008991,BOLSA NYLON 61454 V26,2,130,398,65,199,199,199,BMCG INDUSTRIA E COMERCIO DE COURO LTDA EPP,BMCG,UNCLE K,UPCYCLING,BOLSAS,BOLSA NYLON,NACIONAL,NYLON,BOLSAS NYLON BASICO,BOLSA TRANSPASSE,61454V26,2/27/2026,1
226 - UK - RECIFE - 226,2 01 04 008990,BOLSA NYLON 61453 V26,2,140,398,70,199,199,199,BMCG INDUSTRIA E COMERCIO DE COURO LTDA EPP,BMCG,UNCLE K,UPCYCLING,BOLSAS,BOLSA NYLON,NACIONAL,NYLON,BOLSAS NYLON BASICO,BOLSA MULTIUSO,61453V26,3/13/2026,1
238 - UK - RECIFE 2 - 238,2 01 04 008990,BOLSA NYLON 61453 V26,2,140,398,70,199,199,199,BMCG INDUSTRIA E COMERCIO DE COURO LTDA EPP,BMCG,UNCLE K,UPCYCLING,BOLSAS,BOLSA NYLON,NACIONAL,NYLON,BOLSAS NYLON BASICO,BOLSA MULTIUSO,61453V26,3/18/2026,1
226 - UK - RECIFE - 226,2 01 04 008990,BOLSA NYLON 61453 V26,2,140,398,70,199,199,199,BMCG INDUSTRIA E COMERCIO DE COURO LTDA EPP,BMCG,UNCLE K,UPCYCLING,BOLSAS,BOLSA NYLON,NACIONAL,NYLON,BOLSAS NYLON BASICO,BOLSA MULTIUSO,61453V26,3/9/2026,1
240 - UK - RECIFE 3 - 240,2 01 04 008989,BOLSA NYLON 61452 V26,2,180,498,90,249,249,249,BMCG INDUSTRIA E COMERCIO DE COURO LTDA EPP,BMCG,UNCLE K,UPCYCLING,BOLSAS,BOLSA NYLON,NACIONAL,NYLON,BOLSAS NYLON BASICO,BOLSA MULTIUSO,61452V26,2/11/2026,1
238 - UK - RECIFE 2 - 238,2 01 04 008989,BOLSA NYLON 61452 V26,1,90,249,90,249,249,249,BMCG INDUSTRIA E COMERCIO DE COURO LTDA EPP,BMCG,UNCLE K,UPCYCLING,BOLSAS,BOLSA NYLON,NACIONAL,NYLON,BOLSAS NYLON BASICO,BOLSA MULTIUSO,61452V26,2/28/2026,1
242 - UK - RECIFE 4 - 242,2 01 03 008988,BOLSA COURO 61459 V26,1,"87,62",269,"87,62",269,269,269,BMCG INDUSTRIA E COMERCIO DE COURO LTDA EPP,BMCG,UNCLE K,UPCYCLING,BOLSAS,BOLSA COURO,NACIONAL,COURO,BOLSAS COURO,BOLSA TRANSPASSE,61459V26,3/10/2026,1
240 - UK - RECIFE 3 - 240,2 01 03 008988,BOLSA COURO 61459 V26,3,"262,86",807,"87,62",269,269,269,BMCG INDUSTRIA E COMERCIO DE COURO LTDA EPP,BMCG,UNCLE K,UPCYCLING,BOLSAS,BOLSA COURO,NACIONAL,COURO,BOLSAS COURO,BOLSA TRANSPASSE,61459V26,2/11/2026,1
226 - UK - RECIFE - 226,2 01 03 008988,BOLSA COURO 61459 V26,1,"87,62",269,"87,62",269,269,269,BMCG INDUSTRIA E COMERCIO DE COURO LTDA EPP,BMCG,UNCLE K,UPCYCLING,BOLSAS,BOLSA COURO,NACIONAL,COURO,BOLSAS COURO,BOLSA TRANSPASSE,61459V26,3/15/2026,1
240 - UK - RECIFE 3 - 240,2 01 03 008987,BOLSA COURO 61458 V26,5,"438,25",1345,"87,65",269,269,269,BMCG INDUSTRIA E COMERCIO DE COURO LTDA EPP,BMCG,UNCLE K,UPCYCLING,BOLSAS,BOLSA COURO,NACIONAL,COURO,BOLSAS COURO,BOLSA OMBRO,61458V26,2/11/2026,1
238 - UK - RECIFE 2 - 238,2 01 03 008987,BOLSA COURO 61458 V26,1,"87,65",269,"87,65",269,269,269,BMCG INDUSTRIA E COMERCIO DE COURO LTDA EPP,BMCG,UNCLE K,UPCYCLING,BOLSAS,BOLSA COURO,NACIONAL,COURO,BOLSAS COURO,BOLSA OMBRO,61458V26,3/19/2026,1
242 - UK - RECIFE 4 - 242,2 01 03 008987,BOLSA COURO 61458 V26,1,"87,65",269,"87,65",269,269,269,BMCG INDUSTRIA E COMERCIO DE COURO LTDA EPP,BMCG,UNCLE K,UPCYCLING,BOLSAS,BOLSA COURO,NACIONAL,COURO,BOLSAS COURO,BOLSA OMBRO,61458V26,3/17/2026,1
226 - UK - RECIFE - 226,2 04 13 008275,NECESSAIRE NYLON 70266 V25,1,"28,73",69,"28,73",89,69,89,BMCG INDUSTRIA E COMERCIO DE COURO LTDA EPP,BMCG,UNCLE K,VERAO 2025,ACESSORIOS,NECESSAIRES,NACIONAL,NYLON,NECESSAIRES,NECESSAIRE,70266V25,3/6/2026,1
238 - UK - RECIFE 2 - 238,2 01 04 008934,BOLSA NYLON 61437 I26,4,"646,84",1876,"161,71",469,469,469,BMCG INDUSTRIA E COMERCIO DE COURO LTDA EPP,BMCG,UNCLE K,INVERNO 2026,BOLSAS,BOLSA NYLON,NACIONAL,NYLON,BOLSAS NYLON BASICO,BOLSA OMBRO,61437I26,3/18/2026,1
238 - UK - RECIFE 2 - 238,2 01 04 008932,BOLSA NYLON 61283 I26,4,"671,84",1956,"167,96",489,489,489,BMCG INDUSTRIA E COMERCIO DE COURO LTDA EPP,BMCG,UNCLE K,INVERNO 2026,BOLSAS,BOLSA NYLON,NACIONAL,NYLON,BOLSAS NYLON BASICO,BOLSA MULTIUSO,61283I26,3/18/2026,1
238 - UK - RECIFE 2 - 238,2 01 04 008931,BOLSA NYLON 61282 I26,4,620,1876,155,469,469,469,BMCG INDUSTRIA E COMERCIO DE COURO LTDA EPP,BMCG,UNCLE K,INVERNO 2026,BOLSAS,BOLSA NYLON,NACIONAL,NYLON,BOLSAS NYLON BASICO,BOLSA MULTIUSO,61282I26,3/18/2026,1
238 - UK - RECIFE 2 - 238,2 01 04 008665,BOLSA NYLON 61335 V26,2,"315,14",898,"157,57",449,449,449,BMCG INDUSTRIA E COMERCIO DE COURO LTDA EPP,BMCG,UNCLE K,VERAO 2026,BOLSAS,BOLSA NYLON,NACIONAL,NYLON,BOLSAS NYLON BASICO,BOLSA TRANSPASSE,61335V26,12/5/2025,1
240 - UK - RECIFE 3 - 240,2 01 04 008665,BOLSA NYLON 61335 V26,1,"157,57",449,"157,57",449,449,449,BMCG INDUSTRIA E COMERCIO DE COURO LTDA EPP,BMCG,UNCLE K,VERAO 2026,BOLSAS,BOLSA NYLON,NACIONAL,NYLON,BOLSAS NYLON BASICO,BOLSA TRANSPASSE,61335V26,3/5/2026,1
226 - UK - RECIFE - 226,2 04 01 008659,POCHETE COURO 70605 V26,1,"139,59",399,"139,59",399,399,399,BMCG INDUSTRIA E COMERCIO DE COURO LTDA EPP,BMCG,UNCLE K,VERAO 2026,ACESSORIOS,ACESSORIOS,NACIONAL,COURO,ACESSORIOS,POCHETE,70605V26,3/12/2026,1
238 - UK - RECIFE 2 - 238,2 04 01 008906,POCHETE NY SATIN 70359 I26,7,518,1533,74,219,219,219,BMCG INDUSTRIA E COMERCIO DE COURO LTDA EPP,BMCG,UNCLE K,INVERNO 2026,ACESSORIOS,ACESSORIOS,NACIONAL,SATIN,ACESSORIOS,POCHETE,70359I26,3/11/2026,1
240 - UK - RECIFE 3 - 240,2 01 03 008667,BOLSA COURO 61379 V26,1,"176,14",569,"176,14",569,569,569,BMCG INDUSTRIA E COMERCIO DE COURO LTDA EPP,BMCG,UNCLE K,VERAO 2026,BOLSAS,BOLSA COURO,NACIONAL,COURO,BOLSAS COURO,BOLSA MULTIUSO,61379V26,12/31/2025,1
238 - UK - RECIFE 2 - 238,2 03 10 008675,MOCHILA COURO 61100 V26,3,"814,08",2457,"271,36",819,819,819,BMCG INDUSTRIA E COMERCIO DE COURO LTDA EPP,BMCG,UNCLE K,VERAO 2026,MOCHILAS,MOCHILA COURO,NACIONAL,COURO,MOCHILAS/MALAS,MOCHILA,61100V26,3/2/2026,1
226 - UK - RECIFE - 226,2 01 03 008721,BOLSA COURO 61398 V26,1,167,559,167,559,559,559,BMCG INDUSTRIA E COMERCIO DE COURO LTDA EPP,BMCG,UNCLE K,VERAO 2026,BOLSAS,BOLSA COURO,NACIONAL,COURO,BOLSAS COURO,BOLSA MULTIUSO,61398V26,12/9/2025,1
226 - UK - RECIFE - 226,2 01 03 008670,BOLSA COURO 61400 V26,1,"165,44",499,"165,44",499,499,499,BMCG INDUSTRIA E COMERCIO DE COURO LTDA EPP,BMCG,UNCLE K,VERAO 2026,BOLSAS,BOLSA COURO,NACIONAL,COURO,BOLSAS COURO,BOLSA TRANSPASSE,61400V26,1/3/2026,1
240 - UK - RECIFE 3 - 240,2 01 03 008670,BOLSA COURO 61400 V26,1,"165,44",499,"165,44",499,499,499,BMCG INDUSTRIA E COMERCIO DE COURO LTDA EPP,BMCG,UNCLE K,VERAO 2026,BOLSAS,BOLSA COURO,NACIONAL,COURO,BOLSAS COURO,BOLSA TRANSPASSE,61400V26,9/12/2025,1
226 - UK - RECIFE - 226,2 01 03 008669,BOLSA COURO 61380 V26,1,"176,81",599,"176,81",599,599,599,BMCG INDUSTRIA E COMERCIO DE COURO LTDA EPP,BMCG,UNCLE K,VERAO 2026,BOLSAS,BOLSA COURO,NACIONAL,COURO,BOLSAS COURO,BOLSA TRANSPASSE,61380V26,12/17/2025,1
240 - UK - RECIFE 3 - 240,2 04 13 007943,NECESSAIRE NYLON 70266 V24,3,78,207,26,89,69,89,BMCG INDUSTRIA E COMERCIO DE COURO LTDA EPP,BMCG,UNCLE K,VERAO 2024,ACESSORIOS,NECESSAIRES,NACIONAL,NYLON,NECESSAIRES,NECESSAIRE,70266V24,3/5/2026,1
238 - UK - RECIFE 2 - 238,2 01 04 008504,BOLSA NYLON 61283 I25,1,"163,81",399,"163,81",479,399,479,BMCG INDUSTRIA E COMERCIO DE COURO LTDA EPP,BMCG,UNCLE K,INVERNO 2025,BOLSAS,BOLSA NYLON,NACIONAL,NYLON,BOLSAS NYLON BASICO,BOLSA MULTIUSO,61283I25,3/10/2025,1
240 - UK - RECIFE 3 - 240,2 03 10 008565,MOCHILA COURO 61064 I25,4,"1042,68",3196,"260,67",799,799,799,BMCG INDUSTRIA E COMERCIO DE COURO LTDA EPP,BMCG,UNCLE K,INVERNO 2025,MOCHILAS,MOCHILA COURO,NACIONAL,COURO,MOCHILAS BASICAS,MOCHILA,61064I25,3/5/2026,1
240 - UK - RECIFE 3 - 240,2 04 13 008134,NECESSAIRE NYLON 70266 I24,1,"27,8","44,5","27,8",89,"44,5",89,BMCG INDUSTRIA E COMERCIO DE COURO LTDA EPP,BMCG,UNCLE K,INVERNO 2024,ACESSORIOS,NECESSAIRES,NACIONAL,NYLON,NECESSAIRES,NECESSAIRE,70266I24,12/18/2025,1
238 - UK - RECIFE 2 - 238,2 04 13 008306,NECESSAIRE NYLON 70081 V25,1,"35,24",99,"35,24",99,99,99,BMCG INDUSTRIA E COMERCIO DE COURO LTDA EPP,BMCG,UNCLE K,VERAO 2025,ACESSORIOS,NECESSAIRES,NACIONAL,NYLON,NECESSAIRES,NECESSAIRE,70081V25,1/29/2026,1
242 - UK - RECIFE 4 - 242,2 02 18 008762,TENIS COURO RELAX V26,1,134,419,134,419,419,419,BNM INDUSTRIA DE CALCADOS LTDA - ME,BNM,UNCLE K,VERAO 2026,CALCADOS,TENIS,NACIONAL,COURO,CALCADOS,TENIS,RELAXV26,3/3/2026,1
226 - UK - RECIFE - 226,2 02 18 008624,TENIS COURO RELAX I25,1,131,419,131,419,419,419,BNM INDUSTRIA DE CALCADOS LTDA - ME,BNM,UNCLE K,INVERNO 2025,CALCADOS,TENIS,NACIONAL,COURO,CALCADOS,TENIS,RELAXI25,6/19/2025,1
240 - UK - RECIFE 3 - 240,2 02 15 008761,SANDALIA COURO BINGO V26,1,115,379,115,379,379,379,BNM INDUSTRIA DE CALCADOS LTDA - ME,BNM,UNCLE K,VERAO 2026,CALCADOS,SANDALIA,NACIONAL,COURO,CALCADOS,SANDALIA SALTO,BINGOV26,2/23/2026,1
240 - UK - RECIFE 3 - 240,2 02 15 008761,SANDALIA COURO BINGO V26,2,230,758,115,379,379,379,BNM INDUSTRIA DE CALCADOS LTDA - ME,BNM,UNCLE K,VERAO 2026,CALCADOS,SANDALIA,NACIONAL,COURO,CALCADOS,SANDALIA SALTO,BINGOV26,10/24/2025,1
238 - UK - RECIFE 2 - 238,2 02 15 008761,SANDALIA COURO BINGO V26,4,460,1516,115,379,379,379,BNM INDUSTRIA DE CALCADOS LTDA - ME,BNM,UNCLE K,VERAO 2026,CALCADOS,SANDALIA,NACIONAL,COURO,CALCADOS,SANDALIA SALTO,BINGOV26,10/24/2025,1
226 - UK - RECIFE - 226,2 02 18 008360,TENIS COURO RELAX V25,1,"128,5",419,"128,5",419,419,419,BNM INDUSTRIA DE CALCADOS LTDA - ME,BNM,UNCLE K,VERAO 2025,CALCADOS,TENIS,NACIONAL,COURO,CALCADOS,TENIS,RELAXV25,2/4/2026,1
238 - UK - RECIFE 2 - 238,2 02 15 008743,SANDALIA COURO NIMES V26,2,230,758,115,379,379,379,BNM INDUSTRIA DE CALCADOS LTDA - ME,BNM,UNCLE K,VERAO 2026,CALCADOS,SANDALIA,NACIONAL,COURO,CALCADOS,SANDALIA SALTO,NIMESV26,3/2/2026,1
240 - UK - RECIFE 3 - 240,2 02 15 008743,SANDALIA COURO NIMES V26,1,115,379,115,379,379,379,BNM INDUSTRIA DE CALCADOS LTDA - ME,BNM,UNCLE K,VERAO 2026,CALCADOS,SANDALIA,NACIONAL,COURO,CALCADOS,SANDALIA SALTO,NIMESV26,3/14/2026,1
238 - UK - RECIFE 2 - 238,2 02 06 008876,BOTA COURO CLOUD I26,3,414,1437,138,479,479,479,BNM INDUSTRIA DE CALCADOS LTDA - ME,BNM,UNCLE K,INVERNO 2026,CALCADOS,BOTA,NACIONAL,COURO,CALCADOS,BOTA,CLOUDI26,3/2/2026,1
242 - UK - RECIFE 4 - 242,2 02 15 007706,SAND. SALTO COMF. COURO DOTZ I23,1,108,199,108,359,199,359,BNM INDUSTRIA DE CALCADOS LTDA - ME,BNM,UNCLE K,INVERNO 2023,CALCADOS,SANDALIA,NACIONAL,COURO,CALCADOS,SANDALIA COMFORT,DOTZI23,11/15/2023,1
242 - UK - RECIFE 4 - 242,2 02 15 007279,SAND COMF SALTO COURO MOLLY I22,1,90,159,90,319,159,299,BNM INDUSTRIA DE CALCADOS LTDA - ME,BNM,UNCLE K,INVERNO 2022,CALCADOS,SANDALIA,NACIONAL,COURO,CALCADOS,SANDALIA COM SALTO,MOLLYI22,12/21/2022,1
242 - UK - RECIFE 4 - 242,2 02 15 007826,SANDALIA SALTO COURO WEST V24,1,"108,5",349,"108,5",349,349,349,BNM INDUSTRIA DE CALCADOS LTDA - ME,BNM,UNCLE K,VERAO 2024,CALCADOS,SANDALIA,NACIONAL,COURO,CALCADOS,SANDALIA SALTO,WESTV24,4/4/2024,1
242 - UK - RECIFE 4 - 242,02 000006,MATERIAL CONSUMO SACO EM TNT PRETO,1,,"2,05",,"2,05","2,05",,DEM BAS EMBALAGENS LTDA - EPP,DEMBAS,,,,,,,,,,2/25/2025,1
238 - UK - RECIFE 2 - 238,02 0000006,MATERIAL CONSUMO TNT,200,,,,,0,,DEM BAS EMBALAGENS LTDA - EPP,DEMBAS,,,,,,,,,,3/10/2026,1
226 - UK - RECIFE - 226,2 02 15 008146,PLATAFORMA NAPA VEG MARIANA I24,1,115,329,115,329,329,329,CAMILA FERRAZ IND. E COM. DE CALCADOS LTDA - EPP,CAMILA FERRAZ - CALCADOS BERVAL,UNCLE K,INVERNO 2024,CALCADOS,SANDALIA,NACIONAL,NAPA VEGGIE,CALCADOS,PLATAFORMA,MARIANAI24,2/10/2026,1
242 - UK - RECIFE 4 - 242,02 000004,MATERIAL CONSUMO SACO EM TNT,770,,,,,0,,MAD AND MAIDEN CONFECCOES LTDA - ME,MAD AND MAIDEN,,,,,,,,,,3/11/2026,1
238 - UK - RECIFE 2 - 238,02 000002,MATERIAL CONSUMO SACOLA UNCLE K OFF SET,900,,,,,0,,GREENPACK ACABAMENTOS GRAFICOS LTDA. - ME,BLUE PACK,,,,,,,,,,3/19/2026,1
242 - UK - RECIFE 4 - 242,2 02 15 008010,SANDALIA NAPA VEGGIE DECK V24,1,125,159,125,379,159,379,BELLE MODAS IND. E  COM. CALCADOS LTDA,ANA AGUIAR,UNCLE K,VERAO 2024,CALCADOS,SANDALIA,NACIONAL,NAPA VEGGIE,CALCADOS,PAPETE,DECKV24,11/10/2023,1
238 - UK - RECIFE 2 - 238,2 02 15 008010,SANDALIA NAPA VEGGIE DECK V24,1,125,159,125,379,159,379,BELLE MODAS IND. E  COM. CALCADOS LTDA,ANA AGUIAR,UNCLE K,VERAO 2024,CALCADOS,SANDALIA,NACIONAL,NAPA VEGGIE,CALCADOS,PAPETE,DECKV24,1/22/2026,1
242 - UK - RECIFE 4 - 242,2 01 05 008700,BOLSA NY SATIN 61217 V26,1,136,449,136,449,449,449,"CAJU BOLSAS, SAPATOS E ACESSORIOS LTDA.",OPERA - TARSILA,UNCLE K,VERAO 2026,BOLSAS,BOLSA OUTROS,NACIONAL,SATIN,BOLSAS ESPECIAIS,BOLSA MULTIUSO,61217V26,12/17/2025,1
226 - UK - RECIFE - 226,2 01 05 008698,BOLSA NY SATIN 61371 V26,1,129,369,129,369,369,369,"CAJU BOLSAS, SAPATOS E ACESSORIOS LTDA.",OPERA - TARSILA,UNCLE K,VERAO 2026,BOLSAS,BOLSA OUTROS,NACIONAL,SATIN,BOLSAS ESPECIAIS,BOLSA TRANSPASSE,61371V26,2/23/2026,1
242 - UK - RECIFE 4 - 242,2 01 05 008698,BOLSA NY SATIN 61371 V26,1,129,369,129,369,369,369,"CAJU BOLSAS, SAPATOS E ACESSORIOS LTDA.",OPERA - TARSILA,UNCLE K,VERAO 2026,BOLSAS,BOLSA OUTROS,NACIONAL,SATIN,BOLSAS ESPECIAIS,BOLSA TRANSPASSE,61371V26,2/12/2026,1
238 - UK - RECIFE 2 - 238,2 01 05 008698,BOLSA NY SATIN 61371 V26,1,129,369,129,369,369,369,"CAJU BOLSAS, SAPATOS E ACESSORIOS LTDA.",OPERA - TARSILA,UNCLE K,VERAO 2026,BOLSAS,BOLSA OUTROS,NACIONAL,SATIN,BOLSAS ESPECIAIS,BOLSA TRANSPASSE,61371V26,3/13/2026,1
226 - UK - RECIFE - 226,2 01 03 008696,BOLSA COURO 61401 V26,1,122,429,122,429,429,429,"CAJU BOLSAS, SAPATOS E ACESSORIOS LTDA.",OPERA - TARSILA,UNCLE K,VERAO 2026,BOLSAS,BOLSA COURO,NACIONAL,COURO,BOLSAS COURO,BOLSA TRANSPASSE,61401V26,1/8/2026,1
238 - UK - RECIFE 2 - 238,2 01 05 008964,BOLSA PU NOBUCK 61329 I26,2,160,558,80,279,279,279,"CAJU BOLSAS, SAPATOS E ACESSORIOS LTDA.",OPERA - TARSILA,UNCLE K,INVERNO 2026,BOLSAS,BOLSA OUTROS,NACIONAL,PU NOBUCK,BOLSAS PU,BOLSA MULTIUSO,61329I26,2/23/2026,1
238 - UK - RECIFE 2 - 238,2 01 05 008963,BOLSA PU NOBUCK 61263 I26,1,"93,75",299,"93,75",299,299,299,"CAJU BOLSAS, SAPATOS E ACESSORIOS LTDA.",OPERA - TARSILA,UNCLE K,INVERNO 2026,BOLSAS,BOLSA OUTROS,NACIONAL,PU NOBUCK,BOLSAS PU,BOLSA OMBRO,61263I26,2/23/2026,1
238 - UK - RECIFE 2 - 238,2 01 03 008936,BOLSA COURO 61430 I26,6,963,2814,"160,5",469,469,469,"CAJU BOLSAS, SAPATOS E ACESSORIOS LTDA.",OPERA - TARSILA,UNCLE K,INVERNO 2026,BOLSAS,BOLSA COURO,NACIONAL,COURO,BOLSAS COURO,BOLSA TRANSPASSE,61430I26,3/18/2026,1
238 - UK - RECIFE 2 - 238,2 01 03 008935,BOLSA COURO 61300 I26,8,1592,4792,199,599,599,599,"CAJU BOLSAS, SAPATOS E ACESSORIOS LTDA.",OPERA - TARSILA,UNCLE K,INVERNO 2026,BOLSAS,BOLSA COURO,NACIONAL,COURO,BOLSAS COURO,BOLSA TRANSPASSE,61300I26,3/18/2026,1
226 - UK - RECIFE - 226,2 01 03 008650,BOLSA COURO 61386 V26,6,888,2994,148,499,499,499,"CAJU BOLSAS, SAPATOS E ACESSORIOS LTDA.",OPERA - TARSILA,UNCLE K,VERAO 2026,BOLSAS,BOLSA COURO,NACIONAL,COURO,BOLSAS COURO,BOLSA OMBRO,61386V26,12/15/2025,1
240 - UK - RECIFE 3 - 240,2 01 05 008697,BOLSA NY SATIN 61370 V26,3,"304,5",897,"101,5",299,299,299,"CAJU BOLSAS, SAPATOS E ACESSORIOS LTDA.",OPERA - TARSILA,UNCLE K,VERAO 2026,BOLSAS,BOLSA OUTROS,NACIONAL,SATIN,BOLSAS ESPECIAIS,BOLSA TRANSPASSE,61370V26,3/5/2026,1
242 - UK - RECIFE 4 - 242,2 01 05 008531,BOLSA SINTETICO 61330 I25,1,76,319,76,319,319,319,"CAJU BOLSAS, SAPATOS E ACESSORIOS LTDA.",OPERA - TARSILA,UNCLE K,INVERNO 2025,BOLSAS,BOLSA OUTROS,NACIONAL,SINTETICO,BOLSAS PU,BOLSA OMBRO,61330I25,4/22/2025,1
238 - UK - RECIFE 2 - 238,2 01 05 008521,BOLSA NY SATIN 61284 I25,1,128,449,128,449,449,449,"CAJU BOLSAS, SAPATOS E ACESSORIOS LTDA.",OPERA - TARSILA,UNCLE K,INVERNO 2025,BOLSAS,BOLSA OUTROS,NACIONAL,SATIN,BOLSAS ESPECIAIS,BOLSA MULTIUSO,61284I25,7/10/2025,1
242 - UK - RECIFE 4 - 242,2 01 05 008672,BOLSA PU 61263 V26,5,405,1445,81,289,289,289,"CAJU BOLSAS, SAPATOS E ACESSORIOS LTDA.",OPERA - TARSILA,UNCLE K,VERAO 2026,BOLSAS,BOLSA OUTROS,NACIONAL,PU,BOLSAS PU,BOLSA OMBRO,61263V26,12/10/2025,1
226 - UK - RECIFE - 226,2 04 01 008903,PORTA CELULAR NY SATIN 70564 I26,14,882,2786,63,199,199,199,"CAJU BOLSAS, SAPATOS E ACESSORIOS LTDA.",OPERA - TARSILA,UNCLE K,INVERNO 2026,ACESSORIOS,ACESSORIOS,NACIONAL,SATIN,ACESSORIOS,PORTA CELULAR,70564I26,3/16/2026,1
226 - UK - RECIFE - 226,2 01 03 008635,BOLSA COURO 61261 I25,1,160,559,160,559,559,559,"CAJU BOLSAS, SAPATOS E ACESSORIOS LTDA.",OPERA - TARSILA,UNCLE K,INVERNO 2025,BOLSAS,BOLSA COURO,NACIONAL,COURO,BOLSAS COURO,BOLSA OMBRO,61261I25,11/29/2025,1
226 - UK - RECIFE - 226,2 04 13 008653,NECESSAIRE NY SATIN 70546 V26,1,45,139,45,139,139,139,"CAJU BOLSAS, SAPATOS E ACESSORIOS LTDA.",OPERA - TARSILA,UNCLE K,VERAO 2026,ACESSORIOS,NECESSAIRES,NACIONAL,SATIN,NECESSAIRES,NECESSAIRE,70546V26,2/28/2026,1
238 - UK - RECIFE 2 - 238,2 04 08 008727,CARTEIRA NY ESTAMPADO 70450 V26,3,138,477,46,159,159,159,"CAJU BOLSAS, SAPATOS E ACESSORIOS LTDA.",OPERA - TARSILA,UNCLE K,VERAO 2026,ACESSORIOS,CARTEIRA NYLON,NACIONAL,NYLON ESTAMPADO,CARTEIRAS,CARTEIRA NYLON,70450V26,12/2/2025,1
226 - UK - RECIFE - 226,2 04 08 008727,CARTEIRA NY ESTAMPADO 70450 V26,1,46,159,46,159,159,159,"CAJU BOLSAS, SAPATOS E ACESSORIOS LTDA.",OPERA - TARSILA,UNCLE K,VERAO 2026,ACESSORIOS,CARTEIRA NYLON,NACIONAL,NYLON ESTAMPADO,CARTEIRAS,CARTEIRA NYLON,70450V26,1/27/2026,1
226 - UK - RECIFE - 226,2 04 08 008727,CARTEIRA NY ESTAMPADO 70450 V26,1,46,159,46,159,159,159,"CAJU BOLSAS, SAPATOS E ACESSORIOS LTDA.",OPERA - TARSILA,UNCLE K,VERAO 2026,ACESSORIOS,CARTEIRA NYLON,NACIONAL,NYLON ESTAMPADO,CARTEIRAS,CARTEIRA NYLON,70450V26,1/28/2026,1
240 - UK - RECIFE 3 - 240,2 04 13 008729,NECESSAIRE CRISTAL/ESTAMPA 70600 V26,1,"36,5",129,"36,5",129,129,129,"CAJU BOLSAS, SAPATOS E ACESSORIOS LTDA.",OPERA - TARSILA,UNCLE K,VERAO 2026,ACESSORIOS,NECESSAIRES,NACIONAL,CRISTAL/NY ESTAMPADO,NECESSAIRES,NECESSAIRE,70600V26,12/22/2025,1
238 - UK - RECIFE 2 - 238,2 04 13 008728,NECESSAIRE CRISTAL/ESTAMPA 70599 V26,1,67,199,67,199,199,199,"CAJU BOLSAS, SAPATOS E ACESSORIOS LTDA.",OPERA - TARSILA,UNCLE K,VERAO 2026,ACESSORIOS,NECESSAIRES,NACIONAL,CRISTAL/NY ESTAMPADO,NECESSAIRES,NECESSAIRE,70599V26,2/20/2026,1
242 - UK - RECIFE 4 - 242,2 01 05 008182,BOLSA VELA 61193 UK REVELA,1,"125,4",379,"125,4",379,379,379,"CAJU BOLSAS, SAPATOS E ACESSORIOS LTDA.",OPERA - TARSILA,UNCLE K,UK REVELA,BOLSAS,BOLSA OUTROS,NACIONAL,VELA,BOLSAS ESPECIAIS,BOLSA OMBRO,61193UKREVELA,7/11/2025,1
238 - UK - RECIFE 2 - 238,2 01 05 008182,BOLSA VELA 61193 UK REVELA,2,"250,8",758,"125,4",379,379,379,"CAJU BOLSAS, SAPATOS E ACESSORIOS LTDA.",OPERA - TARSILA,UNCLE K,UK REVELA,BOLSAS,BOLSA OUTROS,NACIONAL,VELA,BOLSAS ESPECIAIS,BOLSA OMBRO,61193UKREVELA,3/13/2026,1
226 - UK - RECIFE - 226,2 04 02 008497,COLAR METAL CI25I,1,28,69,28,99,69,99,SRR COUTINHO COMERCIO DE BIJUTERIAS EM GERAL ME,SANDRA BIJOUX,UNCLE K,INVERNO 2025,ACESSORIOS,BIJUTERIA,NACIONAL,METAL,BIJUTERIA,COLAR,CI25I,7/25/2025,1
226 - UK - RECIFE - 226,2 02 16 008592,SAPATILHA NOBUCK VEG CORDOBA I25,1,59,159,59,199,159,199,CALCADOS PERTHO LTDA-ME,NICOLLI ROSSETTI,UNCLE K,INVERNO 2025,CALCADOS,SANDALIA  RASTEIRA,NACIONAL,NOBUCK VEGGIE,CALCADOS,SAPATILHA,CORDOBAI25,3/14/2026,1
242 - UK - RECIFE 4 - 242,2 02 14 008757,RASTEIRA NOBUCK VEG OASIS V26,1,"59,9",199,"59,9",199,199,199,CALCADOS PERTHO LTDA-ME,NICOLLI ROSSETTI,UNCLE K,VERAO 2026,CALCADOS,SANDALIA  RASTEIRA,NACIONAL,NOBUCK VEGGIE,CALCADOS,RASTEIRA,OASISV26,3/5/2026,1
242 - UK - RECIFE 4 - 242,2 02 14 008757,RASTEIRA NOBUCK VEG OASIS V26,1,"59,9",199,"59,9",199,199,199,CALCADOS PERTHO LTDA-ME,NICOLLI ROSSETTI,UNCLE K,VERAO 2026,CALCADOS,SANDALIA  RASTEIRA,NACIONAL,NOBUCK VEGGIE,CALCADOS,RASTEIRA,OASISV26,11/18/2025,1
226 - UK - RECIFE - 226,2 02 14 008757,RASTEIRA NOBUCK VEG OASIS V26,1,"59,9",199,"59,9",199,199,199,CALCADOS PERTHO LTDA-ME,NICOLLI ROSSETTI,UNCLE K,VERAO 2026,CALCADOS,SANDALIA  RASTEIRA,NACIONAL,NOBUCK VEGGIE,CALCADOS,RASTEIRA,OASISV26,2/6/2026,1
238 - UK - RECIFE 2 - 238,2 02 14 008757,RASTEIRA NOBUCK VEG OASIS V26,2,"119,8",398,"59,9",199,199,199,CALCADOS PERTHO LTDA-ME,NICOLLI ROSSETTI,UNCLE K,VERAO 2026,CALCADOS,SANDALIA  RASTEIRA,NACIONAL,NOBUCK VEGGIE,CALCADOS,RASTEIRA,OASISV26,2/14/2026,1
242 - UK - RECIFE 4 - 242,2 02 14 008756,RASTEIRA NAPA VEG WOOD V26,1,41,149,41,149,149,149,CALCADOS PERTHO LTDA-ME,NICOLLI ROSSETTI,UNCLE K,VERAO 2026,CALCADOS,SANDALIA  RASTEIRA,NACIONAL,NAPA VEGGIE,CALCADOS,RASTEIRA,WOODV26,3/2/2026,1
226 - UK - RECIFE - 226,2 02 14 008756,RASTEIRA NAPA VEG WOOD V26,2,82,298,41,149,149,149,CALCADOS PERTHO LTDA-ME,NICOLLI ROSSETTI,UNCLE K,VERAO 2026,CALCADOS,SANDALIA  RASTEIRA,NACIONAL,NAPA VEGGIE,CALCADOS,RASTEIRA,WOODV26,3/17/2026,1
242 - UK - RECIFE 4 - 242,2 02 15 008421,FLAT CAMURCA VEG TRUDI V25,1,44,"69,5",44,139,"69,5",139,CALCADOS PERTHO LTDA-ME,NICOLLI ROSSETTI,UNCLE K,VERAO 2025,CALCADOS,SANDALIA,NACIONAL,CAMURCA VEGGIE,CALCADOS,RASTEIRA,TRUDIV25,12/23/2024,1
226 - UK - RECIFE - 226,2 02 14 008775,RASTEIRA VEGGIE SPRING V26,2,"83,8",278,"41,9",139,139,139,CALCADOS PERTHO LTDA-ME,NICOLLI ROSSETTI,UNCLE K,VERAO 2026,CALCADOS,SANDALIA  RASTEIRA,NACIONAL,VEGGIE,CALCADOS,RASTEIRA,SPRINGV26,1/28/2026,1
240 - UK - RECIFE 3 - 240,2 02 14 008775,RASTEIRA VEGGIE SPRING V26,1,"41,9",139,"41,9",139,139,139,CALCADOS PERTHO LTDA-ME,NICOLLI ROSSETTI,UNCLE K,VERAO 2026,CALCADOS,SANDALIA  RASTEIRA,NACIONAL,VEGGIE,CALCADOS,RASTEIRA,SPRINGV26,3/10/2026,1
238 - UK - RECIFE 2 - 238,2 02 14 008775,RASTEIRA VEGGIE SPRING V26,1,"41,9",139,"41,9",139,139,139,CALCADOS PERTHO LTDA-ME,NICOLLI ROSSETTI,UNCLE K,VERAO 2026,CALCADOS,SANDALIA  RASTEIRA,NACIONAL,VEGGIE,CALCADOS,RASTEIRA,SPRINGV26,2/24/2026,1
238 - UK - RECIFE 2 - 238,2 02 15 008366,RASTEIRA NAPA VEG/ELAST SPIDER V25,1,"59,9",149,"59,9",199,149,199,CALCADOS PERTHO LTDA-ME,NICOLLI ROSSETTI,UNCLE K,VERAO 2025,CALCADOS,SANDALIA,NACIONAL,NAPA VEGGIE/ELASTICO,CALCADOS,RASTEIRA,SPIDERV25,9/19/2024,1
226 - UK - RECIFE - 226,2 02 14 008770,RASTEIRA NOBUCK VEG VERT V26,1,55,189,55,189,189,189,CALCADOS PERTHO LTDA-ME,NICOLLI ROSSETTI,UNCLE K,VERAO 2026,CALCADOS,SANDALIA  RASTEIRA,NACIONAL,NOBUCK VEGGIE,CALCADOS,RASTEIRA,VERTV26,3/4/2026,1
238 - UK - RECIFE 2 - 238,2 02 14 008770,RASTEIRA NOBUCK VEG VERT V26,1,55,189,55,189,189,189,CALCADOS PERTHO LTDA-ME,NICOLLI ROSSETTI,UNCLE K,VERAO 2026,CALCADOS,SANDALIA  RASTEIRA,NACIONAL,NOBUCK VEGGIE,CALCADOS,RASTEIRA,VERTV26,1/29/2026,1
226 - UK - RECIFE - 226,2 02 15 008364,RASTEIRA NOB VEG/ELASTICO MIX V25,1,61,"99,5",61,199,"99,5",199,CALCADOS PERTHO LTDA-ME,NICOLLI ROSSETTI,UNCLE K,VERAO 2025,CALCADOS,SANDALIA,NACIONAL,NOBUCK VEGGIE/ELASTI,CALCADOS,RASTEIRA,MIXV25,8/13/2025,1
238 - UK - RECIFE 2 - 238,2 02 15 008868,RASTEIRA NAPA VEG IKEBANA I26,1,46,159,46,159,159,159,CALCADOS PERTHO LTDA-ME,NICOLLI ROSSETTI,UNCLE K,INVERNO 2026,CALCADOS,SANDALIA,NACIONAL,NAPA VEGGIE,CALCADOS,RASTEIRA,IKEBANAI26,3/10/2026,1
226 - UK - RECIFE - 226,2 02 15 007994,FLAT ELASTICO NEW DANTE V24,1,54,99,54,179,99,179,CALCADOS PERTHO LTDA-ME,NICOLLI ROSSETTI,UNCLE K,VERAO 2024,CALCADOS,SANDALIA,NACIONAL,ELASTICO,CALCADOS,RASTEIRA,NEWDANTEV24,5/15/2025,1
226 - UK - RECIFE - 226,2 02 16 008140,SAPATILHA NAPA VEG DOMINIQUE I24,1,"54,9","99,5","54,9",199,"99,5",199,CALCADOS PERTHO LTDA-ME,NICOLLI ROSSETTI,UNCLE K,INVERNO 2024,CALCADOS,SAPATILHA,NACIONAL,NAPA VEGGIE,CALCADOS,SAPATILHA BONECA,DOMINIQUEI24,8/7/2024,1
238 - UK - RECIFE 2 - 238,2 04 07 008978,CARTEIRA COURO 70499 I26,3,"163,5",507,"54,5",169,169,169,MARJU INDUSTRIA E COMERCIO DE COURO EIRELI,MARJU,UNCLE K,INVERNO 2026,ACESSORIOS,CARTEIRA COURO,NACIONAL,COURO,CARTEIRAS,CARTEIRA COURO,70499I26,3/20/2026,1
226 - UK - RECIFE - 226,2 04 19 008582,CARTEIRA SINTETICO 70533 I25,2,"169,42",298,"84,71",219,149,219,MARJU INDUSTRIA E COMERCIO DE COURO EIRELI,MARJU,UNCLE K,INVERNO 2025,ACESSORIOS,CARTEIRAS,NACIONAL,SINTETICO,CARTEIRAS,CARTEIRA,70533I25,10/1/2025,1
238 - UK - RECIFE 2 - 238,2 04 19 008582,CARTEIRA SINTETICO 70533 I25,3,"254,13",447,"84,71",219,149,219,MARJU INDUSTRIA E COMERCIO DE COURO EIRELI,MARJU,UNCLE K,INVERNO 2025,ACESSORIOS,CARTEIRAS,NACIONAL,SINTETICO,CARTEIRAS,CARTEIRA,70533I25,11/29/2025,1
226 - UK - RECIFE - 226,2 04 01 008465,PORTA PASSAPORTE COURO 70350 I25,1,"52,5",119,"52,5",159,119,159,MARJU INDUSTRIA E COMERCIO DE COURO EIRELI,MARJU,UNCLE K,INVERNO 2025,ACESSORIOS,ACESSORIOS,NACIONAL,COURO,ACESSORIOS,PORTA PASSAPORTE,70350I25,3/6/2026,1
238 - UK - RECIFE 2 - 238,2 04 19 008445,CARTEIRA SINTETICO 70426 V25,2,"147,3",318,"73,65",229,159,229,MARJU INDUSTRIA E COMERCIO DE COURO EIRELI,MARJU,UNCLE K,VERAO 2025,ACESSORIOS,CARTEIRAS,NACIONAL,SINTETICO,CARTEIRAS,CARTEIRA,70426STV25,9/16/2025,1
242 - UK - RECIFE 4 - 242,2 04 01 008656,ALCA CADARCO/COURO 70591 V26,1,"52,81",159,"52,81",159,159,159,MARJU INDUSTRIA E COMERCIO DE COURO EIRELI,MARJU,UNCLE K,VERAO 2026,ACESSORIOS,ACESSORIOS,NACIONAL,CADARCO/COURO,ACESSORIOS,ALCA DE BOLSA,70591V26,3/17/2026,1
226 - UK - RECIFE - 226,2 04 01 008656,ALCA CADARCO/COURO 70591 V26,2,"105,62",318,"52,81",159,159,159,MARJU INDUSTRIA E COMERCIO DE COURO EIRELI,MARJU,UNCLE K,VERAO 2026,ACESSORIOS,ACESSORIOS,NACIONAL,CADARCO/COURO,ACESSORIOS,ALCA DE BOLSA,70591V26,2/16/2026,1
226 - UK - RECIFE - 226,2 04 01 008642,BAG CHARMS COURO 70588 V26,3,"84,84",177,"28,28",89,59,89,MARJU INDUSTRIA E COMERCIO DE COURO EIRELI,MARJU,UNCLE K,VERAO 2026,ACESSORIOS,ACESSORIOS,NACIONAL,COURO,ACESSORIOS,CHAVEIRO,70588V26,12/15/2025,1
242 - UK - RECIFE 4 - 242,2 04 01 008641,KIT SORRISO COURO 70217 V26,1,52,119,52,159,119,159,MARJU INDUSTRIA E COMERCIO DE COURO EIRELI,MARJU,UNCLE K,VERAO 2026,ACESSORIOS,ACESSORIOS,NACIONAL,COURO,ACESSORIOS,KIT SORRISO,70217V26,1/17/2026,1
242 - UK - RECIFE 4 - 242,2 04 01 008777,PORTA DOC COURO 70351 V26,1,"44,2",139,"44,2",139,139,139,MARJU INDUSTRIA E COMERCIO DE COURO EIRELI,MARJU,UNCLE K,VERAO 2026,ACESSORIOS,ACESSORIOS,NACIONAL,COURO,ACESSORIOS,PORTA DOCUMENTO,70351V26,1/10/2026,1
242 - UK - RECIFE 4 - 242,2 04 01 008908,BAG CHARM SINTETICO 70622 I26,5,140,445,28,89,89,89,MARJU INDUSTRIA E COMERCIO DE COURO EIRELI,MARJU,UNCLE K,INVERNO 2026,ACESSORIOS,ACESSORIOS,NACIONAL,SINTETICO,ACESSORIOS,CHAVEIRO,70622I26,3/5/2026,1
226 - UK - RECIFE - 226,2 04 01 008467,ALCA CADARCO/COURO 70490 I25,1,"36,54",119,"36,54",119,119,119,MARJU INDUSTRIA E COMERCIO DE COURO EIRELI,MARJU,UNCLE K,INVERNO 2025,ACESSORIOS,ACESSORIOS,NACIONAL,CADARCO/COURO,ACESSORIOS,ALCA DE BOLSA,70490I25,5/18/2025,1
238 - UK - RECIFE 2 - 238,2 04 19 008726,CARTEIRA PU 70533 V26,1,"88,1",149,"88,1",219,149,219,MARJU INDUSTRIA E COMERCIO DE COURO EIRELI,MARJU,UNCLE K,VERAO 2026,ACESSORIOS,CARTEIRAS,NACIONAL,PU,CARTEIRAS,CARTEIRA,70533V26,12/20/2025,1
238 - UK - RECIFE 2 - 238,2 04 07 008677,CARTEIRA COURO 70444 V26,3,168,357,56,179,119,179,MARJU INDUSTRIA E COMERCIO DE COURO EIRELI,MARJU,UNCLE K,VERAO 2026,ACESSORIOS,CARTEIRA COURO,NACIONAL,COURO,CARTEIRAS,CARTEIRA COURO,70444V26,9/25/2025,1
240 - UK - RECIFE 3 - 240,2 04 07 008702,CARTEIRA COURO 70499 V26,1,"52,86",169,"52,86",169,169,169,MARJU INDUSTRIA E COMERCIO DE COURO EIRELI,MARJU,UNCLE K,VERAO 2026,ACESSORIOS,CARTEIRA COURO,NACIONAL,COURO,CARTEIRAS,CARTEIRA COURO,70499V26,2/26/2026,1
226 - UK - RECIFE - 226,2 04 07 008702,CARTEIRA COURO 70499 V26,1,"52,86",169,"52,86",169,169,169,MARJU INDUSTRIA E COMERCIO DE COURO EIRELI,MARJU,UNCLE K,VERAO 2026,ACESSORIOS,CARTEIRA COURO,NACIONAL,COURO,CARTEIRAS,CARTEIRA COURO,70499V26,3/3/2026,1
226 - UK - RECIFE - 226,2 04 07 008701,CARTEIRA COURO 70426 V26,1,"89,9",269,"89,9",269,269,269,MARJU INDUSTRIA E COMERCIO DE COURO EIRELI,MARJU,UNCLE K,VERAO 2026,ACESSORIOS,CARTEIRA COURO,NACIONAL,COURO,CARTEIRAS,CARTEIRA COURO,70426V26,12/15/2025,1
242 - UK - RECIFE 4 - 242,2 04 07 008701,CARTEIRA COURO 70426 V26,3,"269,7",807,"89,9",269,269,269,MARJU INDUSTRIA E COMERCIO DE COURO EIRELI,MARJU,UNCLE K,VERAO 2026,ACESSORIOS,CARTEIRA COURO,NACIONAL,COURO,CARTEIRAS,CARTEIRA COURO,70426V26,3/3/2026,1
238 - UK - RECIFE 2 - 238,2 04 07 007782,CARTEIRA COURO 70376,1,"42,14",159,"42,14",159,159,159,MARJU INDUSTRIA E COMERCIO DE COURO EIRELI,MARJU,UNCLE K,INVERNO 2023,ACESSORIOS,CARTEIRA COURO,NACIONAL,COURO,MASCULINO,CARTEIRA MASCULINA,70376I23,3/7/2026,1
238 - UK - RECIFE 2 - 238,2 04 07 007780,CARTEIRA COURO 70374,1,"42,43",149,"42,43",149,149,139,MARJU INDUSTRIA E COMERCIO DE COURO EIRELI,MARJU,UNCLE K,INVERNO 2023,ACESSORIOS,CARTEIRA COURO,NACIONAL,COURO,MASCULINO,CARTEIRA MASCULINA,70374I23,3/2/2026,1
242 - UK - RECIFE 4 - 242,2 04 07 007780,CARTEIRA COURO 70374,1,"42,43",149,"42,43",149,149,139,MARJU INDUSTRIA E COMERCIO DE COURO EIRELI,MARJU,UNCLE K,INVERNO 2023,ACESSORIOS,CARTEIRA COURO,NACIONAL,COURO,MASCULINO,CARTEIRA MASCULINA,70374I23,3/2/2026,1
238 - UK - RECIFE 2 - 238,2 04 07 008376,CARTEIRA COURO 70445 V25,1,64,139,64,209,139,209,MARJU INDUSTRIA E COMERCIO DE COURO EIRELI,MARJU,UNCLE K,VERAO 2025,ACESSORIOS,CARTEIRA COURO,NACIONAL,COURO,CARTEIRAS,CARTEIRA COURO,70445V25,3/2/2026,1
238 - UK - RECIFE 2 - 238,2 04 19 008377,CARTEIRA PU 70533 V25,2,"158,92",298,"79,46",219,149,219,MARJU INDUSTRIA E COMERCIO DE COURO EIRELI,MARJU,UNCLE K,VERAO 2025,ACESSORIOS,CARTEIRAS,NACIONAL,PU,CARTEIRAS,CARTEIRA,70533V25,10/30/2024,1
238 - UK - RECIFE 2 - 238,2 04 01 007847,ALCA BOLSA P CADARCO 70507 V24,1,"21,3",69,"21,3",89,69,89,MARJU INDUSTRIA E COMERCIO DE COURO EIRELI,MARJU,UNCLE K,VERAO 2024,ACESSORIOS,ACESSORIOS,NACIONAL,CADARCO,ACESSORIOS,ALCA DE BOLSA,70507V24,2/4/2025,1
226 - UK - RECIFE - 226,2 04 07 008202,CARTEIRA COURO 70376 I24,5,"265,55",895,"53,11",179,179,179,MARJU INDUSTRIA E COMERCIO DE COURO EIRELI,MARJU,UNCLE K,INVERNO 2024,ACESSORIOS,CARTEIRA COURO,NACIONAL,COURO,MASCULINO,CARTEIRA MASCULINA,70376I24,8/13/2024,1
242 - UK - RECIFE 4 - 242,2 04 07 008202,CARTEIRA COURO 70376 I24,1,"53,11",179,"53,11",179,179,179,MARJU INDUSTRIA E COMERCIO DE COURO EIRELI,MARJU,UNCLE K,INVERNO 2024,ACESSORIOS,CARTEIRA COURO,NACIONAL,COURO,MASCULINO,CARTEIRA MASCULINA,70376I24,12/23/2025,1
242 - UK - RECIFE 4 - 242,2 04 07 008200,CARTEIRA COURO 70374 I24,2,"100,96",338,"50,48",169,169,169,MARJU INDUSTRIA E COMERCIO DE COURO EIRELI,MARJU,UNCLE K,INVERNO 2024,ACESSORIOS,CARTEIRA COURO,NACIONAL,COURO,MASCULINO,CARTEIRA MASCULINA,70374I24,10/18/2024,1
226 - UK - RECIFE - 226,2 04 01 007825,GUARDA-CHUVA POLIESTER GOMOS G,2,"135,8",398,"67,9",199,199,199,GUARDACHUVARIA CONTORNOS,CONTORNOS 2,UNCLE K,VERAO 2024,ACESSORIOS,ACESSORIOS,NACIONAL,POLIESTER,ACESSORIOS,GUARDA-CHUVA,GOMOSGV24,3/15/2026,1
226 - UK - RECIFE - 226,2 02 18 007828,TENIS LONA ALOHA V24,1,89,149,89,299,149,299,RC INDUSTRIA DE CALCADOS EIRELI,PRIMMA SCARPA,UNCLE K,VERAO 2024,CALCADOS,TENIS,NACIONAL,LONA,CALCADOS,TENIS,ALOHAV24,3/19/2025,1
226 - UK - RECIFE - 226,2 02 18 008873,TENIS NAPA VEG TK2 I26,12,1140,4308,95,359,359,359,INDUSTRIA E COMERCIO DE CALCADOS S SANTOS LTDA,SUZANA SANTOS,UNCLE K,INVERNO 2026,CALCADOS,TENIS,NACIONAL,NAPA VEGGIE,CALCADOS,TENIS,TK2I26,3/16/2026,1
240 - UK - RECIFE 3 - 240,2 02 15 007998,RASTEIRA CAMURCA VEG FLAT N.5 V24,1,105,159,105,319,159,319,INDUSTRIA E COMERCIO DE CALCADOS S SANTOS LTDA,SUZANA SANTOS,UNCLE K,VERAO 2024,CALCADOS,SANDALIA,NACIONAL,SINTETICO,CALCADOS,RASTEIRA,FLATN.5V24,1/19/2024,1
240 - UK - RECIFE 3 - 240,2 02 17 008270,SAPATO NOBUCK VEG FRANCIS V25,1,92,"174,5",92,349,"174,5",349,INDUSTRIA E COMERCIO DE CALCADOS S SANTOS LTDA,SUZANA SANTOS,UNCLE K,VERAO 2025,CALCADOS,SAPATO,NACIONAL,NOBUCK VEGGIE,CALCADOS,SAPATO BONECA,FRANCISV25,2/2/2026,1
226 - UK - RECIFE - 226,2 02 15 008765,PAPETE TRAMA VEG KITTY V26,2,126,518,63,259,259,259,INDUSTRIA E COMERCIO DE CALCADOS S.SANTOS LTDA,RENATA MELLO,UNCLE K,VERAO 2026,CALCADOS,SANDALIA,NACIONAL,TRAMA VEGGIE,CALCADOS,PAPETE,KITTYV26,3/14/2026,1
242 - UK - RECIFE 4 - 242,2 02 15 008165,ANABELA NOBUCK VEG NEW RAPHA I24,1,79,279,79,279,279,279,INDUSTRIA E COMERCIO DE CALCADOS S.SANTOS LTDA,RENATA MELLO,UNCLE K,INVERNO 2024,CALCADOS,SANDALIA,NACIONAL,NOBUCK VEGGIE,CALCADOS,ANABELA,NEWRAPHAI24,11/4/2025,1
242 - UK - RECIFE 4 - 242,2 02 15 008848,RASTEIRA NAPA/CAMURCA VEG MARAU V26,3,108,447,36,149,149,149,INDUSTRIA E COMERCIO DE CALCADOS S.SANTOS LTDA,RENATA MELLO,UNCLE K,ALTO VERAO 2026,CALCADOS,SANDALIA,NACIONAL,NAPA/CAMURCA VEGGIE,CALCADOS,RASTEIRA,MARAUV26,12/10/2025,1
238 - UK - RECIFE 2 - 238,2 02 15 008848,RASTEIRA NAPA/CAMURCA VEG MARAU V26,1,36,149,36,149,149,149,INDUSTRIA E COMERCIO DE CALCADOS S.SANTOS LTDA,RENATA MELLO,UNCLE K,ALTO VERAO 2026,CALCADOS,SANDALIA,NACIONAL,NAPA/CAMURCA VEGGIE,CALCADOS,RASTEIRA,MARAUV26,12/5/2025,1
238 - UK - RECIFE 2 - 238,2 02 15 008847,PAPETE NAPA/CAMURCA VEG GRUMARI V26,1,56,229,56,229,229,229,INDUSTRIA E COMERCIO DE CALCADOS S.SANTOS LTDA,RENATA MELLO,UNCLE K,ALTO VERAO 2026,CALCADOS,,NACIONAL,NAPA/CAMURCA VEGGIE,CALCADOS,PAPETE,GRUMARIV26,12/5/2025,1
242 - UK - RECIFE 4 - 242,2 02 14 008773,RASTEIRA NAPA VEG QUINTA V26,2,72,258,36,129,129,129,INDUSTRIA E COMERCIO DE CALCADOS S.SANTOS LTDA,RENATA MELLO,UNCLE K,VERAO 2026,CALCADOS,SANDALIA  RASTEIRA,NACIONAL,NAPA VEGGIE,CALCADOS,RASTEIRA,QUINTAV26,11/17/2025,1
226 - UK - RECIFE - 226,2 02 15 008607,PLATAFORMA NOB/NAPA VEG MARIANA I25,1,82,329,82,329,329,329,INDUSTRIA E COMERCIO DE CALCADOS S.SANTOS LTDA,RENATA MELLO,UNCLE K,INVERNO 2025,CALCADOS,SANDALIA,NACIONAL,NOBUCK/NAPA VEGGIE,CALCADOS,PLATAFORMA,MARIANAI25,3/6/2026,1
242 - UK - RECIFE 4 - 242,2 02 18 008749,TENIS VEGGIE KA V26,1,84,349,84,349,349,349,INDUSTRIA E COMERCIO DE CALCADOS S.SANTOS LTDA,RENATA MELLO,UNCLE K,VERAO 2026,CALCADOS,TENIS,NACIONAL,VEGGIE,CALCADOS,TENIS,KAV26,1/20/2026,1
242 - UK - RECIFE 4 - 242,2 02 18 008749,TENIS VEGGIE KA V26,1,84,349,84,349,349,349,INDUSTRIA E COMERCIO DE CALCADOS S.SANTOS LTDA,RENATA MELLO,UNCLE K,VERAO 2026,CALCADOS,TENIS,NACIONAL,VEGGIE,CALCADOS,TENIS,KAV26,3/12/2026,1
238 - UK - RECIFE 2 - 238,2 02 15 008748,PLATAFORMA NOBUCK VEG MARIANA V26,1,84,329,84,329,329,329,INDUSTRIA E COMERCIO DE CALCADOS S.SANTOS LTDA,RENATA MELLO,UNCLE K,VERAO 2026,CALCADOS,SANDALIA,NACIONAL,NOBUCK VEGGIE,CALCADOS,PLATAFORMA,MARIANAV26,3/2/2026,1
240 - UK - RECIFE 3 - 240,2 02 15 008740,PAPETE NAPA VEG CANYON V26,1,57,189,57,189,189,189,INDUSTRIA E COMERCIO DE CALCADOS S.SANTOS LTDA,RENATA MELLO,UNCLE K,VERAO 2026,CALCADOS,SANDALIA,NACIONAL,NAPA VEGGIE,CALCADOS,PAPETE,CANYONV26,8/27/2025,1
242 - UK - RECIFE 4 - 242,2 04 01 008038,KIT MEIAS ALGODAO HAPPY I24,3,"42,6",177,"14,2",59,59,59,BRICAM COMERCIO VAREJISTA DE ARTIGOS E PRODUTOS LTDA,BRICAM COMERCIO VAREJISTA DE ARTIGOS E P,UNCLE K,INVERNO 2024,ACESSORIOS,ACESSORIOS,NACIONAL,ALGODAO,ACESSORIOS,MEIA,KITHAPPYI24,3/10/2026,1
240 - UK - RECIFE 3 - 240,2 02 18 008605,TENIS COURO RIO I25,2,298,938,149,469,469,469,CALCADOS SHELTER INDUSTRIA E COMERCIA LTDA EPP,SHELTER,UNCLE K,INVERNO 2025,CALCADOS,TENIS,NACIONAL,COURO,CALCADOS,TENIS,RIOI25,8/12/2025,1
226 - UK - RECIFE - 226,2 02 18 007814,TENIS NEOPRENE NEO,3,"440,7",717,"146,9",489,239,489,CALCADOS SHELTER INDUSTRIA E COMERCIA LTDA EPP,SHELTER,UNCLE K,INVERNO 2023,CALCADOS,TENIS,NACIONAL,NEOPRENE,MASCULINO,TENIS,NEO,7/24/2025,1
240 - UK - RECIFE 3 - 240,2 03 11 008108,MOCHILA NY BNT MINI BUK I24,1,140,499,140,499,499,499,BAG PLANET BOLSAS E ACESSORIOS LTDA,BAG PLANET BOLSAS E ACESSORIOS LTDA,UNCLE K,INVERNO 2024,MOCHILAS,MOCHILA NYLON,IMPORTADO,NYLON BNT,MOCHILAS BASICAS,MOCHILA,MINIBUKBNTI24,9/1/2025,1
242 - UK - RECIFE 4 - 242,2 03 11 007926,MOCHILA NYLON BNT BUK V24,1,150,549,150,549,549,549,BAG PLANET BOLSAS E ACESSORIOS LTDA,BAG PLANET BOLSAS E ACESSORIOS LTDA,UNCLE K,VERAO 2024,MOCHILAS,MOCHILA NYLON,IMPORTADO,NYLON BNT,MOCHILAS BASICAS,MOCHILA,BUKV24,2/3/2026,1
242 - UK - RECIFE 4 - 242,2 03 11 007926,MOCHILA NYLON BNT BUK V24,1,150,549,150,549,549,549,BAG PLANET BOLSAS E ACESSORIOS LTDA,BAG PLANET BOLSAS E ACESSORIOS LTDA,UNCLE K,VERAO 2024,MOCHILAS,MOCHILA NYLON,IMPORTADO,NYLON BNT,MOCHILAS BASICAS,MOCHILA,BUKV24,2/9/2026,1
238 - UK - RECIFE 2 - 238,2 03 11 007534,MOCHILA NYLON RUBBER 60981 V23,1,130,259,130,429,259,419,BAG PLANET BOLSAS E ACESSORIOS LTDA,BAG PLANET BOLSAS E ACESSORIOS LTDA,UNCLE K,VERAO 2023,MOCHILAS,MOCHILA NYLON,IMPORTADO,NYLON EMBORRACHADO,MOCHILAS/MALAS,MOCHILA,60981V23,3/23/2024,1
238 - UK - RECIFE 2 - 238,2 03 11 007534,MOCHILA NYLON RUBBER 60981 V23,1,130,259,130,429,259,419,BAG PLANET BOLSAS E ACESSORIOS LTDA,BAG PLANET BOLSAS E ACESSORIOS LTDA,UNCLE K,VERAO 2023,MOCHILAS,MOCHILA NYLON,IMPORTADO,NYLON EMBORRACHADO,MOCHILAS/MALAS,MOCHILA,60981V23,1/9/2025,1
238 - UK - RECIFE 2 - 238,2 01 04 007471,BOLSA NYLON RUBBER 60954 V23,1,115,379,115,379,379,419,BAG PLANET BOLSAS E ACESSORIOS LTDA,BAG PLANET BOLSAS E ACESSORIOS LTDA,UNCLE K,VERAO 2023,BOLSAS,BOLSA NYLON,IMPORTADO,NYLON EMBORRACHADO,BOLSAS NYLON IMPORTADO,BOLSA OMBRO,60954V23,2/10/2026,1
242 - UK - RECIFE 4 - 242,2 02 14 008752,RASTEIRA COURO SILVER V26,4,324,1076,81,269,269,269,NIVAN CALCADOS LTDA,AYE AYE,UNCLE K,VERAO 2026,CALCADOS,SANDALIA  RASTEIRA,NACIONAL,COURO,CALCADOS,RASTEIRA,SILVERV26,1/13/2026,1
226 - UK - RECIFE - 226,2 02 15 008878,SANDALIA COURO TOTIS I26,2,"172,6",558,"86,3",279,279,279,NIVAN CALCADOS LTDA,AYE AYE,UNCLE K,INVERNO 2026,CALCADOS,SANDALIA,NACIONAL,COURO,CALCADOS,RASTEIRA,TOTISI26,3/17/2026,1
226 - UK - RECIFE - 226,2 02 14 008769,RASTEIRA COURO RIVER V26,1,"77,5",249,"77,5",249,249,249,NIVAN CALCADOS LTDA,AYE AYE,UNCLE K,VERAO 2026,CALCADOS,SANDALIA  RASTEIRA,NACIONAL,COURO,CALCADOS,RASTEIRA,RIVERV26,2/4/2026,1
242 - UK - RECIFE 4 - 242,2 02 14 008769,RASTEIRA COURO RIVER V26,1,"77,5",249,"77,5",249,249,249,NIVAN CALCADOS LTDA,AYE AYE,UNCLE K,VERAO 2026,CALCADOS,SANDALIA  RASTEIRA,NACIONAL,COURO,CALCADOS,RASTEIRA,RIVERV26,11/29/2025,1
238 - UK - RECIFE 2 - 238,2 02 14 008769,RASTEIRA COURO RIVER V26,1,"77,5",249,"77,5",249,249,249,NIVAN CALCADOS LTDA,AYE AYE,UNCLE K,VERAO 2026,CALCADOS,SANDALIA  RASTEIRA,NACIONAL,COURO,CALCADOS,RASTEIRA,RIVERV26,3/16/2026,1
240 - UK - RECIFE 3 - 240,2 02 14 008769,RASTEIRA COURO RIVER V26,4,310,996,"77,5",249,249,249,NIVAN CALCADOS LTDA,AYE AYE,UNCLE K,VERAO 2026,CALCADOS,SANDALIA  RASTEIRA,NACIONAL,COURO,CALCADOS,RASTEIRA,RIVERV26,11/3/2025,1
226 - UK - RECIFE - 226,2 02 14 008769,RASTEIRA COURO RIVER V26,1,"77,5",249,"77,5",249,249,249,NIVAN CALCADOS LTDA,AYE AYE,UNCLE K,VERAO 2026,CALCADOS,SANDALIA  RASTEIRA,NACIONAL,COURO,CALCADOS,RASTEIRA,RIVERV26,2/1/2026,1
226 - UK - RECIFE - 226,2 02 15 008879,PAPETE CAMURCA BRICK I26,18,"2154,6",7002,"119,7",389,389,389,NIVAN CALCADOS LTDA,AYE AYE,UNCLE K,INVERNO 2026,CALCADOS,SANDALIA,NACIONAL,CAMURCA,CALCADOS,PAPETE,BRICKI26,3/11/2026,1
238 - UK - RECIFE 2 - 238,2 02 15 008879,PAPETE CAMURCA BRICK I26,2,"239,4",778,"119,7",389,389,389,NIVAN CALCADOS LTDA,AYE AYE,UNCLE K,INVERNO 2026,CALCADOS,SANDALIA,NACIONAL,CAMURCA,CALCADOS,PAPETE,BRICKI26,3/12/2026,1
238 - UK - RECIFE 2 - 238,2 02 15 008358,RASTEIRA COURO SILVER V25,1,"79,7",269,"79,7",269,269,269,NIVAN CALCADOS LTDA,AYE AYE,UNCLE K,VERAO 2025,CALCADOS,SANDALIA,NACIONAL,COURO,CALCADOS,RASTEIRA,SILVERV25,9/4/2024,1
226 - UK - RECIFE - 226,2 04 01 07777,COPO UNCLE K,1,"19,95",59,"19,95",59,59,59,SANTA CLARA BRINDES,SANTA CLARA BRINDES,UNCLE K,INVERNO 2023,,,,,,,,3/6/2026,1
242 - UK - RECIFE 4 - 242,2 02 17 008178,SAPATO COURO ENJOY I24,1,109,"169,5",109,339,"169,5",339,ARLETE WAGNER DA SILVA,PRIMMA SCARPA,UNCLE K,INVERNO 2024,CALCADOS,SAPATO,NACIONAL,COURO,CALCADOS,SAPATO SALTO,ENJOYI24,11/5/2024,1
242 - UK - RECIFE 4 - 242,2 02 17 007734,SAPATO COURO KYOTO I23,1,"99,9",199,"99,9",329,199,329,ARLETE WAGNER DA SILVA,PRIMMA SCARPA,UNCLE K,INVERNO 2023,CALCADOS,SAPATO,NACIONAL,COURO,CALCADOS,SAPATO,KYOTOI23,3/1/2025,1
238 - UK - RECIFE 2 - 238,2 02 18 008362,TENIS TELA LUAU MESH V25,1,"83,5","149,5","83,5",299,"149,5",299,CALCADOS R.M.S LTDA,RMS,UNCLE K,VERAO 2025,CALCADOS,TENIS,NACIONAL,TELA,CALCADOS,TENIS,LUAUMESHV25,8/30/2025,1
226 - UK - RECIFE - 226,2 02 15 008760,PAPETE ELASTICO VICKY V26,1,76,259,76,259,259,259,CALCADOS R.M.S LTDA,RMS,UNCLE K,VERAO 2026,CALCADOS,SANDALIA,NACIONAL,ELASTICO,CALCADOS,PAPETE,VICKYV26,3/6/2026,1
226 - UK - RECIFE - 226,2 02 15 008361,PAPETE ELASTICO SERENA V25,1,"74,3",259,"74,3",259,259,249,CALCADOS R.M.S LTDA,RMS,UNCLE K,VERAO 2025,CALCADOS,SANDALIA,NACIONAL,ELASTICO,CALCADOS,PAPETE,SERENAV25,1/16/2026,1
226 - UK - RECIFE - 226,2 02 15 008735,PAPETE COURO FIGARO V26,1,78,259,78,259,259,259,CALCADOS R.M.S LTDA,RMS,UNCLE K,VERAO 2026,CALCADOS,SANDALIA,NACIONAL,COURO,CALCADOS,PAPETE,FIGAROV26,12/21/2025,1
240 - UK - RECIFE 3 - 240,2 02 15 008736,ANABELA COURO PIC NIC V26,1,87,299,87,299,299,299,CALCADOS R.M.S LTDA,RMS,UNCLE K,VERAO 2026,CALCADOS,SANDALIA  ANABELA,NACIONAL,COURO,CALCADOS,ANABELA,PICNICV26,8/27/2025,1
240 - UK - RECIFE 3 - 240,2 02 15 007984,PLATAFORMA LONA TRANCOSO V24,1,"99,9",149,"99,9",329,149,329,NEW PORT IND. COM. IMP. E EXP DE CALCADOS LTDA,A3 ESPADRILLES,UNCLE K,VERAO 2024,CALCADOS,SANDALIA,NACIONAL,LONA,CALCADOS,PLATAFORMA,TRANCOSOV24,11/5/2024,1
226 - UK - RECIFE - 226,2 03 11 008304,MOCHILA NYLON BNT 61049 V25,1,182,669,182,669,669,669,TRUST - IMPORTACAO E EXPORTACAO EIRELI,TTL BRAZIL (DTX),UNCLE K,VERAO 2025,MOCHILAS,MOCHILA NYLON,IMPORTADO,NYLON BNT,MOCHILAS/MALAS,MOCHILA,61049V25,12/26/2025,1
242 - UK - RECIFE 4 - 242,2 03 11 008301,MOCHILA NYLON BNT MINI BUK V25,3,372,1497,124,499,499,499,TRUST - IMPORTACAO E EXPORTACAO EIRELI,TTL BRAZIL (DTX),UNCLE K,VERAO 2025,MOCHILAS,MOCHILA NYLON,IMPORTADO,NYLON BNT,MOCHILAS BASICAS,MOCHILA,MINIBUKBNTV25,12/16/2024,1
238 - UK - RECIFE 2 - 238,2 03 11 008303,MOCHILA NYLON BNT BIG BUK V25,2,288,1178,144,589,589,589,TRUST - IMPORTACAO E EXPORTACAO EIRELI,TTL BRAZIL (DTX),UNCLE K,VERAO 2025,MOCHILAS,MOCHILA NYLON,IMPORTADO,NYLON BNT,MOCHILAS BASICAS,MOCHILA,BIGBUKBNTV25,1/10/2026,1
238 - UK - RECIFE 2 - 238,2 01 04 008398,BOLSA NYLON BNT 61235 V25,1,89,349,89,499,349,499,TRUST - IMPORTACAO E EXPORTACAO EIRELI,TTL BRAZIL (DTX),UNCLE K,VERAO 2025,BOLSAS,BOLSA NYLON,IMPORTADO,NYLON BNT,BOLSAS NYLON IMPORTADO,BOLSA TRANSPASSE,61235V25,2/26/2026,1
238 - UK - RECIFE 2 - 238,2 03 11 008302,MOCHILA NYLON BNT BUK V25,2,260,1098,130,549,549,549,TRUST - IMPORTACAO E EXPORTACAO EIRELI,TTL BRAZIL (DTX),UNCLE K,VERAO 2025,MOCHILAS,MOCHILA NYLON,IMPORTADO,NYLON BNT,MOCHILAS BASICAS,MOCHILA,BUKBNTV25,9/15/2025,1
226 - UK - RECIFE - 226,2 03 11 008302,MOCHILA NYLON BNT BUK V25,1,130,549,130,549,549,549,TRUST - IMPORTACAO E EXPORTACAO EIRELI,TTL BRAZIL (DTX),UNCLE K,VERAO 2025,MOCHILAS,MOCHILA NYLON,IMPORTADO,NYLON BNT,MOCHILAS BASICAS,MOCHILA,BUKBNTV25,3/13/2026,1
242 - UK - RECIFE 4 - 242,2 02 15 008882,SANDALIA NEOPRENE MEDUSA I26,14,1736,5586,124,399,399,399,CALCADOS NATORE RAPERE LTDA,NATORE,UNCLE K,INVERNO 2026,CALCADOS,SANDALIA,NACIONAL,NEOPRENE,CALCADOS,SANDALIA SALTO,MEDUSAI26,3/3/2026,1
242 - UK - RECIFE 4 - 242,2 02 15 008883,SANDALIA NEOPRENE TRIANON I26,2,248,798,124,399,399,399,CALCADOS NATORE RAPERE LTDA,NATORE,UNCLE K,INVERNO 2026,CALCADOS,SANDALIA,NACIONAL,NEOPRENE,CALCADOS,SANDALIA SALTO,TRIANONI26,3/12/2026,1
226 - UK - RECIFE - 226,2 02 15 008883,SANDALIA NEOPRENE TRIANON I26,17,2108,6783,124,399,399,399,CALCADOS NATORE RAPERE LTDA,NATORE,UNCLE K,INVERNO 2026,CALCADOS,SANDALIA,NACIONAL,NEOPRENE,CALCADOS,SANDALIA SALTO,TRIANONI26,3/3/2026,1
242 - UK - RECIFE 4 - 242,2 02 15 008883,SANDALIA NEOPRENE TRIANON I26,18,2232,7182,124,399,399,399,CALCADOS NATORE RAPERE LTDA,NATORE,UNCLE K,INVERNO 2026,CALCADOS,SANDALIA,NACIONAL,NEOPRENE,CALCADOS,SANDALIA SALTO,TRIANONI26,3/3/2026,1
240 - UK - RECIFE 3 - 240,2 02 15 008883,SANDALIA NEOPRENE TRIANON I26,1,124,399,124,399,399,399,CALCADOS NATORE RAPERE LTDA,NATORE,UNCLE K,INVERNO 2026,CALCADOS,SANDALIA,NACIONAL,NEOPRENE,CALCADOS,SANDALIA SALTO,TRIANONI26,3/7/2026,1
226 - UK - RECIFE - 226,2 01 04 008314,BOLSA PU SOFT 61227 V25,1,130,"234,5",130,469,"234,5",469,ITIBAG COMERCIO DE BOLSAS E ACESSORIOS LTDA EPP,ITIBAG,UNCLE K,VERAO 2025,BOLSAS,SANDALIA  PLATAFORMA,IMPORTADO,PU SOFT,BOLSAS PU,BOLSA MULTIUSO,61127V25,3/16/2026,1
226 - UK - RECIFE - 226,2 01 04 008448,BOLSA NY SOFT FLUFFY 61224 V25,1,120,349,120,499,349,499,ITIBAG COMERCIO DE BOLSAS E ACESSORIOS LTDA EPP,ITIBAG,UNCLE K,VERAO 2025,BOLSAS,BOLSA NYLON,IMPORTADO,NY SOFT FLUFFY,BOLSAS NYLON IMPORTADO,BOLSA MULTIUSO,61224V25,1/17/2026,1
238 - UK - RECIFE 2 - 238,2 01 04 008447,BOLSA NY SOFT FLUFFY 61223 V25,1,125,349,125,499,349,499,ITIBAG COMERCIO DE BOLSAS E ACESSORIOS LTDA EPP,ITIBAG,UNCLE K,VERAO 2025,BOLSAS,BOLSA NYLON,IMPORTADO,NY SOFT FLUFFY,BOLSAS NYLON IMPORTADO,BOLSA MULTIUSO,61223V25,12/18/2024,1
226 - UK - RECIFE - 226,2 03 11 008380,MOCHILA KING RUBBER 61047 V25,1,175,589,175,589,589,589,ITIBAG COMERCIO DE BOLSAS E ACESSORIOS LTDA EPP,ITIBAG,UNCLE K,VERAO 2025,MOCHILAS,MOCHILA NYLON,IMPORTADO,KING RUBBER,MOCHILAS/MALAS,MOCHILA,61047V25,12/16/2024,1
238 - UK - RECIFE 2 - 238,2 01 05 008533,BOLSA PU/NEOPRENE 61321 I25,1,135,339,135,479,339,479,SERRAMAR DISTRIBUIDORA LTDA,SERRAMAR,UNCLE K,INVERNO 2025,BOLSAS,BOLSA OUTROS,IMPORTADO,PU/NEOPRENE,BOLSAS PU,BOLSA TRANSPASSE,61321I25,11/12/2025,1
240 - UK - RECIFE 3 - 240,2 03 11 008568,MOCHILA NY TWILL BUK I25,1,"150,61",549,"150,61",549,549,549,SERRAMAR DISTRIBUIDORA LTDA,SERRAMAR,UNCLE K,INVERNO 2025,MOCHILAS,MOCHILA NYLON,IMPORTADO,NYLON TWILL,MOCHILAS BASICAS,MOCHILA,BUKTWI25,5/15/2025,1
242 - UK - RECIFE 4 - 242,2 03 11 008572,MOCHILA NY TWILL 61151 I25,3,435,1617,145,539,539,539,SERRAMAR DISTRIBUIDORA LTDA,SERRAMAR,UNCLE K,INVERNO 2025,MOCHILAS,MOCHILA NYLON,IMPORTADO,NYLON TWILL,MOCHILAS/MALAS,MOCHILA,61151I25,4/23/2025,1
240 - UK - RECIFE 3 - 240,2 01 04 008554,BOLSA NY TWILL 61308 I25,1,135,489,135,489,489,489,SERRAMAR DISTRIBUIDORA LTDA,SERRAMAR,UNCLE K,INVERNO 2025,BOLSAS,BOLSA NYLON,IMPORTADO,NYLON TWILL,BOLSAS NYLON IMPORTADO,BOLSA TRANSPASSE,61308I25,1/3/2026,1
226 - UK - RECIFE - 226,2 01 04 008554,BOLSA NY TWILL 61308 I25,1,135,489,135,489,489,489,SERRAMAR DISTRIBUIDORA LTDA,SERRAMAR,UNCLE K,INVERNO 2025,BOLSAS,BOLSA NYLON,IMPORTADO,NYLON TWILL,BOLSAS NYLON IMPORTADO,BOLSA TRANSPASSE,61308I25,12/22/2025,1
242 - UK - RECIFE 4 - 242,2 03 11 008571,MOCHILA NY BNT 61048 I25,1,"188,69",569,"188,69",569,569,569,SERRAMAR DISTRIBUIDORA LTDA,SERRAMAR,UNCLE K,INVERNO 2025,MOCHILAS,MOCHILA NYLON,IMPORTADO,NYLON BNT,MOCHILAS/MALAS,MOCHILA,61048BNTI25,1/23/2026,1
226 - UK - RECIFE - 226,2 03 11 008571,MOCHILA NY BNT 61048 I25,2,"377,38",1138,"188,69",569,569,569,SERRAMAR DISTRIBUIDORA LTDA,SERRAMAR,UNCLE K,INVERNO 2025,MOCHILAS,MOCHILA NYLON,IMPORTADO,NYLON BNT,MOCHILAS/MALAS,MOCHILA,61048BNTI25,10/29/2025,1
238 - UK - RECIFE 2 - 238,2 03 11 008571,MOCHILA NY BNT 61048 I25,2,"377,38",1138,"188,69",569,569,569,SERRAMAR DISTRIBUIDORA LTDA,SERRAMAR,UNCLE K,INVERNO 2025,MOCHILAS,MOCHILA NYLON,IMPORTADO,NYLON BNT,MOCHILAS/MALAS,MOCHILA,61048BNTI25,4/22/2025,1
238 - UK - RECIFE 2 - 238,2 03 11 008571,MOCHILA NY BNT 61048 I25,1,"188,69",569,"188,69",569,569,569,SERRAMAR DISTRIBUIDORA LTDA,SERRAMAR,UNCLE K,INVERNO 2025,MOCHILAS,MOCHILA NYLON,IMPORTADO,NYLON BNT,MOCHILAS/MALAS,MOCHILA,61048BNTI25,9/19/2025,1
238 - UK - RECIFE 2 - 238,2 04 02 008922,COLAR RESINA CI26B,5,200,545,40,109,109,109,BIJOU FASHION BIJOUTERIAS LTDA,BIJOU FASHION BIJOUTERIAS LTDA,UNCLE K,INVERNO 2026,ACESSORIOS,BIJUTERIA,NACIONAL,RESINA,BIJUTERIA,COLAR,CI26B,3/12/2026,1
226 - UK - RECIFE - 226,2 04 02 008689,COLAR RESINA/CAMURCA CV26E,5,200,645,40,129,129,129,BIJOU FASHION BIJOUTERIAS LTDA,BIJOU FASHION BIJOUTERIAS LTDA,UNCLE K,VERAO 2026,ACESSORIOS,BIJUTERIA,NACIONAL,RESINA/CAMURCA,BIJUTERIA,COLAR,CV26EV26,2/27/2026,1
226 - UK - RECIFE - 226,2 04 02 008646,COLAR CORDA/CRISTAL CV26A,1,38,129,38,129,129,129,BIJOU FASHION BIJOUTERIAS LTDA,BIJOU FASHION BIJOUTERIAS LTDA,UNCLE K,VERAO 2026,ACESSORIOS,BIJUTERIA,NACIONAL,CORDA/CRISTAIS,BIJUTERIA,COLAR,CV26AV26,3/14/2026,1
242 - UK - RECIFE 4 - 242,2 04 02 008921,COLAR RESINA CI26A,6,192,594,32,99,99,99,BIJOU FASHION BIJOUTERIAS LTDA,BIJOU FASHION BIJOUTERIAS LTDA,UNCLE K,INVERNO 2026,ACESSORIOS,BIJUTERIA,NACIONAL,RESINA,BIJUTERIA,COLAR,CI26A,3/16/2026,1
238 - UK - RECIFE 2 - 238,2 02 18 008617,TENIS COURO GRID I25,1,"72,9",299,"72,9",299,299,299,C. TORRES DIAS INJETADOS ME,CALCADOS TORRES,UNCLE K,INVERNO 2025,CALCADOS,TENIS,NACIONAL,COURO,CALCADOS,TENIS,GRIDI25,8/28/2025,1
240 - UK - RECIFE 3 - 240,2 02 18 008747,TENIS COURO GRID V26,1,"72,9",299,"72,9",299,299,299,VISPATE CALCADOS LTDA,VISPATE,UNCLE K,VERAO 2026,CALCADOS,TENIS,NACIONAL,COURO,CALCADOS,TENIS,GRIDV26,2/2/2026,1
226 - UK - RECIFE - 226,2 02 18 008747,TENIS COURO GRID V26,1,"72,9",299,"72,9",299,299,299,VISPATE CALCADOS LTDA,VISPATE,UNCLE K,VERAO 2026,CALCADOS,TENIS,NACIONAL,COURO,CALCADOS,TENIS,GRIDV26,1/24/2026,1
242 - UK - RECIFE 4 - 242,2 02 15 008755,SANDALIA NEOPRENE TRIANON V26,1,122,399,122,399,399,399,CONFORTARIA COMERCIO DE CALCADOS LTDA.,CALCADOS NATORE,UNCLE K,VERAO 2026,CALCADOS,SANDALIA,NACIONAL,NEOPRENE,CALCADOS,SANDALIA SALTO,TRIANONV26,2/9/2026,1
238 - UK - RECIFE 2 - 238,2 02 15 008755,SANDALIA NEOPRENE TRIANON V26,2,244,798,122,399,399,399,CONFORTARIA COMERCIO DE CALCADOS LTDA.,CALCADOS NATORE,UNCLE K,VERAO 2026,CALCADOS,SANDALIA,NACIONAL,NEOPRENE,CALCADOS,SANDALIA SALTO,TRIANONV26,1/30/2026,1
238 - UK - RECIFE 2 - 238,2 02 15 008755,SANDALIA NEOPRENE TRIANON V26,2,244,798,122,399,399,399,CONFORTARIA COMERCIO DE CALCADOS LTDA.,CALCADOS NATORE,UNCLE K,VERAO 2026,CALCADOS,SANDALIA,NACIONAL,NEOPRENE,CALCADOS,SANDALIA SALTO,TRIANONV26,2/28/2026,1
242 - UK - RECIFE 4 - 242,2 03 11 008845,MOCHILA NY SOFT 61406 V26,1,94,379,94,379,379,379,VITOR ABREU COMERCIO DE BIJUTERIAS LTDA,VITOR ABREU,UNCLE K,VERAO 2026,MOCHILAS,MOCHILA NYLON,IMPORTADO,NYLON SOFT,MOCHILAS/MALAS,MOCHILA,61406V26,2/27/2026,1
240 - UK - RECIFE 3 - 240,2 03 11 61405,MOCHILA NY SOFT 61405 V26,1,99,399,99,399,399,399,VITOR ABREU COMERCIO DE BIJUTERIAS LTDA,VITOR ABREU,UNCLE K,VERAO 2026,MOCHILAS,MOCHILA NYLON,IMPORTADO,NYLON SOFT,MOCHILAS/MALAS,MOCHILA,61405V26,3/2/2026,1
226 - UK - RECIFE - 226,2 01 04 008840,BOLSA NY SOFT 61407 V26,4,346,1396,"86,5",349,349,349,VITOR ABREU COMERCIO DE BIJUTERIAS LTDA,VITOR ABREU,UNCLE K,VERAO 2026,BOLSAS,BOLSA NYLON,IMPORTADO,NYLON SOFT,BOLSAS NYLON IMPORTADO,BOLSA MULTIUSO,61407V26,3/18/2026,1
238 - UK - RECIFE 2 - 238,2 01 04 008839,BOLSA NY SOFT 61404 V26,3,"217,5",897,"72,5",299,299,299,VITOR ABREU COMERCIO DE BIJUTERIAS LTDA,VITOR ABREU,UNCLE K,VERAO 2026,BOLSAS,BOLSA NYLON,IMPORTADO,NYLON SOFT,BOLSAS NYLON IMPORTADO,BOLSA MULTIUSO,61404V26,3/2/2026,1
226 - UK - RECIFE - 226,2 01 04 008837,BOLSA NY SOFT 61402 V26,1,64,269,64,269,269,269,VITOR ABREU COMERCIO DE BIJUTERIAS LTDA,VITOR ABREU,UNCLE K,VERAO 2026,BOLSAS,BOLSA NYLON,IMPORTADO,NYLON SOFT,BOLSAS NYLON IMPORTADO,BOLSA TRANSPASSE,61402V26,1/21/2026,1
238 - UK - RECIFE 2 - 238,2 01 04 008837,BOLSA NY SOFT 61402 V26,1,64,269,64,269,269,269,VITOR ABREU COMERCIO DE BIJUTERIAS LTDA,VITOR ABREU,UNCLE K,VERAO 2026,BOLSAS,BOLSA NYLON,IMPORTADO,NYLON SOFT,BOLSAS NYLON IMPORTADO,BOLSA TRANSPASSE,61402V26,2/12/2026,1
238 - UK - RECIFE 2 - 238,2 01 04 008789,BOLSA NY BNT 61042 V26,2,210,738,105,369,369,369,TOVA EQUIPAMENTOS E ACESSORIOS LTDA,,UNCLE K,VERAO 2026,BOLSAS,BOLSA NYLON,IMPORTADO,NYLON BNT,BOLSAS NYLON IMPORTADO,BOLSA TRANSPASSE,61042V26,12/16/2025,1
226 - UK - RECIFE - 226,2 01 04 008786,BOLSA NY BNT 61038 V26,1,117,419,117,419,419,419,TOVA EQUIPAMENTOS E ACESSORIOS LTDA,,UNCLE K,VERAO 2026,BOLSAS,BOLSA NYLON,IMPORTADO,NYLON BNT,BOLSAS NYLON IMPORTADO,BOLSA MULTIUSO,61038V26,3/10/2026,1
242 - UK - RECIFE 4 - 242,2 01 04 008788,BOLSA NY BNT 61040 V26,4,480,1756,120,439,439,439,TOVA EQUIPAMENTOS E ACESSORIOS LTDA,,UNCLE K,VERAO 2026,BOLSAS,BOLSA NYLON,IMPORTADO,NYLON BNT,BOLSAS NYLON IMPORTADO,BOLSA MULTIUSO,61040BNTV26,12/16/2025,1
238 - UK - RECIFE 2 - 238,2 01 04 008788,BOLSA NY BNT 61040 V26,3,360,1317,120,439,439,439,TOVA EQUIPAMENTOS E ACESSORIOS LTDA,,UNCLE K,VERAO 2026,BOLSAS,BOLSA NYLON,IMPORTADO,NYLON BNT,BOLSAS NYLON IMPORTADO,BOLSA MULTIUSO,61040BNTV26,12/16/2025,1
240 - UK - RECIFE 3 - 240,2 01 04 008802,BOLSA NY SOFT 61352 V26,1,150,549,150,549,549,549,TOVA EQUIPAMENTOS E ACESSORIOS LTDA,,UNCLE K,VERAO 2026,BOLSAS,BOLSA NYLON,IMPORTADO,NYLON SOFT,BOLSAS NYLON IMPORTADO,BOLSA MULTIUSO,61352V26,1/6/2026,1
238 - UK - RECIFE 2 - 238,2 01 04 008787,BOLSA NY SOFT 61351 V26,2,280,978,140,489,489,489,TOVA EQUIPAMENTOS E ACESSORIOS LTDA,,UNCLE K,VERAO 2026,BOLSAS,BOLSA NYLON,IMPORTADO,NYLON SOFT,BOLSAS NYLON IMPORTADO,BOLSA MULTIUSO,61351V26,1/6/2026,1
242 - UK - RECIFE 4 - 242,2 01 04 008787,BOLSA NY SOFT 61351 V26,1,140,489,140,489,489,489,TOVA EQUIPAMENTOS E ACESSORIOS LTDA,,UNCLE K,VERAO 2026,BOLSAS,BOLSA NYLON,IMPORTADO,NYLON SOFT,BOLSAS NYLON IMPORTADO,BOLSA MULTIUSO,61351V26,1/6/2026,1
226 - UK - RECIFE - 226,2 01 04 008787,BOLSA NY SOFT 61351 V26,1,140,489,140,489,489,489,TOVA EQUIPAMENTOS E ACESSORIOS LTDA,,UNCLE K,VERAO 2026,BOLSAS,BOLSA NYLON,IMPORTADO,NYLON SOFT,BOLSAS NYLON IMPORTADO,BOLSA MULTIUSO,61351V26,3/6/2026,1
226 - UK - RECIFE - 226,2 01 04 008799,BOLSA KING RUBBER 61233 V26,1,105,369,105,369,369,369,TOVA EQUIPAMENTOS E ACESSORIOS LTDA,,UNCLE K,VERAO 2026,BOLSAS,BOLSA NYLON,IMPORTADO,KING RUBBER,BOLSAS NYLON IMPORTADO,BOLSA TRANSPASSE,61233V26,3/13/2026,1
240 - UK - RECIFE 3 - 240,2 01 04 008799,BOLSA KING RUBBER 61233 V26,4,420,1476,105,369,369,369,TOVA EQUIPAMENTOS E ACESSORIOS LTDA,,UNCLE K,VERAO 2026,BOLSAS,BOLSA NYLON,IMPORTADO,KING RUBBER,BOLSAS NYLON IMPORTADO,BOLSA TRANSPASSE,61233V26,1/6/2026,1
226 - UK - RECIFE - 226,2 01 04 008799,BOLSA KING RUBBER 61233 V26,1,105,369,105,369,369,369,TOVA EQUIPAMENTOS E ACESSORIOS LTDA,,UNCLE K,VERAO 2026,BOLSAS,BOLSA NYLON,IMPORTADO,KING RUBBER,BOLSAS NYLON IMPORTADO,BOLSA TRANSPASSE,61233V26,3/9/2026,1
242 - UK - RECIFE 4 - 242,2 01 04 008799,BOLSA KING RUBBER 61233 V26,1,105,369,105,369,369,369,TOVA EQUIPAMENTOS E ACESSORIOS LTDA,,UNCLE K,VERAO 2026,BOLSAS,BOLSA NYLON,IMPORTADO,KING RUBBER,BOLSAS NYLON IMPORTADO,BOLSA TRANSPASSE,61233V26,3/10/2026,1
238 - UK - RECIFE 2 - 238,2 01 04 008798,BOLSA KING RUBBER 61040 V26,2,250,878,125,439,439,439,TOVA EQUIPAMENTOS E ACESSORIOS LTDA,,UNCLE K,VERAO 2026,BOLSAS,BOLSA NYLON,IMPORTADO,KING RUBBER,BOLSAS NYLON IMPORTADO,BOLSA MULTIUSO,61040KRV26,3/2/2026,1
238 - UK - RECIFE 2 - 238,2 01 04 008797,BOLSA KING RUBBER 61144 V26,5,800,2495,160,499,499,499,TOVA EQUIPAMENTOS E ACESSORIOS LTDA,,UNCLE K,VERAO 2026,BOLSAS,BOLSA NYLON,IMPORTADO,KING RUBBER,BOLSAS NYLON IMPORTADO,BOLSA MULTIUSO,61144KRV26,1/6/2026,1
242 - UK - RECIFE 4 - 242,2 04 01 008687,POCHETE KING RUBBER 70505 V26,1,80,279,80,279,279,279,TOVA EQUIPAMENTOS E ACESSORIOS LTDA,,UNCLE K,VERAO 2026,ACESSORIOS,ACESSORIOS,IMPORTADO,KING RUBBER,ACESSORIOS,POCHETE,70505V26,1/29/2026,1
238 - UK - RECIFE 2 - 238,2 03 11 008813,MOCHILA NY BNT 61151 V26,5,675,2695,135,539,539,539,TOVA EQUIPAMENTOS E ACESSORIOS LTDA,,UNCLE K,VERAO 2026,MOCHILAS,MOCHILA NYLON,IMPORTADO,NYLON BNT,MOCHILAS/MALAS,MOCHILA,61151V26,12/16/2025,1
240 - UK - RECIFE 3 - 240,2 01 04 008796,BOLSA NY SOFT 61240 V26,1,145,499,145,499,499,499,TOVA EQUIPAMENTOS E ACESSORIOS LTDA,,UNCLE K,VERAO 2026,BOLSAS,BOLSA NYLON,IMPORTADO,NYLON SOFT,BOLSAS NYLON IMPORTADO,BOLSA MULTIUSO,61240V26,12/10/2025,1
240 - UK - RECIFE 3 - 240,2 01 04 008796,BOLSA NY SOFT 61240 V26,1,145,499,145,499,499,499,TOVA EQUIPAMENTOS E ACESSORIOS LTDA,,UNCLE K,VERAO 2026,BOLSAS,BOLSA NYLON,IMPORTADO,NYLON SOFT,BOLSAS NYLON IMPORTADO,BOLSA MULTIUSO,61240V26,3/7/2026,1
238 - UK - RECIFE 2 - 238,2 04 01 008902,GUARDA CHUVA NYLON BORDA P  I26,13,"869,7",2327,"66,9",179,179,179,A.G. COMERCIO DE PRESENTES LTDA,LONDON GUARDA CHUVAS,UNCLE K,INVERNO 2026,ACESSORIOS,ACESSORIOS,NACIONAL,NYLON,ACESSORIOS,GUARDA-CHUVA,BORDAI26,2/26/2026,1
226 - UK - RECIFE - 226,2 04 01 008902,GUARDA CHUVA NYLON BORDA P  I26,24,"1605,6",4296,"66,9",179,179,179,A.G. COMERCIO DE PRESENTES LTDA,LONDON GUARDA CHUVAS,UNCLE K,INVERNO 2026,ACESSORIOS,ACESSORIOS,NACIONAL,NYLON,ACESSORIOS,GUARDA-CHUVA,BORDAI26,2/26/2026,1
226 - UK - RECIFE - 226,2 04 01 008902,GUARDA CHUVA NYLON BORDA P  I26,2,"133,8",358,"66,9",179,179,179,A.G. COMERCIO DE PRESENTES LTDA,LONDON GUARDA CHUVAS,UNCLE K,INVERNO 2026,ACESSORIOS,ACESSORIOS,NACIONAL,NYLON,ACESSORIOS,GUARDA-CHUVA,BORDAI26,3/6/2026,1
240 - UK - RECIFE 3 - 240,2 03 11 008811,MOCHILA NY BNT BUK V26,2,280,1098,140,549,549,549,LOPE DIGITAL COMMERCE,LOPE DIGITAL COMMERCE,UNCLE K,VERAO 2026,MOCHILAS,MOCHILA NYLON,IMPORTADO,NYLON BNT,MOCHILAS BASICAS,MOCHILA,BUKBNTV26,12/10/2025,1
226 - UK - RECIFE - 226,2 03 11 008810,MOCHILA NY BNT MINI BUK V26,3,390,1497,130,499,499,499,LOPE DIGITAL COMMERCE,LOPE DIGITAL COMMERCE,UNCLE K,VERAO 2026,MOCHILAS,MOCHILA NYLON,IMPORTADO,NYLON BNT,MOCHILAS BASICAS,MOCHILA,MINIBUKBNTV26,3/14/2026,1
240 - UK - RECIFE 3 - 240,2 03 11 008810,MOCHILA NY BNT MINI BUK V26,3,390,1497,130,499,499,499,LOPE DIGITAL COMMERCE,LOPE DIGITAL COMMERCE,UNCLE K,VERAO 2026,MOCHILAS,MOCHILA NYLON,IMPORTADO,NYLON BNT,MOCHILAS BASICAS,MOCHILA,MINIBUKBNTV26,12/10/2025,1
238 - UK - RECIFE 2 - 238,2 04 01 007166,GUARDA CHUVA MINI FUN P,1,"40,9",169,"40,9",159,169,139,CONTORNOS DIFUSAO DE MODA LTDA - EPP,CONTORNOS,UNCLE K,VERAO 2022,ACESSORIOS,ACESSORIOS,NACIONAL,,ACESSORIOS,GUARDA-CHUVA,MINI FUN,2/29/2024,1
226 - UK - RECIFE - 226,2 02 17 007307,TENIS NOBUCK NEW RAYMANN,2,238,398,119,380,199,380,ART - MILLE ARTEFATOS DE COURO,ART-MILLE,UNCLE K,INVERNO 2022,CALCADOS,SAPATO,NACIONAL,NOBUCK,MASCULINO,OXFORD,NEWRAYMANNI22,3/6/2026,1
240 - UK - RECIFE 3 - 240,2 04 02 008662,COLAR METAL CV26I,1,38,119,38,119,119,119,VIRAGINI BIJOUTERIA LTDA,VIRAGINI,UNCLE K,VERAO 2026,ACESSORIOS,BIJUTERIA,NACIONAL,METAL,BIJUTERIA,COLAR,CV26IV26,12/26/2025,1
242 - UK - RECIFE 4 - 242,2 04 02 008662,COLAR METAL CV26I,1,38,119,38,119,119,119,VIRAGINI BIJOUTERIA LTDA,VIRAGINI,UNCLE K,VERAO 2026,ACESSORIOS,BIJUTERIA,NACIONAL,METAL,BIJUTERIA,COLAR,CV26IV26,11/17/2025,1
238 - UK - RECIFE 2 - 238,2 04 02 008661,COLAR METAL CV26H,1,35,109,35,109,109,109,VIRAGINI BIJOUTERIA LTDA,VIRAGINI,UNCLE K,VERAO 2026,ACESSORIOS,BIJUTERIA,NACIONAL,METAL,BIJUTERIA,COLAR,CV26HV26,10/3/2025,1
238 - UK - RECIFE 2 - 238,2 01 03 008410,BOLSA COURO 61257 V25,1,195,494,195,659,494,659,BMCG INDUSTRIA E COMERCIO DE COURO LTDA EPP,BMCG,UNCLE K,VERAO 2025,BOLSAS,BOLSA COURO,NACIONAL,COURO,BOLSAS COURO,BOLSA OMBRO,61257V25,11/21/2024,1
238 - UK - RECIFE 2 - 238,2 01 05 008994,BOLSA NY SATIN 61457 V26,6,"476,1",1314,"79,35",219,219,219,BMCG INDUSTRIA E COMERCIO DE COURO LTDA EPP,BMCG,UNCLE K,UPCYCLING,BOLSAS,BOLSA OUTROS,NACIONAL,SATIN,BOLSAS ESPECIAIS,BOLSA OMBRO,61457V26,3/13/2026,1
238 - UK - RECIFE 2 - 238,2 01 04 008992,BOLSA NYLON 61455 V26,4,300,876,75,219,219,219,BMCG INDUSTRIA E COMERCIO DE COURO LTDA EPP,BMCG,UNCLE K,UPCYCLING,BOLSAS,BOLSA NYLON,NACIONAL,NYLON,BOLSAS NYLON BASICO,BOLSA TRANSPASSE,61455V26,3/13/2026,1
238 - UK - RECIFE 2 - 238,2 01 04 008991,BOLSA NYLON 61454 V26,4,260,796,65,199,199,199,BMCG INDUSTRIA E COMERCIO DE COURO LTDA EPP,BMCG,UNCLE K,UPCYCLING,BOLSAS,BOLSA NYLON,NACIONAL,NYLON,BOLSAS NYLON BASICO,BOLSA TRANSPASSE,61454V26,3/13/2026,1
226 - UK - RECIFE - 226,2 01 04 008991,BOLSA NYLON 61454 V26,2,130,398,65,199,199,199,BMCG INDUSTRIA E COMERCIO DE COURO LTDA EPP,BMCG,UNCLE K,UPCYCLING,BOLSAS,BOLSA NYLON,NACIONAL,NYLON,BOLSAS NYLON BASICO,BOLSA TRANSPASSE,61454V26,3/19/2026,1
240 - UK - RECIFE 3 - 240,2 01 04 008990,BOLSA NYLON 61453 V26,1,70,199,70,199,199,199,BMCG INDUSTRIA E COMERCIO DE COURO LTDA EPP,BMCG,UNCLE K,UPCYCLING,BOLSAS,BOLSA NYLON,NACIONAL,NYLON,BOLSAS NYLON BASICO,BOLSA MULTIUSO,61453V26,3/19/2026,1
238 - UK - RECIFE 2 - 238,2 01 04 008989,BOLSA NYLON 61452 V26,1,90,249,90,249,249,249,BMCG INDUSTRIA E COMERCIO DE COURO LTDA EPP,BMCG,UNCLE K,UPCYCLING,BOLSAS,BOLSA NYLON,NACIONAL,NYLON,BOLSAS NYLON BASICO,BOLSA MULTIUSO,61452V26,3/12/2026,1
242 - UK - RECIFE 4 - 242,2 01 04 008989,BOLSA NYLON 61452 V26,1,90,249,90,249,249,249,BMCG INDUSTRIA E COMERCIO DE COURO LTDA EPP,BMCG,UNCLE K,UPCYCLING,BOLSAS,BOLSA NYLON,NACIONAL,NYLON,BOLSAS NYLON BASICO,BOLSA MULTIUSO,61452V26,3/13/2026,1
238 - UK - RECIFE 2 - 238,2 01 03 008988,BOLSA COURO 61459 V26,3,"262,86",807,"87,62",269,269,269,BMCG INDUSTRIA E COMERCIO DE COURO LTDA EPP,BMCG,UNCLE K,UPCYCLING,BOLSAS,BOLSA COURO,NACIONAL,COURO,BOLSAS COURO,BOLSA TRANSPASSE,61459V26,3/18/2026,1
242 - UK - RECIFE 4 - 242,2 01 03 008988,BOLSA COURO 61459 V26,3,"262,86",807,"87,62",269,269,269,BMCG INDUSTRIA E COMERCIO DE COURO LTDA EPP,BMCG,UNCLE K,UPCYCLING,BOLSAS,BOLSA COURO,NACIONAL,COURO,BOLSAS COURO,BOLSA TRANSPASSE,61459V26,2/13/2026,1
242 - UK - RECIFE 4 - 242,2 01 03 008987,BOLSA COURO 61458 V26,11,"964,15",2959,"87,65",269,269,269,BMCG INDUSTRIA E COMERCIO DE COURO LTDA EPP,BMCG,UNCLE K,UPCYCLING,BOLSAS,BOLSA COURO,NACIONAL,COURO,BOLSAS COURO,BOLSA OMBRO,61458V26,2/13/2026,1
240 - UK - RECIFE 3 - 240,2 01 03 008987,BOLSA COURO 61458 V26,2,"175,3",538,"87,65",269,269,269,BMCG INDUSTRIA E COMERCIO DE COURO LTDA EPP,BMCG,UNCLE K,UPCYCLING,BOLSAS,BOLSA COURO,NACIONAL,COURO,BOLSAS COURO,BOLSA OMBRO,61458V26,3/14/2026,1
238 - UK - RECIFE 2 - 238,2 01 03 008987,BOLSA COURO 61458 V26,1,"87,65",269,"87,65",269,269,269,BMCG INDUSTRIA E COMERCIO DE COURO LTDA EPP,BMCG,UNCLE K,UPCYCLING,BOLSAS,BOLSA COURO,NACIONAL,COURO,BOLSAS COURO,BOLSA OMBRO,61458V26,3/13/2026,1
240 - UK - RECIFE 3 - 240,2 01 03 008987,BOLSA COURO 61458 V26,1,"87,65",269,"87,65",269,269,269,BMCG INDUSTRIA E COMERCIO DE COURO LTDA EPP,BMCG,UNCLE K,UPCYCLING,BOLSAS,BOLSA COURO,NACIONAL,COURO,BOLSAS COURO,BOLSA OMBRO,61458V26,3/20/2026,1
226 - UK - RECIFE - 226,2 01 04 008817,BOLSA NYLON 61417 B25,1,100,299,100,299,299,299,BMCG INDUSTRIA E COMERCIO DE COURO LTDA EPP,BMCG,UNCLE K,VERAO 2026,BOLSAS,BOLSA NYLON,IMPORTADO,NYLON,BOLSAS NYLON BASICO,BOLSA TRANSPASSE,61417B25,3/12/2026,1
226 - UK - RECIFE - 226,2 01 04 008666,BOLSA NYLON 61283 V26,1,"163,81",479,"163,81",479,479,479,BMCG INDUSTRIA E COMERCIO DE COURO LTDA EPP,BMCG,UNCLE K,VERAO 2026,BOLSAS,BOLSA NYLON,NACIONAL,NYLON,BOLSAS NYLON BASICO,BOLSA MULTIUSO,61283V26,12/22/2025,1
226 - UK - RECIFE - 226,2 01 04 008663,BOLSA NYLON 61282 V26,2,"290,12",918,"145,06",459,459,459,BMCG INDUSTRIA E COMERCIO DE COURO LTDA EPP,BMCG,UNCLE K,VERAO 2026,BOLSAS,BOLSA NYLON,NACIONAL,NYLON,BOLSAS NYLON BASICO,BOLSA MULTIUSO,61282V26,12/19/2025,1
242 - UK - RECIFE 4 - 242,2 01 04 008663,BOLSA NYLON 61282 V26,1,"145,06",459,"145,06",459,459,459,BMCG INDUSTRIA E COMERCIO DE COURO LTDA EPP,BMCG,UNCLE K,VERAO 2026,BOLSAS,BOLSA NYLON,NACIONAL,NYLON,BOLSAS NYLON BASICO,BOLSA MULTIUSO,61282V26,2/25/2026,1
240 - UK - RECIFE 3 - 240,2 01 04 008503,BOLSA NYLON 61282 I25,1,"145,06",459,"145,06",459,459,459,BMCG INDUSTRIA E COMERCIO DE COURO LTDA EPP,BMCG,UNCLE K,INVERNO 2025,BOLSAS,BOLSA NYLON,NACIONAL,NYLON,BOLSAS NYLON BASICO,BOLSA MULTIUSO,61282I25,7/12/2025,1
240 - UK - RECIFE 3 - 240,2 04 01 008906,POCHETE NY SATIN 70359 I26,19,1406,4161,74,219,219,219,BMCG INDUSTRIA E COMERCIO DE COURO LTDA EPP,BMCG,UNCLE K,INVERNO 2026,ACESSORIOS,ACESSORIOS,NACIONAL,SATIN,ACESSORIOS,POCHETE,70359I26,3/13/2026,1
238 - UK - RECIFE 2 - 238,2 04 01 008905,DOLEIRA NY SATIN 70578 I26,2,74,238,37,119,119,119,BMCG INDUSTRIA E COMERCIO DE COURO LTDA EPP,BMCG,UNCLE K,INVERNO 2026,ACESSORIOS,ACESSORIOS,NACIONAL,SATIN,ACESSORIOS,DOLEIRA,70578I26,3/18/2026,1
240 - UK - RECIFE 3 - 240,2 04 01 008904,BOLSINHA DE MAO NY SATIN 70416 I26,1,43,139,43,139,139,139,BMCG INDUSTRIA E COMERCIO DE COURO LTDA EPP,BMCG,UNCLE K,INVERNO 2026,ACESSORIOS,ACESSORIOS,NACIONAL,SATIN,ACESSORIOS,BOLSA DE MAO,70416I26,3/14/2026,1
242 - UK - RECIFE 4 - 242,2 04 01 008904,BOLSINHA DE MAO NY SATIN 70416 I26,4,172,556,43,139,139,139,BMCG INDUSTRIA E COMERCIO DE COURO LTDA EPP,BMCG,UNCLE K,INVERNO 2026,ACESSORIOS,ACESSORIOS,NACIONAL,SATIN,ACESSORIOS,BOLSA DE MAO,70416I26,3/16/2026,1
242 - UK - RECIFE 4 - 242,2 01 03 008667,BOLSA COURO 61379 V26,1,"176,14",569,"176,14",569,569,569,BMCG INDUSTRIA E COMERCIO DE COURO LTDA EPP,BMCG,UNCLE K,VERAO 2026,BOLSAS,BOLSA COURO,NACIONAL,COURO,BOLSAS COURO,BOLSA MULTIUSO,61379V26,10/24/2025,1
226 - UK - RECIFE - 226,2 03 10 008710,MOCHILA COURO 61064 V26,3,"800,31",2397,"266,77",799,799,799,BMCG INDUSTRIA E COMERCIO DE COURO LTDA EPP,BMCG,UNCLE K,VERAO 2026,MOCHILAS,MOCHILA COURO,NACIONAL,COURO,MOCHILAS BASICAS,MOCHILA,61064V26,10/10/2025,1
242 - UK - RECIFE 4 - 242,2 03 10 008710,MOCHILA COURO 61064 V26,2,"533,54",1598,"266,77",799,799,799,BMCG INDUSTRIA E COMERCIO DE COURO LTDA EPP,BMCG,UNCLE K,VERAO 2026,MOCHILAS,MOCHILA COURO,NACIONAL,COURO,MOCHILAS BASICAS,MOCHILA,61064V26,10/3/2025,1
240 - UK - RECIFE 3 - 240,2 03 10 008710,MOCHILA COURO 61064 V26,1,"266,77",799,"266,77",799,799,799,BMCG INDUSTRIA E COMERCIO DE COURO LTDA EPP,BMCG,UNCLE K,VERAO 2026,MOCHILAS,MOCHILA COURO,NACIONAL,COURO,MOCHILAS BASICAS,MOCHILA,61064V26,1/13/2026,1
240 - UK - RECIFE 3 - 240,2 01 03 008721,BOLSA COURO 61398 V26,1,167,559,167,559,559,559,BMCG INDUSTRIA E COMERCIO DE COURO LTDA EPP,BMCG,UNCLE K,VERAO 2026,BOLSAS,BOLSA COURO,NACIONAL,COURO,BOLSAS COURO,BOLSA MULTIUSO,61398V26,3/5/2026,1
242 - UK - RECIFE 4 - 242,2 01 03 008670,BOLSA COURO 61400 V26,1,"165,44",499,"165,44",499,499,499,BMCG INDUSTRIA E COMERCIO DE COURO LTDA EPP,BMCG,UNCLE K,VERAO 2026,BOLSAS,BOLSA COURO,NACIONAL,COURO,BOLSAS COURO,BOLSA TRANSPASSE,61400V26,1/7/2026,1
242 - UK - RECIFE 4 - 242,2 01 03 008670,BOLSA COURO 61400 V26,1,"165,44",499,"165,44",499,499,499,BMCG INDUSTRIA E COMERCIO DE COURO LTDA EPP,BMCG,UNCLE K,VERAO 2026,BOLSAS,BOLSA COURO,NACIONAL,COURO,BOLSAS COURO,BOLSA TRANSPASSE,61400V26,3/17/2026,1
226 - UK - RECIFE - 226,2 03 10 008381,MOCHILA COURO 61064 V25,2,"496,1",1598,"248,05",799,799,799,BMCG INDUSTRIA E COMERCIO DE COURO LTDA EPP,BMCG,UNCLE K,VERAO 2025,MOCHILAS,MOCHILA COURO,NACIONAL,COURO,MOCHILAS BASICAS,MOCHILA,61064V25,10/24/2024,1
242 - UK - RECIFE 4 - 242,2 02 18 008762,TENIS COURO RELAX V26,1,134,419,134,419,419,419,BNM INDUSTRIA DE CALCADOS LTDA - ME,BNM,UNCLE K,VERAO 2026,CALCADOS,TENIS,NACIONAL,COURO,CALCADOS,TENIS,RELAXV26,3/14/2026,1
226 - UK - RECIFE - 226,2 02 18 008624,TENIS COURO RELAX I25,1,131,419,131,419,419,419,BNM INDUSTRIA DE CALCADOS LTDA - ME,BNM,UNCLE K,INVERNO 2025,CALCADOS,TENIS,NACIONAL,COURO,CALCADOS,TENIS,RELAXI25,6/6/2025,1
242 - UK - RECIFE 4 - 242,2 02 15 008761,SANDALIA COURO BINGO V26,1,115,379,115,379,379,379,BNM INDUSTRIA DE CALCADOS LTDA - ME,BNM,UNCLE K,VERAO 2026,CALCADOS,SANDALIA,NACIONAL,COURO,CALCADOS,SANDALIA SALTO,BINGOV26,12/30/2025,1
240 - UK - RECIFE 3 - 240,2 02 15 008761,SANDALIA COURO BINGO V26,2,230,758,115,379,379,379,BNM INDUSTRIA DE CALCADOS LTDA - ME,BNM,UNCLE K,VERAO 2026,CALCADOS,SANDALIA,NACIONAL,COURO,CALCADOS,SANDALIA SALTO,BINGOV26,11/28/2025,1
238 - UK - RECIFE 2 - 238,2 02 15 008761,SANDALIA COURO BINGO V26,1,115,379,115,379,379,379,BNM INDUSTRIA DE CALCADOS LTDA - ME,BNM,UNCLE K,VERAO 2026,CALCADOS,SANDALIA,NACIONAL,COURO,CALCADOS,SANDALIA SALTO,BINGOV26,2/11/2026,1
242 - UK - RECIFE 4 - 242,2 02 15 008877,SANDALIA COURO RIFT I26,21,2436,7959,116,379,379,379,BNM INDUSTRIA DE CALCADOS LTDA - ME,BNM,UNCLE K,INVERNO 2026,CALCADOS,SANDALIA,NACIONAL,COURO,CALCADOS,SANDALIA SALTO,RIFTI26,2/25/2026,1
238 - UK - RECIFE 2 - 238,2 02 15 008877,SANDALIA COURO RIFT I26,1,116,379,116,379,379,379,BNM INDUSTRIA DE CALCADOS LTDA - ME,BNM,UNCLE K,INVERNO 2026,CALCADOS,SANDALIA,NACIONAL,COURO,CALCADOS,SANDALIA SALTO,RIFTI26,3/10/2026,1
242 - UK - RECIFE 4 - 242,2 02 15 008743,SANDALIA COURO NIMES V26,1,115,379,115,379,379,379,BNM INDUSTRIA DE CALCADOS LTDA - ME,BNM,UNCLE K,VERAO 2026,CALCADOS,SANDALIA,NACIONAL,COURO,CALCADOS,SANDALIA SALTO,NIMESV26,10/24/2025,1
240 - UK - RECIFE 3 - 240,2 02 15 008742,SANDALIA COURO BILLY V26,1,110,279,110,359,279,359,BNM INDUSTRIA DE CALCADOS LTDA - ME,BNM,UNCLE K,VERAO 2026,CALCADOS,SANDALIA,NACIONAL,COURO,CALCADOS,SANDALIA SALTO,BILLYV26,3/5/2026,1
242 - UK - RECIFE 4 - 242,2 02 15 008742,SANDALIA COURO BILLY V26,1,110,279,110,359,279,359,BNM INDUSTRIA DE CALCADOS LTDA - ME,BNM,UNCLE K,VERAO 2026,CALCADOS,SANDALIA,NACIONAL,COURO,CALCADOS,SANDALIA SALTO,BILLYV26,3/10/2026,1
238 - UK - RECIFE 2 - 238,2 02 06 008876,BOTA COURO CLOUD I26,2,276,958,138,479,479,479,BNM INDUSTRIA DE CALCADOS LTDA - ME,BNM,UNCLE K,INVERNO 2026,CALCADOS,BOTA,NACIONAL,COURO,CALCADOS,BOTA,CLOUDI26,3/12/2026,1
240 - UK - RECIFE 3 - 240,2 02 06 008876,BOTA COURO CLOUD I26,9,1242,4311,138,479,479,479,BNM INDUSTRIA DE CALCADOS LTDA - ME,BNM,UNCLE K,INVERNO 2026,CALCADOS,BOTA,NACIONAL,COURO,CALCADOS,BOTA,CLOUDI26,2/24/2026,1
242 - UK - RECIFE 4 - 242,2 02 17 007996,SAPATO SALTO COURO NIKKO V24,1,"115,9",229,"115,9",359,229,359,BNM INDUSTRIA DE CALCADOS LTDA - ME,BNM,UNCLE K,VERAO 2024,CALCADOS,SAPATO,NACIONAL,COURO,CALCADOS,SAPATO SALTO,NIKKOV24,6/12/2024,1
242 - UK - RECIFE 4 - 242,2 02 18 007299,TENIS COURO RELAX I22,1,"99,9",199,"99,9",389,199,319,BNM INDUSTRIA DE CALCADOS LTDA - ME,BNM,UNCLE K,INVERNO 2022,CALCADOS,TENIS,NACIONAL,COURO,CALCADOS,TENIS,RELAXI22,12/7/2023,1
242 - UK - RECIFE 4 - 242,2 02 15 007578,SANDALIA SALTO COURO CRISS CROSS V23,1,"96,8",239,"96,8",329,239,329,BNM INDUSTRIA DE CALCADOS LTDA - ME,BNM,UNCLE K,VERAO 2023,CALCADOS,SANDALIA,NACIONAL,COURO,CALCADOS,SANDALIA COMFORT,CRISSCROSSSALTOV23,8/30/2023,1
242 - UK - RECIFE 4 - 242,02 000006,MATERIAL CONSUMO SACO EM TNT PRETO,80,,288,,"3,6","3,6",,DEM BAS EMBALAGENS LTDA - EPP,DEMBAS,,,,,,,,,,3/11/2026,1
242 - UK - RECIFE 4 - 242,2 02 15 007122,SANDALIA SINTETICO SULA V22,2,143,118,"71,5",229,59,229,CAMILA FERRAZ IND. E COM. DE CALCADOS LTDA - EPP,CAMILA FERRAZ - CALCADOS BERVAL,UNCLE K,ANTIGA,CALCADOS,SANDALIA,NACIONAL,SINTETICO,CALCADOS,SANDALIA PLATAFORMA ,SULA V22,10/25/2023,1
226 - UK - RECIFE - 226,02 000002,MATERIAL CONSUMO SACOLA UNCLE K OFF SET,12,,,,,0,,GREENPACK ACABAMENTOS GRAFICOS LTDA. - ME,BLUE PACK,,,,,,,,,,9/24/2019,1
238 - UK - RECIFE 2 - 238,2 02 15 008010,SANDALIA NAPA VEGGIE DECK V24,1,125,159,125,379,159,379,BELLE MODAS IND. E  COM. CALCADOS LTDA,ANA AGUIAR,UNCLE K,VERAO 2024,CALCADOS,SANDALIA,NACIONAL,NAPA VEGGIE,CALCADOS,PAPETE,DECKV24,7/31/2025,1
226 - UK - RECIFE - 226,2 04 13 008984,ORGANIZADOR NY SATIN 70559 I26,15,921,2835,"61,4",189,189,189,"CAJU BOLSAS, SAPATOS E ACESSORIOS LTDA.",OPERA - TARSILA,UNCLE K,INVERNO 2026,ACESSORIOS,NECESSAIRES,NACIONAL,SATIN,NECESSAIRES,NECESSAIRE,70559I26,3/16/2026,1
238 - UK - RECIFE 2 - 238,2 01 05 008724,BOLSA PU 61395 V26,1,68,249,68,249,249,249,"CAJU BOLSAS, SAPATOS E ACESSORIOS LTDA.",OPERA - TARSILA,UNCLE K,VERAO 2026,BOLSAS,BOLSA OUTROS,NACIONAL,PU,BOLSAS PU,BOLSA TRANSPASSE,61395V26,11/6/2025,1
238 - UK - RECIFE 2 - 238,2 01 05 008706,BOLSA NY SATIN 61393 V26,1,103,329,103,329,329,329,"CAJU BOLSAS, SAPATOS E ACESSORIOS LTDA.",OPERA - TARSILA,UNCLE K,VERAO 2026,BOLSAS,BOLSA OUTROS,NACIONAL,SATIN,BOLSAS ESPECIAIS,BOLSA TRANSPASSE,61393V26,3/2/2026,1
240 - UK - RECIFE 3 - 240,2 01 05 008698,BOLSA NY SATIN 61371 V26,2,258,738,129,369,369,369,"CAJU BOLSAS, SAPATOS E ACESSORIOS LTDA.",OPERA - TARSILA,UNCLE K,VERAO 2026,BOLSAS,BOLSA OUTROS,NACIONAL,SATIN,BOLSAS ESPECIAIS,BOLSA TRANSPASSE,61371V26,2/20/2026,1
238 - UK - RECIFE 2 - 238,2 04 01 008470,BOLSINHA DE MAO NY SATIN 70579 I25,1,45,139,45,139,139,139,"CAJU BOLSAS, SAPATOS E ACESSORIOS LTDA.",OPERA - TARSILA,UNCLE K,INVERNO 2025,ACESSORIOS,ACESSORIOS,NACIONAL,SATIN,ACESSORIOS,BOLSA DE MAO,70579I25,2/23/2026,1
240 - UK - RECIFE 3 - 240,2 01 05 008964,BOLSA PU NOBUCK 61329 I26,1,80,279,80,279,279,279,"CAJU BOLSAS, SAPATOS E ACESSORIOS LTDA.",OPERA - TARSILA,UNCLE K,INVERNO 2026,BOLSAS,BOLSA OUTROS,NACIONAL,PU NOBUCK,BOLSAS PU,BOLSA MULTIUSO,61329I26,2/24/2026,1
226 - UK - RECIFE - 226,2 01 05 008963,BOLSA PU NOBUCK 61263 I26,2,"187,5",598,"93,75",299,299,299,"CAJU BOLSAS, SAPATOS E ACESSORIOS LTDA.",OPERA - TARSILA,UNCLE K,INVERNO 2026,BOLSAS,BOLSA OUTROS,NACIONAL,PU NOBUCK,BOLSAS PU,BOLSA OMBRO,61263I26,2/25/2026,1
226 - UK - RECIFE - 226,2 01 05 008954,BOLSA NY SATIN 61441 I26,7,"677,6",2233,"96,8",319,319,319,"CAJU BOLSAS, SAPATOS E ACESSORIOS LTDA.",OPERA - TARSILA,UNCLE K,INVERNO 2026,BOLSAS,BOLSA OUTROS,NACIONAL,SATIN,BOLSAS ESPECIAIS,BOLSA MULTIUSO,61441I26,3/16/2026,1
240 - UK - RECIFE 3 - 240,2 01 05 008954,BOLSA NY SATIN 61441 I26,5,484,1595,"96,8",319,319,319,"CAJU BOLSAS, SAPATOS E ACESSORIOS LTDA.",OPERA - TARSILA,UNCLE K,INVERNO 2026,BOLSAS,BOLSA OUTROS,NACIONAL,SATIN,BOLSAS ESPECIAIS,BOLSA MULTIUSO,61441I26,3/16/2026,1
238 - UK - RECIFE 2 - 238,2 01 05 008952,BOLSA NY SATIN 61286 I26,4,"389,4",1276,"97,35",319,319,319,"CAJU BOLSAS, SAPATOS E ACESSORIOS LTDA.",OPERA - TARSILA,UNCLE K,INVERNO 2026,BOLSAS,BOLSA OUTROS,NACIONAL,SATIN,BOLSAS ESPECIAIS,BOLSA MULTIUSO,61286I26,3/18/2026,1
240 - UK - RECIFE 3 - 240,2 01 03 008938,BOLSA COURO 61107 I26,8,1500,4792,"187,5",599,599,599,"CAJU BOLSAS, SAPATOS E ACESSORIOS LTDA.",OPERA - TARSILA,UNCLE K,INVERNO 2026,BOLSAS,BOLSA COURO,NACIONAL,COURO,BOLSAS COURO,BOLSA MULTIUSO,61107I26,3/16/2026,1
226 - UK - RECIFE - 226,2 01 03 008937,BOLSA COURO 61000 I26,4,"821,2",2596,"205,3",649,649,649,"CAJU BOLSAS, SAPATOS E ACESSORIOS LTDA.",OPERA - TARSILA,UNCLE K,INVERNO 2026,BOLSAS,BOLSA COURO,NACIONAL,COURO,BOLSAS COURO,BOLSA OMBRO,61000I26,3/16/2026,1
240 - UK - RECIFE 3 - 240,2 01 03 008650,BOLSA COURO 61386 V26,2,296,998,148,499,499,499,"CAJU BOLSAS, SAPATOS E ACESSORIOS LTDA.",OPERA - TARSILA,UNCLE K,VERAO 2026,BOLSAS,BOLSA COURO,NACIONAL,COURO,BOLSAS COURO,BOLSA OMBRO,61386V26,3/4/2026,1
238 - UK - RECIFE 2 - 238,2 01 03 008692,BOLSA COURO 61388 V26,1,141,499,141,499,499,499,"CAJU BOLSAS, SAPATOS E ACESSORIOS LTDA.",OPERA - TARSILA,UNCLE K,VERAO 2026,BOLSAS,BOLSA COURO,NACIONAL,COURO,BOLSAS COURO,BOLSA TRANSPASSE,61388V26,12/22/2025,1
238 - UK - RECIFE 2 - 238,2 01 03 008649,BOLSA COURO 61385 V26,1,139,499,139,499,499,499,"CAJU BOLSAS, SAPATOS E ACESSORIOS LTDA.",OPERA - TARSILA,UNCLE K,VERAO 2026,BOLSAS,BOLSA COURO,NACIONAL,COURO,BOLSAS COURO,BOLSA MULTIUSO,61385V26,2/20/2026,1
226 - UK - RECIFE - 226,2 01 05 008521,BOLSA NY SATIN 61284 I25,1,128,449,128,449,449,449,"CAJU BOLSAS, SAPATOS E ACESSORIOS LTDA.",OPERA - TARSILA,UNCLE K,INVERNO 2025,BOLSAS,BOLSA OUTROS,NACIONAL,SATIN,BOLSAS ESPECIAIS,BOLSA MULTIUSO,61284I25,4/23/2025,1
238 - UK - RECIFE 2 - 238,2 01 05 008521,BOLSA NY SATIN 61284 I25,3,384,1347,128,449,449,449,"CAJU BOLSAS, SAPATOS E ACESSORIOS LTDA.",OPERA - TARSILA,UNCLE K,INVERNO 2025,BOLSAS,BOLSA OUTROS,NACIONAL,SATIN,BOLSAS ESPECIAIS,BOLSA MULTIUSO,61284I25,5/10/2025,1
242 - UK - RECIFE 4 - 242,2 01 03 008509,BOLSA COURO 61107 I25,1,165,569,165,569,569,569,"CAJU BOLSAS, SAPATOS E ACESSORIOS LTDA.",OPERA - TARSILA,UNCLE K,INVERNO 2025,BOLSAS,BOLSA COURO,NACIONAL,COURO,BOLSAS COURO,BOLSA MULTIUSO,61107I25,2/25/2026,1
240 - UK - RECIFE 3 - 240,2 01 05 008826,BOLSA PU 61415 B25,1,65,199,65,199,199,199,"CAJU BOLSAS, SAPATOS E ACESSORIOS LTDA.",OPERA - TARSILA,UNCLE K,VERAO 2026,BOLSAS,BOLSA OUTROS,NACIONAL,PU,BOLSAS PU,BOLSA TRANSPASSE,61415B25,3/16/2026,1
242 - UK - RECIFE 4 - 242,2 04 01 008903,PORTA CELULAR NY SATIN 70564 I26,7,441,1393,63,199,199,199,"CAJU BOLSAS, SAPATOS E ACESSORIOS LTDA.",OPERA - TARSILA,UNCLE K,INVERNO 2026,ACESSORIOS,ACESSORIOS,NACIONAL,SATIN,ACESSORIOS,PORTA CELULAR,70564I26,3/16/2026,1
238 - UK - RECIFE 2 - 238,2 04 01 008903,PORTA CELULAR NY SATIN 70564 I26,7,441,1393,63,199,199,199,"CAJU BOLSAS, SAPATOS E ACESSORIOS LTDA.",OPERA - TARSILA,UNCLE K,INVERNO 2026,ACESSORIOS,ACESSORIOS,NACIONAL,SATIN,ACESSORIOS,PORTA CELULAR,70564I26,3/18/2026,1
240 - UK - RECIFE 3 - 240,2 04 01 008903,PORTA CELULAR NY SATIN 70564 I26,15,945,2985,63,199,199,199,"CAJU BOLSAS, SAPATOS E ACESSORIOS LTDA.",OPERA - TARSILA,UNCLE K,INVERNO 2026,ACESSORIOS,ACESSORIOS,NACIONAL,SATIN,ACESSORIOS,PORTA CELULAR,70564I26,3/16/2026,1
240 - UK - RECIFE 3 - 240,2 01 03 008265,BOLSA COURO 61107 V25,1,165,569,165,569,569,569,"CAJU BOLSAS, SAPATOS E ACESSORIOS LTDA.",OPERA - TARSILA,UNCLE K,VERAO 2025,BOLSAS,BOLSA COURO,NACIONAL,COURO,BOLSAS COURO,BOLSA MULTIUSO,61107V25,1/13/2025,1
226 - UK - RECIFE - 226,2 04 13 008729,NECESSAIRE CRISTAL/ESTAMPA 70600 V26,1,"36,5",129,"36,5",129,129,129,"CAJU BOLSAS, SAPATOS E ACESSORIOS LTDA.",OPERA - TARSILA,UNCLE K,VERAO 2026,ACESSORIOS,NECESSAIRES,NACIONAL,CRISTAL/NY ESTAMPADO,NECESSAIRES,NECESSAIRE,70600V26,3/12/2026,1
226 - UK - RECIFE - 226,2 04 13 008728,NECESSAIRE CRISTAL/ESTAMPA 70599 V26,1,67,199,67,199,199,199,"CAJU BOLSAS, SAPATOS E ACESSORIOS LTDA.",OPERA - TARSILA,UNCLE K,VERAO 2026,ACESSORIOS,NECESSAIRES,NACIONAL,CRISTAL/NY ESTAMPADO,NECESSAIRES,NECESSAIRE,70599V26,12/22/2025,1
240 - UK - RECIFE 3 - 240,2 04 13 008728,NECESSAIRE CRISTAL/ESTAMPA 70599 V26,1,67,199,67,199,199,199,"CAJU BOLSAS, SAPATOS E ACESSORIOS LTDA.",OPERA - TARSILA,UNCLE K,VERAO 2026,ACESSORIOS,NECESSAIRES,NACIONAL,CRISTAL/NY ESTAMPADO,NECESSAIRES,NECESSAIRE,70599V26,12/10/2025,1
226 - UK - RECIFE - 226,2 04 01 007448,POCHETE NYLON 70448 V23,1,60,209,60,209,209,209,"CAJU BOLSAS, SAPATOS E ACESSORIOS LTDA.",OPERA - TARSILA,UNCLE K,VERAO 2023,ACESSORIOS,ACESSORIOS,NACIONAL,NYLON,ACESSORIOS,POCHETE,70448V23,6/19/2023,1
226 - UK - RECIFE - 226,2 01 05 007202,BOLSA NYLON VICHY 60825 V22,1,72,169,72,229,169,229,"CAJU BOLSAS, SAPATOS E ACESSORIOS LTDA.",OPERA - TARSILA,UNCLE K,VERAO 2022,BOLSAS,BOLSA OUTROS,NACIONAL,NYLON VICHY,BOLSAS ESPECIAIS,BOLSA TRANSPASSE,60825 V22,6/17/2022,1
242 - UK - RECIFE 4 - 242,2 04 02 008499,COLAR RESINA/CAMURCA CI25J,1,"27,5",59,"27,5",89,59,89,SRR COUTINHO COMERCIO DE BIJUTERIAS EM GERAL ME,SANDRA BIJOUX,UNCLE K,INVERNO 2025,ACESSORIOS,BIJUTERIA,NACIONAL,RESINA/CAMURCA,BIJUTERIA,COLAR,CI25J,8/13/2025,1
238 - UK - RECIFE 2 - 238,2 04 02 008497,COLAR METAL CI25I,2,56,138,28,99,69,99,SRR COUTINHO COMERCIO DE BIJUTERIAS EM GERAL ME,SANDRA BIJOUX,UNCLE K,INVERNO 2025,ACESSORIOS,BIJUTERIA,NACIONAL,METAL,BIJUTERIA,COLAR,CI25I,6/27/2025,1
238 - UK - RECIFE 2 - 238,2 02 14 008757,RASTEIRA NOBUCK VEG OASIS V26,1,"59,9",199,"59,9",199,199,199,CALCADOS PERTHO LTDA-ME,NICOLLI ROSSETTI,UNCLE K,VERAO 2026,CALCADOS,SANDALIA  RASTEIRA,NACIONAL,NOBUCK VEGGIE,CALCADOS,RASTEIRA,OASISV26,2/26/2026,1
238 - UK - RECIFE 2 - 238,2 02 14 008757,RASTEIRA NOBUCK VEG OASIS V26,3,"179,7",597,"59,9",199,199,199,CALCADOS PERTHO LTDA-ME,NICOLLI ROSSETTI,UNCLE K,VERAO 2026,CALCADOS,SANDALIA  RASTEIRA,NACIONAL,NOBUCK VEGGIE,CALCADOS,RASTEIRA,OASISV26,10/14/2025,1
242 - UK - RECIFE 4 - 242,2 02 14 008757,RASTEIRA NOBUCK VEG OASIS V26,1,"59,9",199,"59,9",199,199,199,CALCADOS PERTHO LTDA-ME,NICOLLI ROSSETTI,UNCLE K,VERAO 2026,CALCADOS,SANDALIA  RASTEIRA,NACIONAL,NOBUCK VEGGIE,CALCADOS,RASTEIRA,OASISV26,3/12/2026,1
238 - UK - RECIFE 2 - 238,2 02 14 008757,RASTEIRA NOBUCK VEG OASIS V26,1,"59,9",199,"59,9",199,199,199,CALCADOS PERTHO LTDA-ME,NICOLLI ROSSETTI,UNCLE K,VERAO 2026,CALCADOS,SANDALIA  RASTEIRA,NACIONAL,NOBUCK VEGGIE,CALCADOS,RASTEIRA,OASISV26,1/29/2026,1
240 - UK - RECIFE 3 - 240,2 02 14 008750,RASTEIRA NOBUCK VEG JARDIN V26,1,46,129,46,159,129,159,CALCADOS PERTHO LTDA-ME,NICOLLI ROSSETTI,UNCLE K,VERAO 2026,CALCADOS,SANDALIA  RASTEIRA,NACIONAL,NOBUCK VEGGIE,CALCADOS,RASTEIRA,JARDINV26,2/28/2026,1
226 - UK - RECIFE - 226,2 02 14 008775,RASTEIRA VEGGIE SPRING V26,1,"41,9",139,"41,9",139,139,139,CALCADOS PERTHO LTDA-ME,NICOLLI ROSSETTI,UNCLE K,VERAO 2026,CALCADOS,SANDALIA  RASTEIRA,NACIONAL,VEGGIE,CALCADOS,RASTEIRA,SPRINGV26,3/6/2026,1
240 - UK - RECIFE 3 - 240,2 02 14 008775,RASTEIRA VEGGIE SPRING V26,1,"41,9",139,"41,9",139,139,139,CALCADOS PERTHO LTDA-ME,NICOLLI ROSSETTI,UNCLE K,VERAO 2026,CALCADOS,SANDALIA  RASTEIRA,NACIONAL,VEGGIE,CALCADOS,RASTEIRA,SPRINGV26,12/22/2025,1
240 - UK - RECIFE 3 - 240,2 02 15 008366,RASTEIRA NAPA VEG/ELAST SPIDER V25,1,"59,9",149,"59,9",199,149,199,CALCADOS PERTHO LTDA-ME,NICOLLI ROSSETTI,UNCLE K,VERAO 2025,CALCADOS,SANDALIA,NACIONAL,NAPA VEGGIE/ELASTICO,CALCADOS,RASTEIRA,SPIDERV25,2/2/2026,1
226 - UK - RECIFE - 226,2 02 15 008366,RASTEIRA NAPA VEG/ELAST SPIDER V25,1,"59,9",149,"59,9",199,149,199,CALCADOS PERTHO LTDA-ME,NICOLLI ROSSETTI,UNCLE K,VERAO 2025,CALCADOS,SANDALIA,NACIONAL,NAPA VEGGIE/ELASTICO,CALCADOS,RASTEIRA,SPIDERV25,9/19/2024,1
238 - UK - RECIFE 2 - 238,2 02 14 008774,RASTEIRA CAMURCA VEG CINQ V26,2,"79,8",278,"39,9",139,139,139,CALCADOS PERTHO LTDA-ME,NICOLLI ROSSETTI,UNCLE K,VERAO 2026,CALCADOS,SANDALIA  RASTEIRA,NACIONAL,CAMURCA VEGGIE,CALCADOS,RASTEIRA,CINQV26,1/22/2026,1
238 - UK - RECIFE 2 - 238,2 02 14 008774,RASTEIRA CAMURCA VEG CINQ V26,2,"79,8",278,"39,9",139,139,139,CALCADOS PERTHO LTDA-ME,NICOLLI ROSSETTI,UNCLE K,VERAO 2026,CALCADOS,SANDALIA  RASTEIRA,NACIONAL,CAMURCA VEGGIE,CALCADOS,RASTEIRA,CINQV26,3/13/2026,1
240 - UK - RECIFE 3 - 240,2 02 14 008770,RASTEIRA NOBUCK VEG VERT V26,1,55,189,55,189,189,189,CALCADOS PERTHO LTDA-ME,NICOLLI ROSSETTI,UNCLE K,VERAO 2026,CALCADOS,SANDALIA  RASTEIRA,NACIONAL,NOBUCK VEGGIE,CALCADOS,RASTEIRA,VERTV26,3/16/2026,1
226 - UK - RECIFE - 226,2 02 14 008770,RASTEIRA NOBUCK VEG VERT V26,1,55,189,55,189,189,189,CALCADOS PERTHO LTDA-ME,NICOLLI ROSSETTI,UNCLE K,VERAO 2026,CALCADOS,SANDALIA  RASTEIRA,NACIONAL,NOBUCK VEGGIE,CALCADOS,RASTEIRA,VERTV26,12/26/2025,1
238 - UK - RECIFE 2 - 238,2 02 15 008880,PAPETE CAMURCA VEG BOHO I26,23,1932,6417,84,279,279,279,CALCADOS PERTHO LTDA-ME,NICOLLI ROSSETTI,UNCLE K,INVERNO 2026,CALCADOS,SANDALIA,NACIONAL,CAMURCA VEGGIE,CALCADOS,PAPETE,BOHOI26,3/18/2026,1
238 - UK - RECIFE 2 - 238,2 02 15 008868,RASTEIRA NAPA VEG IKEBANA I26,4,184,636,46,159,159,159,CALCADOS PERTHO LTDA-ME,NICOLLI ROSSETTI,UNCLE K,INVERNO 2026,CALCADOS,SANDALIA,NACIONAL,NAPA VEGGIE,CALCADOS,RASTEIRA,IKEBANAI26,2/18/2026,1
242 - UK - RECIFE 4 - 242,2 02 15 008869,RASTEIRA NOBUCK VEG SPIDER I26,1,62,199,62,199,199,199,CALCADOS PERTHO LTDA-ME,NICOLLI ROSSETTI,UNCLE K,INVERNO 2026,CALCADOS,SANDALIA,NACIONAL,NOBUCK VEGGIE,CALCADOS,RASTEIRA,SPIDERI26,3/10/2026,1
242 - UK - RECIFE 4 - 242,2 02 15 008869,RASTEIRA NOBUCK VEG SPIDER I26,1,62,199,62,199,199,199,CALCADOS PERTHO LTDA-ME,NICOLLI ROSSETTI,UNCLE K,INVERNO 2026,CALCADOS,SANDALIA,NACIONAL,NOBUCK VEGGIE,CALCADOS,RASTEIRA,SPIDERI26,3/11/2026,1
240 - UK - RECIFE 3 - 240,2 02 15 008869,RASTEIRA NOBUCK VEG SPIDER I26,1,62,199,62,199,199,199,CALCADOS PERTHO LTDA-ME,NICOLLI ROSSETTI,UNCLE K,INVERNO 2026,CALCADOS,SANDALIA,NACIONAL,NOBUCK VEGGIE,CALCADOS,RASTEIRA,SPIDERI26,3/17/2026,1
238 - UK - RECIFE 2 - 238,2 02 15 008868,RASTEIRA NAPA VEG IKEBANA I26,1,46,159,46,159,159,159,CALCADOS PERTHO LTDA-ME,NICOLLI ROSSETTI,UNCLE K,INVERNO 2026,CALCADOS,SANDALIA,NACIONAL,NAPA VEGGIE,CALCADOS,RASTEIRA,IKEBANAI26,3/13/2026,1
240 - UK - RECIFE 3 - 240,2 02 15 008868,RASTEIRA NAPA VEG IKEBANA I26,1,46,159,46,159,159,159,CALCADOS PERTHO LTDA-ME,NICOLLI ROSSETTI,UNCLE K,INVERNO 2026,CALCADOS,SANDALIA,NACIONAL,NAPA VEGGIE,CALCADOS,RASTEIRA,IKEBANAI26,2/26/2026,1
226 - UK - RECIFE - 226,2 02 15 007994,FLAT ELASTICO NEW DANTE V24,1,54,99,54,179,99,179,CALCADOS PERTHO LTDA-ME,NICOLLI ROSSETTI,UNCLE K,VERAO 2024,CALCADOS,SANDALIA,NACIONAL,ELASTICO,CALCADOS,RASTEIRA,NEWDANTEV24,3/10/2026,1
240 - UK - RECIFE 3 - 240,2 04 07 008978,CARTEIRA COURO 70499 I26,2,109,338,"54,5",169,169,169,MARJU INDUSTRIA E COMERCIO DE COURO EIRELI,MARJU,UNCLE K,INVERNO 2026,ACESSORIOS,CARTEIRA COURO,NACIONAL,COURO,CARTEIRAS,CARTEIRA COURO,70499I26,3/17/2026,1
238 - UK - RECIFE 2 - 238,2 04 01 008473,BOLSINHA DE MAO NY 70416 I25,1,"39,98",99,"39,98",139,99,139,MARJU INDUSTRIA E COMERCIO DE COURO EIRELI,MARJU,UNCLE K,INVERNO 2025,ACESSORIOS,ACESSORIOS,NACIONAL,NYLON,ACESSORIOS,BOLSA DE MAO,70416I25,12/31/2025,1
240 - UK - RECIFE 3 - 240,2 04 01 008465,PORTA PASSAPORTE COURO 70350 I25,1,"52,5",119,"52,5",159,119,159,MARJU INDUSTRIA E COMERCIO DE COURO EIRELI,MARJU,UNCLE K,INVERNO 2025,ACESSORIOS,ACESSORIOS,NACIONAL,COURO,ACESSORIOS,PORTA PASSAPORTE,70350I25,2/25/2025,1
242 - UK - RECIFE 4 - 242,2 04 01 008681,PORTA DOC COURO 70351 V26,1,"44,21",139,"44,21",139,139,139,MARJU INDUSTRIA E COMERCIO DE COURO EIRELI,MARJU,UNCLE K,VERAO 2026,ACESSORIOS,ACESSORIOS,NACIONAL,COURO,ACESSORIOS,PORTA DOCUMENTO,70351FV26,12/23/2025,1
238 - UK - RECIFE 2 - 238,2 04 01 008681,PORTA DOC COURO 70351 V26,2,"88,42",278,"44,21",139,139,139,MARJU INDUSTRIA E COMERCIO DE COURO EIRELI,MARJU,UNCLE K,VERAO 2026,ACESSORIOS,ACESSORIOS,NACIONAL,COURO,ACESSORIOS,PORTA DOCUMENTO,70351FV26,12/22/2025,1
240 - UK - RECIFE 3 - 240,2 04 01 008656,ALCA CADARCO/COURO 70591 V26,2,"105,62",318,"52,81",159,159,159,MARJU INDUSTRIA E COMERCIO DE COURO EIRELI,MARJU,UNCLE K,VERAO 2026,ACESSORIOS,ACESSORIOS,NACIONAL,CADARCO/COURO,ACESSORIOS,ALCA DE BOLSA,70591V26,2/3/2026,1
238 - UK - RECIFE 2 - 238,2 04 01 008640,PORTA PASSAPORTE COURO 70350 V26,1,53,119,53,159,119,159,MARJU INDUSTRIA E COMERCIO DE COURO EIRELI,MARJU,UNCLE K,VERAO 2026,ACESSORIOS,ACESSORIOS,NACIONAL,COURO,ACESSORIOS,PORTA PASSAPORTE,70350V26,8/25/2025,1
240 - UK - RECIFE 3 - 240,2 04 01 008640,PORTA PASSAPORTE COURO 70350 V26,7,371,833,53,159,119,159,MARJU INDUSTRIA E COMERCIO DE COURO EIRELI,MARJU,UNCLE K,VERAO 2026,ACESSORIOS,ACESSORIOS,NACIONAL,COURO,ACESSORIOS,PORTA PASSAPORTE,70350V26,12/17/2025,1
238 - UK - RECIFE 2 - 238,2 04 01 008481,PORTA PASSAPORTE SINTETICO 70551 I25,1,"54,59",119,"54,59",169,119,169,MARJU INDUSTRIA E COMERCIO DE COURO EIRELI,MARJU,UNCLE K,INVERNO 2025,ACESSORIOS,ACESSORIOS,NACIONAL,SINTETICO,ACESSORIOS,PORTA PASSAPORTE,70551I25,5/12/2025,1
226 - UK - RECIFE - 226,2 04 19 008726,CARTEIRA PU 70533 V26,1,"88,1",149,"88,1",219,149,219,MARJU INDUSTRIA E COMERCIO DE COURO EIRELI,MARJU,UNCLE K,VERAO 2026,ACESSORIOS,CARTEIRAS,NACIONAL,PU,CARTEIRAS,CARTEIRA,70533V26,12/16/2025,1
240 - UK - RECIFE 3 - 240,2 04 07 008713,CARTEIRA COURO 70347 V26,1,"75,67",229,"75,67",229,229,229,MARJU INDUSTRIA E COMERCIO DE COURO EIRELI,MARJU,UNCLE K,VERAO 2026,ACESSORIOS,CARTEIRA COURO,NACIONAL,COURO,CARTEIRAS,CARTEIRA COURO,70347IIV26,10/24/2025,1
226 - UK - RECIFE - 226,2 04 07 008676,CARTEIRA COURO 70445 V26,1,"69,04",139,"69,04",209,139,209,MARJU INDUSTRIA E COMERCIO DE COURO EIRELI,MARJU,UNCLE K,VERAO 2026,ACESSORIOS,CARTEIRA COURO,NACIONAL,COURO,CARTEIRAS,CARTEIRA COURO,70445V26,3/17/2026,1
240 - UK - RECIFE 3 - 240,2 04 07 008702,CARTEIRA COURO 70499 V26,1,"52,86",169,"52,86",169,169,169,MARJU INDUSTRIA E COMERCIO DE COURO EIRELI,MARJU,UNCLE K,VERAO 2026,ACESSORIOS,CARTEIRA COURO,NACIONAL,COURO,CARTEIRAS,CARTEIRA COURO,70499V26,1/26/2026,1
226 - UK - RECIFE - 226,2 04 07 008701,CARTEIRA COURO 70426 V26,2,"179,8",538,"89,9",269,269,269,MARJU INDUSTRIA E COMERCIO DE COURO EIRELI,MARJU,UNCLE K,VERAO 2026,ACESSORIOS,CARTEIRA COURO,NACIONAL,COURO,CARTEIRAS,CARTEIRA COURO,70426V26,3/12/2026,1
242 - UK - RECIFE 4 - 242,2 04 01 008238,PORTA PASSAPORTE COURO 70350 V25,1,"52,5",119,"52,5",159,119,159,MARJU INDUSTRIA E COMERCIO DE COURO EIRELI,MARJU,UNCLE K,VERAO 2025,ACESSORIOS,ACESSORIOS,NACIONAL,COURO,ACESSORIOS,PORTA PASSAPORTE,70350V25,8/21/2024,1
226 - UK - RECIFE - 226,2 04 07 007780,CARTEIRA COURO 70374,1,"42,43",149,"42,43",149,149,139,MARJU INDUSTRIA E COMERCIO DE COURO EIRELI,MARJU,UNCLE K,INVERNO 2023,ACESSORIOS,CARTEIRA COURO,NACIONAL,COURO,MASCULINO,CARTEIRA MASCULINA,70374I23,3/6/2026,1
226 - UK - RECIFE - 226,2 04 01 007847,ALCA BOLSA P CADARCO 70507 V24,2,"42,6",138,"21,3",89,69,89,MARJU INDUSTRIA E COMERCIO DE COURO EIRELI,MARJU,UNCLE K,VERAO 2024,ACESSORIOS,ACESSORIOS,NACIONAL,CADARCO,ACESSORIOS,ALCA DE BOLSA,70507V24,9/5/2025,1
226 - UK - RECIFE - 226,2 04 01 007847,ALCA BOLSA P CADARCO 70507 V24,1,"21,3",69,"21,3",89,69,89,MARJU INDUSTRIA E COMERCIO DE COURO EIRELI,MARJU,UNCLE K,VERAO 2024,ACESSORIOS,ACESSORIOS,NACIONAL,CADARCO,ACESSORIOS,ALCA DE BOLSA,70507V24,8/8/2025,1
226 - UK - RECIFE - 226,2 04 07 008202,CARTEIRA COURO 70376 I24,1,"53,11",179,"53,11",179,179,179,MARJU INDUSTRIA E COMERCIO DE COURO EIRELI,MARJU,UNCLE K,INVERNO 2024,ACESSORIOS,CARTEIRA COURO,NACIONAL,COURO,MASCULINO,CARTEIRA MASCULINA,70376I24,3/15/2026,1
238 - UK - RECIFE 2 - 238,2 04 13 007770,NECESSAIRE NYLON 70266 I23,2,"51,92",118,"25,96",79,59,79,MARJU INDUSTRIA E COMERCIO DE COURO EIRELI,MARJU,UNCLE K,INVERNO 2023,ACESSORIOS,NECESSAIRES,NACIONAL,NYLON,NECESSAIRES,NECESSAIRE,70266I23,3/13/2026,1
226 - UK - RECIFE - 226,2 04 01 007326,PORTA NIQUEL NYLON 70388 I22,1,"29,14",29,"29,14",89,29,89,MARJU INDUSTRIA E COMERCIO DE COURO EIRELI,MARJU,UNCLE K,INVERNO 2022,ACESSORIOS,ACESSORIOS,NACIONAL,NYLON,ACESSORIOS,PORTA NIQUEL,70388I22,8/4/2025,1
242 - UK - RECIFE 4 - 242,2 04 07 007103,CARTEIRA COURO 70376 V22,1,35,129,35,159,129,149,MARJU INDUSTRIA E COMERCIO DE COURO EIRELI,MARJU,UNCLE K,VERAO 2022,ACESSORIOS,CARTEIRA COURO,NACIONAL,COURO,MASCULINO,CARTEIRA COURO,70376 V22,3/17/2023,1
242 - UK - RECIFE 4 - 242,2 04 07 007101,CARTEIRA COURO 70374 V22,1,"36,5",119,"36,5",149,119,139,MARJU INDUSTRIA E COMERCIO DE COURO EIRELI,MARJU,UNCLE K,VERAO 2022,ACESSORIOS,CARTEIRA COURO,NACIONAL,COURO,MASCULINO,CARTEIRA COURO,70374 V22,12/24/2024,1
226 - UK - RECIFE - 226,2 02 06 007719,GALOCHA BORRACHA MONSOON I23,1,87,199,87,299,199,299,MOULD IND. DE MATRIZES LTDA,CHERRY,UNCLE K,INVERNO 2023,CALCADOS,BOTA,NACIONAL,BORRACHA,CALCADOS,GALOCHA,MONSOONI23,3/6/2024,1
238 - UK - RECIFE 2 - 238,2 04 01 007639,GUARDA CHUVA POLIESTER MINI FUN P,1,"51,9",169,"51,9",169,169,169,GUARDACHUVARIA CONTORNOS,CONTORNOS 2,UNCLE K,INVERNO 2023,ACESSORIOS,ACESSORIOS,NACIONAL,POLIESTER,ACESSORIOS,GUARDA-CHUVA,MINIFUNPI23,11/7/2025,1
238 - UK - RECIFE 2 - 238,2 02 18 008164,TENIS LONA ALOHA I24,1,"92,9","149,5","92,9",299,"149,5",299,RC INDUSTRIA DE CALCADOS EIRELI,PRIMMA SCARPA,UNCLE K,INVERNO 2024,CALCADOS,TENIS,NACIONAL,LONA,CALCADOS,TENIS,ALOHAI24,12/8/2025,1
238 - UK - RECIFE 2 - 238,2 02 18 007421,TENIS LONA ALOHA V23,1,84,149,84,299,149,279,RC INDUSTRIA DE CALCADOS EIRELI,PRIMMA SCARPA,UNCLE K,VERAO 2023,CALCADOS,TENIS,NACIONAL,LONA,CALCADOS,TENIS,ALOHAV23,2/26/2026,1
238 - UK - RECIFE 2 - 238,2 02 15 008767,PAPETE NOBUCK VEG OPEN V26,4,360,1316,90,329,329,329,INDUSTRIA E COMERCIO DE CALCADOS S SANTOS LTDA,SUZANA SANTOS,UNCLE K,VERAO 2026,CALCADOS,SANDALIA,NACIONAL,NOBUCK VEGGIE,CALCADOS,PAPETE,OPENV26,1/22/2026,1
226 - UK - RECIFE - 226,2 02 15 008767,PAPETE NOBUCK VEG OPEN V26,2,180,658,90,329,329,329,INDUSTRIA E COMERCIO DE CALCADOS S SANTOS LTDA,SUZANA SANTOS,UNCLE K,VERAO 2026,CALCADOS,SANDALIA,NACIONAL,NOBUCK VEGGIE,CALCADOS,PAPETE,OPENV26,1/24/2026,1
240 - UK - RECIFE 3 - 240,2 02 17 008270,SAPATO NOBUCK VEG FRANCIS V25,2,184,349,92,349,"174,5",349,INDUSTRIA E COMERCIO DE CALCADOS S SANTOS LTDA,SUZANA SANTOS,UNCLE K,VERAO 2025,CALCADOS,SAPATO,NACIONAL,NOBUCK VEGGIE,CALCADOS,SAPATO BONECA,FRANCISV25,7/30/2024,1
238 - UK - RECIFE 2 - 238,2 02 17 008270,SAPATO NOBUCK VEG FRANCIS V25,3,276,"523,5",92,349,"174,5",349,INDUSTRIA E COMERCIO DE CALCADOS S SANTOS LTDA,SUZANA SANTOS,UNCLE K,VERAO 2025,CALCADOS,SAPATO,NACIONAL,NOBUCK VEGGIE,CALCADOS,SAPATO BONECA,FRANCISV25,2/28/2026,1
238 - UK - RECIFE 2 - 238,2 02 17 008270,SAPATO NOBUCK VEG FRANCIS V25,3,276,"523,5",92,349,"174,5",349,INDUSTRIA E COMERCIO DE CALCADOS S SANTOS LTDA,SUZANA SANTOS,UNCLE K,VERAO 2025,CALCADOS,SAPATO,NACIONAL,NOBUCK VEGGIE,CALCADOS,SAPATO BONECA,FRANCISV25,3/2/2026,1
226 - UK - RECIFE - 226,2 02 14 008764,RASTEIRA NOBUCK VEG BIJOUX V26,1,49,159,49,159,159,159,INDUSTRIA E COMERCIO DE CALCADOS S.SANTOS LTDA,RENATA MELLO,UNCLE K,VERAO 2026,CALCADOS,SANDALIA  RASTEIRA,NACIONAL,NOBUCK VEGGIE,CALCADOS,RASTEIRA,BIJOUXV26,12/24/2025,1
240 - UK - RECIFE 3 - 240,2 02 14 008764,RASTEIRA NOBUCK VEG BIJOUX V26,2,98,318,49,159,159,159,INDUSTRIA E COMERCIO DE CALCADOS S.SANTOS LTDA,RENATA MELLO,UNCLE K,VERAO 2026,CALCADOS,SANDALIA  RASTEIRA,NACIONAL,NOBUCK VEGGIE,CALCADOS,RASTEIRA,BIJOUXV26,12/19/2025,1
226 - UK - RECIFE - 226,2 02 15 008165,ANABELA NOBUCK VEG NEW RAPHA I24,2,158,558,79,279,279,279,INDUSTRIA E COMERCIO DE CALCADOS S.SANTOS LTDA,RENATA MELLO,UNCLE K,INVERNO 2024,CALCADOS,SANDALIA,NACIONAL,NOBUCK VEGGIE,CALCADOS,ANABELA,NEWRAPHAI24,8/7/2024,1
240 - UK - RECIFE 3 - 240,2 02 15 008849,RASTEIRA NAPA/CAMURCA VEG EMBAU V26,1,36,149,36,149,149,149,INDUSTRIA E COMERCIO DE CALCADOS S.SANTOS LTDA,RENATA MELLO,UNCLE K,ALTO VERAO 2026,CALCADOS,SANDALIA,NACIONAL,NAPA/CAMURCA VEGGIE,CALCADOS,RASTEIRA,EMBAUV26,12/17/2025,1
242 - UK - RECIFE 4 - 242,2 02 15 008766,PLATAFORMA VEGGIE PAX V26,1,60,259,60,259,259,259,INDUSTRIA E COMERCIO DE CALCADOS S.SANTOS LTDA,RENATA MELLO,UNCLE K,VERAO 2026,CALCADOS,SANDALIA,NACIONAL,VEGGIE,CALCADOS,PLATAFORMA,PAXV26,2/21/2026,1
238 - UK - RECIFE 2 - 238,2 02 15 008847,PAPETE NAPA/CAMURCA VEG GRUMARI V26,1,56,229,56,229,229,229,INDUSTRIA E COMERCIO DE CALCADOS S.SANTOS LTDA,RENATA MELLO,UNCLE K,ALTO VERAO 2026,CALCADOS,,NACIONAL,NAPA/CAMURCA VEGGIE,CALCADOS,PAPETE,GRUMARIV26,1/24/2026,1
226 - UK - RECIFE - 226,2 02 15 008847,PAPETE NAPA/CAMURCA VEG GRUMARI V26,1,56,229,56,229,229,229,INDUSTRIA E COMERCIO DE CALCADOS S.SANTOS LTDA,RENATA MELLO,UNCLE K,ALTO VERAO 2026,CALCADOS,,NACIONAL,NAPA/CAMURCA VEGGIE,CALCADOS,PAPETE,GRUMARIV26,1/5/2026,1
240 - UK - RECIFE 3 - 240,2 02 14 008846,RASTEIRA CAMURCA VEGGIE ESPELHO V26,1,45,179,45,179,179,179,INDUSTRIA E COMERCIO DE CALCADOS S.SANTOS LTDA,RENATA MELLO,UNCLE K,ALTO VERAO 2026,CALCADOS,SANDALIA,NACIONAL,CAMURCA VEGGIE,CALCADOS,RASTEIRA,ESPELHOV26,12/17/2025,1
226 - UK - RECIFE - 226,2 02 14 008846,RASTEIRA CAMURCA VEGGIE ESPELHO V26,2,90,358,45,179,179,179,INDUSTRIA E COMERCIO DE CALCADOS S.SANTOS LTDA,RENATA MELLO,UNCLE K,ALTO VERAO 2026,CALCADOS,SANDALIA,NACIONAL,CAMURCA VEGGIE,CALCADOS,RASTEIRA,ESPELHOV26,3/6/2026,1
240 - UK - RECIFE 3 - 240,2 02 14 008773,RASTEIRA NAPA VEG QUINTA V26,1,36,129,36,129,129,129,INDUSTRIA E COMERCIO DE CALCADOS S.SANTOS LTDA,RENATA MELLO,UNCLE K,VERAO 2026,CALCADOS,SANDALIA  RASTEIRA,NACIONAL,NAPA VEGGIE,CALCADOS,RASTEIRA,QUINTAV26,11/17/2025,1
242 - UK - RECIFE 4 - 242,2 02 15 008772,PLATAFORMA NOBUCK VEG DIGGY V26,1,76,329,76,329,329,329,INDUSTRIA E COMERCIO DE CALCADOS S.SANTOS LTDA,RENATA MELLO,UNCLE K,VERAO 2026,CALCADOS,SANDALIA,NACIONAL,NOBUCK VEGGIE,CALCADOS,PLATAFORMA,DIGGYV26,12/24/2025,1
238 - UK - RECIFE 2 - 238,2 02 15 008772,PLATAFORMA NOBUCK VEG DIGGY V26,1,76,329,76,329,329,329,INDUSTRIA E COMERCIO DE CALCADOS S.SANTOS LTDA,RENATA MELLO,UNCLE K,VERAO 2026,CALCADOS,SANDALIA,NACIONAL,NOBUCK VEGGIE,CALCADOS,PLATAFORMA,DIGGYV26,1/15/2026,1
238 - UK - RECIFE 2 - 238,2 02 18 008749,TENIS VEGGIE KA V26,7,588,2443,84,349,349,349,INDUSTRIA E COMERCIO DE CALCADOS S.SANTOS LTDA,RENATA MELLO,UNCLE K,VERAO 2026,CALCADOS,TENIS,NACIONAL,VEGGIE,CALCADOS,TENIS,KAV26,9/15/2025,1
226 - UK - RECIFE - 226,2 02 18 008749,TENIS VEGGIE KA V26,3,252,1047,84,349,349,349,INDUSTRIA E COMERCIO DE CALCADOS S.SANTOS LTDA,RENATA MELLO,UNCLE K,VERAO 2026,CALCADOS,TENIS,NACIONAL,VEGGIE,CALCADOS,TENIS,KAV26,9/12/2025,1
242 - UK - RECIFE 4 - 242,2 02 18 008749,TENIS VEGGIE KA V26,1,84,349,84,349,349,349,INDUSTRIA E COMERCIO DE CALCADOS S.SANTOS LTDA,RENATA MELLO,UNCLE K,VERAO 2026,CALCADOS,TENIS,NACIONAL,VEGGIE,CALCADOS,TENIS,KAV26,9/12/2025,1
242 - UK - RECIFE 4 - 242,2 02 18 008749,TENIS VEGGIE KA V26,1,84,349,84,349,349,349,INDUSTRIA E COMERCIO DE CALCADOS S.SANTOS LTDA,RENATA MELLO,UNCLE K,VERAO 2026,CALCADOS,TENIS,NACIONAL,VEGGIE,CALCADOS,TENIS,KAV26,3/5/2026,1
226 - UK - RECIFE - 226,2 02 18 008749,TENIS VEGGIE KA V26,2,168,698,84,349,349,349,INDUSTRIA E COMERCIO DE CALCADOS S.SANTOS LTDA,RENATA MELLO,UNCLE K,VERAO 2026,CALCADOS,TENIS,NACIONAL,VEGGIE,CALCADOS,TENIS,KAV26,1/20/2026,1
226 - UK - RECIFE - 226,2 02 18 008749,TENIS VEGGIE KA V26,1,84,349,84,349,349,349,INDUSTRIA E COMERCIO DE CALCADOS S.SANTOS LTDA,RENATA MELLO,UNCLE K,VERAO 2026,CALCADOS,TENIS,NACIONAL,VEGGIE,CALCADOS,TENIS,KAV26,2/12/2026,1
226 - UK - RECIFE - 226,2 02 15 008740,PAPETE NAPA VEG CANYON V26,1,57,189,57,189,189,189,INDUSTRIA E COMERCIO DE CALCADOS S.SANTOS LTDA,RENATA MELLO,UNCLE K,VERAO 2026,CALCADOS,SANDALIA,NACIONAL,NAPA VEGGIE,CALCADOS,PAPETE,CANYONV26,3/9/2026,1
240 - UK - RECIFE 3 - 240,2 02 15 008740,PAPETE NAPA VEG CANYON V26,2,114,378,57,189,189,189,INDUSTRIA E COMERCIO DE CALCADOS S.SANTOS LTDA,RENATA MELLO,UNCLE K,VERAO 2026,CALCADOS,SANDALIA,NACIONAL,NAPA VEGGIE,CALCADOS,PAPETE,CANYONV26,1/14/2026,1
240 - UK - RECIFE 3 - 240,2 02 15 008872,PLATAFORMA CAMURCA VEG VELEZ I26,18,1530,5922,85,329,329,329,INDUSTRIA E COMERCIO DE CALCADOS S.SANTOS LTDA,RENATA MELLO,UNCLE K,INVERNO 2026,CALCADOS,SANDALIA,NACIONAL,CAMURCA VEGGIE,CALCADOS,PLATAFORMA,VELEZI26,3/19/2026,1
240 - UK - RECIFE 3 - 240,2 02 18 008605,TENIS COURO RIO I25,2,298,938,149,469,469,469,CALCADOS SHELTER INDUSTRIA E COMERCIA LTDA EPP,SHELTER,UNCLE K,INVERNO 2025,CALCADOS,TENIS,NACIONAL,COURO,CALCADOS,TENIS,RIOI25,7/8/2025,1
238 - UK - RECIFE 2 - 238,2 02 18 008605,TENIS COURO RIO I25,1,149,469,149,469,469,469,CALCADOS SHELTER INDUSTRIA E COMERCIA LTDA EPP,SHELTER,UNCLE K,INVERNO 2025,CALCADOS,TENIS,NACIONAL,COURO,CALCADOS,TENIS,RIOI25,7/3/2025,1
240 - UK - RECIFE 3 - 240,2 02 18 008605,TENIS COURO RIO I25,1,149,469,149,469,469,469,CALCADOS SHELTER INDUSTRIA E COMERCIA LTDA EPP,SHELTER,UNCLE K,INVERNO 2025,CALCADOS,TENIS,NACIONAL,COURO,CALCADOS,TENIS,RIOI25,3/4/2026,1
240 - UK - RECIFE 3 - 240,2 02 18 00818,TENIS COURO RIO I24,1,142,449,142,449,449,449,CALCADOS SHELTER INDUSTRIA E COMERCIA LTDA EPP,SHELTER,UNCLE K,INVERNO 2024,CALCADOS,TENIS,NACIONAL,COURO,CALCADOS,TENIS,RIOI24,8/29/2024,1
226 - UK - RECIFE - 226,2 02 18 007234,TENIS COURO TECH,1,"119,8",129,"119,8",380,129,380,CALCADOS SHELTER INDUSTRIA E COMERCIA LTDA EPP,SHELTER,UNCLE K,VERAO 2022,CALCADOS,TENIS,NACIONAL,COURO,MASCULINO,TENIS,TECH,8/13/2022,1
226 - UK - RECIFE - 226,2 03 11 007926,MOCHILA NYLON BNT BUK V24,1,150,549,150,549,549,549,BAG PLANET BOLSAS E ACESSORIOS LTDA,BAG PLANET BOLSAS E ACESSORIOS LTDA,UNCLE K,VERAO 2024,MOCHILAS,MOCHILA NYLON,IMPORTADO,NYLON BNT,MOCHILAS BASICAS,MOCHILA,BUKV24,3/16/2026,1
238 - UK - RECIFE 2 - 238,2 03 11 007925,MOCHILA NYLON BNT MINI BUK V24,2,280,998,140,499,499,499,BAG PLANET BOLSAS E ACESSORIOS LTDA,BAG PLANET BOLSAS E ACESSORIOS LTDA,UNCLE K,VERAO 2024,MOCHILAS,MOCHILA NYLON,IMPORTADO,NYLON BNT,MOCHILAS BASICAS,MOCHILA,MINIBUKV24,3/2/2026,1
238 - UK - RECIFE 2 - 238,2 03 11 007925,MOCHILA NYLON BNT MINI BUK V24,1,140,499,140,499,499,499,BAG PLANET BOLSAS E ACESSORIOS LTDA,BAG PLANET BOLSAS E ACESSORIOS LTDA,UNCLE K,VERAO 2024,MOCHILAS,MOCHILA NYLON,IMPORTADO,NYLON BNT,MOCHILAS BASICAS,MOCHILA,MINIBUKV24,10/14/2024,1
240 - UK - RECIFE 3 - 240,2 03 11 007925,MOCHILA NYLON BNT MINI BUK V24,1,140,499,140,499,499,499,BAG PLANET BOLSAS E ACESSORIOS LTDA,BAG PLANET BOLSAS E ACESSORIOS LTDA,UNCLE K,VERAO 2024,MOCHILAS,MOCHILA NYLON,IMPORTADO,NYLON BNT,MOCHILAS BASICAS,MOCHILA,MINIBUKV24,5/13/2024,1
240 - UK - RECIFE 3 - 240,2 03 11 008109,MOCHILA NY BNT BUK I24,1,150,549,150,549,549,549,BAG PLANET BOLSAS E ACESSORIOS LTDA,BAG PLANET BOLSAS E ACESSORIOS LTDA,UNCLE K,INVERNO 2024,MOCHILAS,MOCHILA NYLON,IMPORTADO,NYLON BNT,MOCHILAS BASICAS,MOCHILA,BUKBNTI24,11/18/2025,1
238 - UK - RECIFE 2 - 238,2 03 11 007975,MOCHILA NY RUBBER MINI BUK V24,1,130,299,130,499,299,499,BAG PLANET BOLSAS E ACESSORIOS LTDA,BAG PLANET BOLSAS E ACESSORIOS LTDA,UNCLE K,VERAO 2024,MOCHILAS,MOCHILA NYLON,IMPORTADO,NYLON EMBORRACHADO,MOCHILAS BASICAS,MOCHILA,MINIBUKRBV24,3/2/2026,1
238 - UK - RECIFE 2 - 238,2 01 04 007519,BOLSA NYLON RUBBER 60984 V23,1,120,359,120,399,359,389,BAG PLANET BOLSAS E ACESSORIOS LTDA,BAG PLANET BOLSAS E ACESSORIOS LTDA,UNCLE K,VERAO 2023,BOLSAS,BOLSA NYLON,IMPORTADO,NYLON EMBORRACHADO,BOLSAS NYLON IMPORTADO,BOLSA TRANSPASSE,60984V23,5/22/2024,1
226 - UK - RECIFE - 226,2 02 14 008752,RASTEIRA COURO SILVER V26,2,162,538,81,269,269,269,NIVAN CALCADOS LTDA,AYE AYE,UNCLE K,VERAO 2026,CALCADOS,SANDALIA  RASTEIRA,NACIONAL,COURO,CALCADOS,RASTEIRA,SILVERV26,12/29/2025,1
238 - UK - RECIFE 2 - 238,2 02 15 008878,SANDALIA COURO TOTIS I26,13,"1121,9",3627,"86,3",279,279,279,NIVAN CALCADOS LTDA,AYE AYE,UNCLE K,INVERNO 2026,CALCADOS,SANDALIA,NACIONAL,COURO,CALCADOS,RASTEIRA,TOTISI26,3/11/2026,1
226 - UK - RECIFE - 226,2 02 14 008733,RASTEIRA COURO GOLDEN V26,2,168,538,84,269,269,269,NIVAN CALCADOS LTDA,AYE AYE,UNCLE K,VERAO 2026,CALCADOS,SANDALIA  RASTEIRA,NACIONAL,COURO,CALCADOS,RASTEIRA,GOLDENV26,3/6/2026,1
226 - UK - RECIFE - 226,2 02 14 008733,RASTEIRA COURO GOLDEN V26,2,168,538,84,269,269,269,NIVAN CALCADOS LTDA,AYE AYE,UNCLE K,VERAO 2026,CALCADOS,SANDALIA  RASTEIRA,NACIONAL,COURO,CALCADOS,RASTEIRA,GOLDENV26,1/14/2026,1
226 - UK - RECIFE - 226,2 02 14 008733,RASTEIRA COURO GOLDEN V26,3,252,807,84,269,269,269,NIVAN CALCADOS LTDA,AYE AYE,UNCLE K,VERAO 2026,CALCADOS,SANDALIA  RASTEIRA,NACIONAL,COURO,CALCADOS,RASTEIRA,GOLDENV26,1/22/2026,1
226 - UK - RECIFE - 226,2 02 14 008733,RASTEIRA COURO GOLDEN V26,1,84,269,84,269,269,269,NIVAN CALCADOS LTDA,AYE AYE,UNCLE K,VERAO 2026,CALCADOS,SANDALIA  RASTEIRA,NACIONAL,COURO,CALCADOS,RASTEIRA,GOLDENV26,10/7/2025,1
242 - UK - RECIFE 4 - 242,2 02 14 008769,RASTEIRA COURO RIVER V26,1,"77,5",249,"77,5",249,249,249,NIVAN CALCADOS LTDA,AYE AYE,UNCLE K,VERAO 2026,CALCADOS,SANDALIA  RASTEIRA,NACIONAL,COURO,CALCADOS,RASTEIRA,RIVERV26,3/2/2026,1
238 - UK - RECIFE 2 - 238,2 02 15 008879,PAPETE CAMURCA BRICK I26,5,"598,5",1945,"119,7",389,389,389,NIVAN CALCADOS LTDA,AYE AYE,UNCLE K,INVERNO 2026,CALCADOS,SANDALIA,NACIONAL,CAMURCA,CALCADOS,PAPETE,BRICKI26,3/11/2026,1
226 - UK - RECIFE - 226,2 02 17 008745,MULE COURO BALLOON V26,1,"107,8",349,"107,8",349,349,349,NIVAN CALCADOS LTDA,AYE AYE,UNCLE K,VERAO 2026,CALCADOS,SAPATO,NACIONAL,COURO,CALCADOS,MULE,BALLOONV26,11/21/2025,1
238 - UK - RECIFE 2 - 238,2 02 15 008358,RASTEIRA COURO SILVER V25,1,"79,7",269,"79,7",269,269,269,NIVAN CALCADOS LTDA,AYE AYE,UNCLE K,VERAO 2025,CALCADOS,SANDALIA,NACIONAL,COURO,CALCADOS,RASTEIRA,SILVERV25,8/12/2025,1
240 - UK - RECIFE 3 - 240,2 02 14 008598,RASTEIRA COURO SILVER I25,1,"79,7",269,"79,7",269,269,269,NIVAN CALCADOS LTDA,AYE AYE,UNCLE K,INVERNO 2025,CALCADOS,SANDALIA  RASTEIRA,NACIONAL,COURO,CALCADOS,RASTEIRA,SILVERI25,7/8/2025,1
226 - UK - RECIFE - 226,2 02 14 008598,RASTEIRA COURO SILVER I25,1,"79,7",269,"79,7",269,269,269,NIVAN CALCADOS LTDA,AYE AYE,UNCLE K,INVERNO 2025,CALCADOS,SANDALIA  RASTEIRA,NACIONAL,COURO,CALCADOS,RASTEIRA,SILVERI25,3/6/2026,1
226 - UK - RECIFE - 226,2 02 15 008735,PAPETE COURO FIGARO V26,6,468,1554,78,259,259,259,CALCADOS R.M.S LTDA,RMS,UNCLE K,VERAO 2026,CALCADOS,SANDALIA,NACIONAL,COURO,CALCADOS,PAPETE,FIGAROV26,11/21/2025,1
240 - UK - RECIFE 3 - 240,2 02 15 008735,PAPETE COURO FIGARO V26,1,78,259,78,259,259,259,CALCADOS R.M.S LTDA,RMS,UNCLE K,VERAO 2026,CALCADOS,SANDALIA,NACIONAL,COURO,CALCADOS,PAPETE,FIGAROV26,2/2/2026,1
238 - UK - RECIFE 2 - 238,2 01 04 008309,BOLSA NYLON BNT 61040 V25,2,206,798,103,439,399,439,TRUST - IMPORTACAO E EXPORTACAO EIRELI,TTL BRAZIL (DTX),UNCLE K,VERAO 2025,BOLSAS,BOLSA NYLON,IMPORTADO,NYLON BNT,BOLSAS NYLON IMPORTADO,BOLSA TRANSPASSE,61040BNTV25,2/6/2026,1
242 - UK - RECIFE 4 - 242,2 01 04 008309,BOLSA NYLON BNT 61040 V25,1,103,399,103,439,399,439,TRUST - IMPORTACAO E EXPORTACAO EIRELI,TTL BRAZIL (DTX),UNCLE K,VERAO 2025,BOLSAS,BOLSA NYLON,IMPORTADO,NYLON BNT,BOLSAS NYLON IMPORTADO,BOLSA TRANSPASSE,61040BNTV25,5/16/2025,1
226 - UK - RECIFE - 226,2 03 11 008301,MOCHILA NYLON BNT MINI BUK V25,1,124,499,124,499,499,499,TRUST - IMPORTACAO E EXPORTACAO EIRELI,TTL BRAZIL (DTX),UNCLE K,VERAO 2025,MOCHILAS,MOCHILA NYLON,IMPORTADO,NYLON BNT,MOCHILAS BASICAS,MOCHILA,MINIBUKBNTV25,3/6/2026,1
238 - UK - RECIFE 2 - 238,2 03 11 008301,MOCHILA NYLON BNT MINI BUK V25,2,248,998,124,499,499,499,TRUST - IMPORTACAO E EXPORTACAO EIRELI,TTL BRAZIL (DTX),UNCLE K,VERAO 2025,MOCHILAS,MOCHILA NYLON,IMPORTADO,NYLON BNT,MOCHILAS BASICAS,MOCHILA,MINIBUKBNTV25,9/15/2025,1
238 - UK - RECIFE 2 - 238,2 01 04 008310,BOLSA NYLON BNT 61232 V25,1,109,469,109,469,469,469,TRUST - IMPORTACAO E EXPORTACAO EIRELI,TTL BRAZIL (DTX),UNCLE K,VERAO 2025,BOLSAS,BOLSA NYLON,IMPORTADO,NYLON BNT,BOLSAS NYLON IMPORTADO,BOLSA TRANSPASSE,61232BNTV25,12/16/2024,1
242 - UK - RECIFE 4 - 242,2 01 04 008395,BOLSA NYLON BNT 61129 V25,1,136,469,136,469,469,469,TRUST - IMPORTACAO E EXPORTACAO EIRELI,TTL BRAZIL (DTX),UNCLE K,VERAO 2025,BOLSAS,BOLSA NYLON,IMPORTADO,NYLON BNT,BOLSAS NYLON IMPORTADO,BOLSA MULTIUSO,61129BNTV25,12/18/2024,1
242 - UK - RECIFE 4 - 242,2 01 04 008312,BOLSA NYLON BNT 61233 V25,1,68,369,68,369,369,369,TRUST - IMPORTACAO E EXPORTACAO EIRELI,TTL BRAZIL (DTX),UNCLE K,VERAO 2025,BOLSAS,BOLSA NYLON,IMPORTADO,NYLON BNT,BOLSAS NYLON IMPORTADO,BOLSA TRANSPASSE,61233BNTV25,1/10/2026,1
238 - UK - RECIFE 2 - 238,2 03 11 008303,MOCHILA NYLON BNT BIG BUK V25,2,288,1178,144,589,589,589,TRUST - IMPORTACAO E EXPORTACAO EIRELI,TTL BRAZIL (DTX),UNCLE K,VERAO 2025,MOCHILAS,MOCHILA NYLON,IMPORTADO,NYLON BNT,MOCHILAS BASICAS,MOCHILA,BIGBUKBNTV25,9/1/2025,1
226 - UK - RECIFE - 226,2 03 11 008303,MOCHILA NYLON BNT BIG BUK V25,1,144,589,144,589,589,589,TRUST - IMPORTACAO E EXPORTACAO EIRELI,TTL BRAZIL (DTX),UNCLE K,VERAO 2025,MOCHILAS,MOCHILA NYLON,IMPORTADO,NYLON BNT,MOCHILAS BASICAS,MOCHILA,BIGBUKBNTV25,10/24/2025,1
226 - UK - RECIFE - 226,2 02 15 008882,SANDALIA NEOPRENE MEDUSA I26,20,2480,7980,124,399,399,399,CALCADOS NATORE RAPERE LTDA,NATORE,UNCLE K,INVERNO 2026,CALCADOS,SANDALIA,NACIONAL,NEOPRENE,CALCADOS,SANDALIA SALTO,MEDUSAI26,3/3/2026,1
238 - UK - RECIFE 2 - 238,2 02 15 008882,SANDALIA NEOPRENE MEDUSA I26,24,2976,9576,124,399,399,399,CALCADOS NATORE RAPERE LTDA,NATORE,UNCLE K,INVERNO 2026,CALCADOS,SANDALIA,NACIONAL,NEOPRENE,CALCADOS,SANDALIA SALTO,MEDUSAI26,3/4/2026,1
238 - UK - RECIFE 2 - 238,2 02 15 008883,SANDALIA NEOPRENE TRIANON I26,3,372,1197,124,399,399,399,CALCADOS NATORE RAPERE LTDA,NATORE,UNCLE K,INVERNO 2026,CALCADOS,SANDALIA,NACIONAL,NEOPRENE,CALCADOS,SANDALIA SALTO,TRIANONI26,3/9/2026,1
240 - UK - RECIFE 3 - 240,2 02 15 008883,SANDALIA NEOPRENE TRIANON I26,3,372,1197,124,399,399,399,CALCADOS NATORE RAPERE LTDA,NATORE,UNCLE K,INVERNO 2026,CALCADOS,SANDALIA,NACIONAL,NEOPRENE,CALCADOS,SANDALIA SALTO,TRIANONI26,3/12/2026,1
238 - UK - RECIFE 2 - 238,2 02 15 008883,SANDALIA NEOPRENE TRIANON I26,2,248,798,124,399,399,399,CALCADOS NATORE RAPERE LTDA,NATORE,UNCLE K,INVERNO 2026,CALCADOS,SANDALIA,NACIONAL,NEOPRENE,CALCADOS,SANDALIA SALTO,TRIANONI26,3/12/2026,1
238 - UK - RECIFE 2 - 238,2 02 15 008882,SANDALIA NEOPRENE MEDUSA I26,1,124,399,124,399,399,399,CALCADOS NATORE RAPERE LTDA,NATORE,UNCLE K,INVERNO 2026,CALCADOS,SANDALIA,NACIONAL,NEOPRENE,CALCADOS,SANDALIA SALTO,MEDUSAI26,3/19/2026,1
226 - UK - RECIFE - 226,2 01 04 008447,BOLSA NY SOFT FLUFFY 61223 V25,1,125,349,125,499,349,499,ITIBAG COMERCIO DE BOLSAS E ACESSORIOS LTDA EPP,ITIBAG,UNCLE K,VERAO 2025,BOLSAS,BOLSA NYLON,IMPORTADO,NY SOFT FLUFFY,BOLSAS NYLON IMPORTADO,BOLSA MULTIUSO,61223V25,8/2/2025,1
238 - UK - RECIFE 2 - 238,2 01 04 008556,BOLSA NY TWILL 61320 I25,1,95,349,95,349,349,349,SERRAMAR DISTRIBUIDORA LTDA,SERRAMAR,UNCLE K,INVERNO 2025,BOLSAS,BOLSA NYLON,IMPORTADO,NYLON TWILL,BOLSAS NYLON IMPORTADO,BOLSA MULTIUSO,61320I25,2/21/2026,1
238 - UK - RECIFE 2 - 238,2 01 04 008552,BOLSA NY TWILL 61310 I25,1,"120,46",429,"120,46",429,429,429,SERRAMAR DISTRIBUIDORA LTDA,SERRAMAR,UNCLE K,INVERNO 2025,BOLSAS,BOLSA NYLON,IMPORTADO,NYLON TWILL,BOLSAS NYLON IMPORTADO,BOLSA TRANSPASSE,61310I25,4/22/2025,1
240 - UK - RECIFE 3 - 240,2 01 04 008550,BOLSA NY TWILL 61313 I25,1,"151,88",549,"151,88",549,549,549,SERRAMAR DISTRIBUIDORA LTDA,SERRAMAR,UNCLE K,INVERNO 2025,BOLSAS,BOLSA NYLON,IMPORTADO,NYLON TWILL,BOLSAS NYLON IMPORTADO,BOLSA MULTIUSO,61313I25,8/20/2025,1
238 - UK - RECIFE 2 - 238,2 01 04 008550,BOLSA NY TWILL 61313 I25,1,"151,88",549,"151,88",549,549,549,SERRAMAR DISTRIBUIDORA LTDA,SERRAMAR,UNCLE K,INVERNO 2025,BOLSAS,BOLSA NYLON,IMPORTADO,NYLON TWILL,BOLSAS NYLON IMPORTADO,BOLSA MULTIUSO,61313I25,8/16/2025,1
240 - UK - RECIFE 3 - 240,2 01 04 008550,BOLSA NY TWILL 61313 I25,1,"151,88",549,"151,88",549,549,549,SERRAMAR DISTRIBUIDORA LTDA,SERRAMAR,UNCLE K,INVERNO 2025,BOLSAS,BOLSA NYLON,IMPORTADO,NYLON TWILL,BOLSAS NYLON IMPORTADO,BOLSA MULTIUSO,61313I25,11/18/2025,1
240 - UK - RECIFE 3 - 240,2 01 04 008546,BOLSA NY BNT 61316 I25,1,120,429,120,429,429,429,SERRAMAR DISTRIBUIDORA LTDA,SERRAMAR,UNCLE K,INVERNO 2025,BOLSAS,BOLSA NYLON,IMPORTADO,NYLON BNT,BOLSAS NYLON IMPORTADO,BOLSA TRANSPASSE,61316I25,8/13/2025,1
242 - UK - RECIFE 4 - 242,2 04 02 008923,COLAR METAL/RESINA CI26C,1,30,99,30,99,99,99,BIJOU FASHION BIJOUTERIAS LTDA,BIJOU FASHION BIJOUTERIAS LTDA,UNCLE K,INVERNO 2026,ACESSORIOS,BIJUTERIA,NACIONAL,METAL/RESINA,BIJUTERIA,COLAR,CI26C,3/19/2026,1
240 - UK - RECIFE 3 - 240,2 04 02 008689,COLAR RESINA/CAMURCA CV26E,7,280,903,40,129,129,129,BIJOU FASHION BIJOUTERIAS LTDA,BIJOU FASHION BIJOUTERIAS LTDA,UNCLE K,VERAO 2026,ACESSORIOS,BIJUTERIA,NACIONAL,RESINA/CAMURCA,BIJUTERIA,COLAR,CV26EV26,3/5/2026,1
242 - UK - RECIFE 4 - 242,2 04 02 008646,COLAR CORDA/CRISTAL CV26A,1,38,129,38,129,129,129,BIJOU FASHION BIJOUTERIAS LTDA,BIJOU FASHION BIJOUTERIAS LTDA,UNCLE K,VERAO 2026,ACESSORIOS,BIJUTERIA,NACIONAL,CORDA/CRISTAIS,BIJUTERIA,COLAR,CV26AV26,12/31/2025,1
226 - UK - RECIFE - 226,2 04 02 008646,COLAR CORDA/CRISTAL CV26A,4,152,516,38,129,129,129,BIJOU FASHION BIJOUTERIAS LTDA,BIJOU FASHION BIJOUTERIAS LTDA,UNCLE K,VERAO 2026,ACESSORIOS,BIJUTERIA,NACIONAL,CORDA/CRISTAIS,BIJUTERIA,COLAR,CV26AV26,12/27/2025,1
242 - UK - RECIFE 4 - 242,2 04 02 008648,COLAR RESINA CV26C,1,26,89,26,89,89,89,BIJOU FASHION BIJOUTERIAS LTDA,BIJOU FASHION BIJOUTERIAS LTDA,UNCLE K,VERAO 2026,ACESSORIOS,BIJUTERIA,NACIONAL,RESINA,BIJUTERIA,COLAR,CV26CV26,1/10/2026,1
226 - UK - RECIFE - 226,2 02 15 008415,PAPETE NAPA VEG REMY V25,1,"64,5","104,5","64,5",209,"104,5",209,TERMOLINE INDUSTRIA E COMERCIO LTDA,AZLA,UNCLE K,VERAO 2025,CALCADOS,SANDALIA,NACIONAL,NAPA VEGGIE,CALCADOS,PAPETE,REMYV25,4/23/2025,1
242 - UK - RECIFE 4 - 242,2 04 01 008472,GUARDA CHUVA POLIESTER GOMOS P,22,"1471,8",3938,"66,9",179,179,179,FLORENCA BRINDES LTDA EPP,FLORENCA BRINDES (GUARDA CHUVA),UNCLE K,INVERNO 2025,ACESSORIOS,ACESSORIOS,NACIONAL,POLIESTER,ACESSORIOS,GUARDA-CHUVA,GOMOSPI25,8/28/2025,1
238 - UK - RECIFE 2 - 238,2 04 01 008472,GUARDA CHUVA POLIESTER GOMOS P,23,"1538,7",4117,"66,9",179,179,179,FLORENCA BRINDES LTDA EPP,FLORENCA BRINDES (GUARDA CHUVA),UNCLE K,INVERNO 2025,ACESSORIOS,ACESSORIOS,NACIONAL,POLIESTER,ACESSORIOS,GUARDA-CHUVA,GOMOSPI25,8/28/2025,1
226 - UK - RECIFE - 226,2 04 01 008472,GUARDA CHUVA POLIESTER GOMOS P,13,"869,7",2327,"66,9",179,179,179,FLORENCA BRINDES LTDA EPP,FLORENCA BRINDES (GUARDA CHUVA),UNCLE K,INVERNO 2025,ACESSORIOS,ACESSORIOS,NACIONAL,POLIESTER,ACESSORIOS,GUARDA-CHUVA,GOMOSPI25,3/6/2026,1
242 - UK - RECIFE 4 - 242,2 02 18 008871,TENIS COURO PHILLY I26,2,160,598,80,299,299,299,C. TORRES DIAS INJETADOS ME,CALCADOS TORRES,UNCLE K,INVERNO 2026,CALCADOS,TENIS,NACIONAL,COURO,CALCADOS,TENIS,PHILLYI26,3/10/2026,1
240 - UK - RECIFE 3 - 240,2 02 18 008871,TENIS COURO PHILLY I26,6,480,1794,80,299,299,299,C. TORRES DIAS INJETADOS ME,CALCADOS TORRES,UNCLE K,INVERNO 2026,CALCADOS,TENIS,NACIONAL,COURO,CALCADOS,TENIS,PHILLYI26,2/24/2026,1
226 - UK - RECIFE - 226,2 02 18 008871,TENIS COURO PHILLY I26,9,720,2691,80,299,299,299,C. TORRES DIAS INJETADOS ME,CALCADOS TORRES,UNCLE K,INVERNO 2026,CALCADOS,TENIS,NACIONAL,COURO,CALCADOS,TENIS,PHILLYI26,2/11/2026,1
226 - UK - RECIFE - 226,2 02 18 008871,TENIS COURO PHILLY I26,2,160,598,80,299,299,299,C. TORRES DIAS INJETADOS ME,CALCADOS TORRES,UNCLE K,INVERNO 2026,CALCADOS,TENIS,NACIONAL,COURO,CALCADOS,TENIS,PHILLYI26,2/25/2026,1
226 - UK - RECIFE - 226,2 02 17 008763,MOCASSIM COURO VALENCIA V26,2,"227,8",758,"113,9",379,379,379,INDUSTRIA DE CALCADOS MAZUQUE LTDA,MAZUQUE,UNCLE K,VERAO 2026,CALCADOS,SAPATO,NACIONAL,COURO,CALCADOS,MOCASSIM,VALENCIAV26,11/11/2025,1
226 - UK - RECIFE - 226,2 02 17 008746,MOCASSIM COURO TIP TOP V26,1,94,329,94,329,329,329,VISPATE CALCADOS LTDA,VISPATE,UNCLE K,VERAO 2026,CALCADOS,SAPATO,NACIONAL,COURO,CALCADOS,MOCASSIM,TIPTOPV26,10/27/2025,1
242 - UK - RECIFE 4 - 242,2 02 18 008747,TENIS COURO GRID V26,2,"145,8",598,"72,9",299,299,299,VISPATE CALCADOS LTDA,VISPATE,UNCLE K,VERAO 2026,CALCADOS,TENIS,NACIONAL,COURO,CALCADOS,TENIS,GRIDV26,3/3/2026,1
240 - UK - RECIFE 3 - 240,2 02 18 008747,TENIS COURO GRID V26,1,"72,9",299,"72,9",299,299,299,VISPATE CALCADOS LTDA,VISPATE,UNCLE K,VERAO 2026,CALCADOS,TENIS,NACIONAL,COURO,CALCADOS,TENIS,GRIDV26,3/5/2026,1
226 - UK - RECIFE - 226,2 02 15 008755,SANDALIA NEOPRENE TRIANON V26,2,244,798,122,399,399,399,CONFORTARIA COMERCIO DE CALCADOS LTDA.,CALCADOS NATORE,UNCLE K,VERAO 2026,CALCADOS,SANDALIA,NACIONAL,NEOPRENE,CALCADOS,SANDALIA SALTO,TRIANONV26,3/11/2026,1
240 - UK - RECIFE 3 - 240,2 02 15 008755,SANDALIA NEOPRENE TRIANON V26,4,488,1596,122,399,399,399,CONFORTARIA COMERCIO DE CALCADOS LTDA.,CALCADOS NATORE,UNCLE K,VERAO 2026,CALCADOS,SANDALIA,NACIONAL,NEOPRENE,CALCADOS,SANDALIA SALTO,TRIANONV26,1/26/2026,1
238 - UK - RECIFE 2 - 238,2 02 15 008755,SANDALIA NEOPRENE TRIANON V26,1,122,399,122,399,399,399,CONFORTARIA COMERCIO DE CALCADOS LTDA.,CALCADOS NATORE,UNCLE K,VERAO 2026,CALCADOS,SANDALIA,NACIONAL,NEOPRENE,CALCADOS,SANDALIA SALTO,TRIANONV26,3/13/2026,1
226 - UK - RECIFE - 226,2 02 15 008755,SANDALIA NEOPRENE TRIANON V26,5,610,1995,122,399,399,399,CONFORTARIA COMERCIO DE CALCADOS LTDA.,CALCADOS NATORE,UNCLE K,VERAO 2026,CALCADOS,SANDALIA,NACIONAL,NEOPRENE,CALCADOS,SANDALIA SALTO,TRIANONV26,1/31/2026,1
242 - UK - RECIFE 4 - 242,2 02 15 008755,SANDALIA NEOPRENE TRIANON V26,1,122,399,122,399,399,399,CONFORTARIA COMERCIO DE CALCADOS LTDA.,CALCADOS NATORE,UNCLE K,VERAO 2026,CALCADOS,SANDALIA,NACIONAL,NEOPRENE,CALCADOS,SANDALIA SALTO,TRIANONV26,3/16/2026,1
240 - UK - RECIFE 3 - 240,2 03 11 008845,MOCHILA NY SOFT 61406 V26,1,94,379,94,379,379,379,VITOR ABREU COMERCIO DE BIJUTERIAS LTDA,VITOR ABREU,UNCLE K,VERAO 2026,MOCHILAS,MOCHILA NYLON,IMPORTADO,NYLON SOFT,MOCHILAS/MALAS,MOCHILA,61406V26,1/30/2026,1
240 - UK - RECIFE 3 - 240,2 03 11 008845,MOCHILA NY SOFT 61406 V26,3,282,1137,94,379,379,379,VITOR ABREU COMERCIO DE BIJUTERIAS LTDA,VITOR ABREU,UNCLE K,VERAO 2026,MOCHILAS,MOCHILA NYLON,IMPORTADO,NYLON SOFT,MOCHILAS/MALAS,MOCHILA,61406V26,3/13/2026,1
226 - UK - RECIFE - 226,2 01 04 008840,BOLSA NY SOFT 61407 V26,3,"259,5",1047,"86,5",349,349,349,VITOR ABREU COMERCIO DE BIJUTERIAS LTDA,VITOR ABREU,UNCLE K,VERAO 2026,BOLSAS,BOLSA NYLON,IMPORTADO,NYLON SOFT,BOLSAS NYLON IMPORTADO,BOLSA MULTIUSO,61407V26,1/12/2026,1
242 - UK - RECIFE 4 - 242,2 01 04 008839,BOLSA NY SOFT 61404 V26,1,"72,5",299,"72,5",299,299,299,VITOR ABREU COMERCIO DE BIJUTERIAS LTDA,VITOR ABREU,UNCLE K,VERAO 2026,BOLSAS,BOLSA NYLON,IMPORTADO,NYLON SOFT,BOLSAS NYLON IMPORTADO,BOLSA MULTIUSO,61404V26,3/10/2026,1
240 - UK - RECIFE 3 - 240,2 01 04 008789,BOLSA NY BNT 61042 V26,3,315,1107,105,369,369,369,TOVA EQUIPAMENTOS E ACESSORIOS LTDA,,UNCLE K,VERAO 2026,BOLSAS,BOLSA NYLON,IMPORTADO,NYLON BNT,BOLSAS NYLON IMPORTADO,BOLSA TRANSPASSE,61042V26,12/10/2025,1
226 - UK - RECIFE - 226,2 01 04 008800,BOLSA NY SOFT 61354 V26,1,130,469,130,469,469,469,TOVA EQUIPAMENTOS E ACESSORIOS LTDA,,UNCLE K,VERAO 2026,BOLSAS,BOLSA NYLON,IMPORTADO,NYLON SOFT,BOLSAS NYLON IMPORTADO,BOLSA MULTIUSO,61354V26,12/17/2025,1
242 - UK - RECIFE 4 - 242,2 01 04 008800,BOLSA NY SOFT 61354 V26,1,130,469,130,469,469,469,TOVA EQUIPAMENTOS E ACESSORIOS LTDA,,UNCLE K,VERAO 2026,BOLSAS,BOLSA NYLON,IMPORTADO,NYLON SOFT,BOLSAS NYLON IMPORTADO,BOLSA MULTIUSO,61354V26,12/16/2025,1
238 - UK - RECIFE 2 - 238,2 01 04 008799,BOLSA KING RUBBER 61233 V26,1,105,369,105,369,369,369,TOVA EQUIPAMENTOS E ACESSORIOS LTDA,,UNCLE K,VERAO 2026,BOLSAS,BOLSA NYLON,IMPORTADO,KING RUBBER,BOLSAS NYLON IMPORTADO,BOLSA TRANSPASSE,61233V26,1/29/2026,1
226 - UK - RECIFE - 226,2 01 04 008799,BOLSA KING RUBBER 61233 V26,3,315,1107,105,369,369,369,TOVA EQUIPAMENTOS E ACESSORIOS LTDA,,UNCLE K,VERAO 2026,BOLSAS,BOLSA NYLON,IMPORTADO,KING RUBBER,BOLSAS NYLON IMPORTADO,BOLSA TRANSPASSE,61233V26,1/5/2026,1
240 - UK - RECIFE 3 - 240,2 01 04 008798,BOLSA KING RUBBER 61040 V26,4,500,1756,125,439,439,439,TOVA EQUIPAMENTOS E ACESSORIOS LTDA,,UNCLE K,VERAO 2026,BOLSAS,BOLSA NYLON,IMPORTADO,KING RUBBER,BOLSAS NYLON IMPORTADO,BOLSA MULTIUSO,61040KRV26,1/6/2026,1
240 - UK - RECIFE 3 - 240,2 03 11 008815,MOCHILA KING RUBBER 61049 V26,4,692,2676,173,669,669,669,TOVA EQUIPAMENTOS E ACESSORIOS LTDA,,UNCLE K,VERAO 2026,MOCHILAS,MOCHILA NYLON,IMPORTADO,KING RUBBER,MOCHILAS/MALAS,MOCHILA,61049V26,1/6/2026,1
242 - UK - RECIFE 4 - 242,2 03 11 008815,MOCHILA KING RUBBER 61049 V26,2,346,1338,173,669,669,669,TOVA EQUIPAMENTOS E ACESSORIOS LTDA,,UNCLE K,VERAO 2026,MOCHILAS,MOCHILA NYLON,IMPORTADO,KING RUBBER,MOCHILAS/MALAS,MOCHILA,61049V26,1/6/2026,1
242 - UK - RECIFE 4 - 242,2 03 11 008813,MOCHILA NY BNT 61151 V26,1,135,539,135,539,539,539,TOVA EQUIPAMENTOS E ACESSORIOS LTDA,,UNCLE K,VERAO 2026,MOCHILAS,MOCHILA NYLON,IMPORTADO,NYLON BNT,MOCHILAS/MALAS,MOCHILA,61151V26,1/23/2026,1
242 - UK - RECIFE 4 - 242,2 01 04 008796,BOLSA NY SOFT 61240 V26,2,290,998,145,499,499,499,TOVA EQUIPAMENTOS E ACESSORIOS LTDA,,UNCLE K,VERAO 2026,BOLSAS,BOLSA NYLON,IMPORTADO,NYLON SOFT,BOLSAS NYLON IMPORTADO,BOLSA MULTIUSO,61240V26,12/16/2025,1
226 - UK - RECIFE - 226,2 04 01 008902,GUARDA CHUVA NYLON BORDA P  I26,5,"334,5",895,"66,9",179,179,179,A.G. COMERCIO DE PRESENTES LTDA,LONDON GUARDA CHUVAS,UNCLE K,INVERNO 2026,ACESSORIOS,ACESSORIOS,NACIONAL,NYLON,ACESSORIOS,GUARDA-CHUVA,BORDAI26,3/2/2026,1
226 - UK - RECIFE - 226,2 03 11 008812,MOCHILA NY BNT BIG BUK V26,2,290,1178,145,589,589,589,LOPE DIGITAL COMMERCE,LOPE DIGITAL COMMERCE,UNCLE K,VERAO 2026,MOCHILAS,MOCHILA NYLON,IMPORTADO,NYLON BNT,MOCHILAS BASICAS,MOCHILA,BIGBUKBNTV26,3/18/2026,1
226 - UK - RECIFE - 226,2 03 11 008811,MOCHILA NY BNT BUK V26,2,280,1098,140,549,549,549,LOPE DIGITAL COMMERCE,LOPE DIGITAL COMMERCE,UNCLE K,VERAO 2026,MOCHILAS,MOCHILA NYLON,IMPORTADO,NYLON BNT,MOCHILAS BASICAS,MOCHILA,BUKBNTV26,12/17/2025,1